主题码,主题名,n_国内,n_国外,F_AB,C_AB,H_AB,S_AB,F_J,C_J,H_J,g_A,g_B,G_AB,p_A初期,p_A末期,p_B初期,p_B末期,Δp_A,Δp_B,T_AB,M_AB,K_B,A_B,V_B,R_AB,标记,问题相似度,风险排名
A01B5,农业耕作机具,1,0,0.0,0.0,1.0,0.3333333333333333,0.0,0.0,1.0,-4.288710451830871e-17,0.0,0.5,0.0,0.0,0.0,0.0,0.0,0.0,0.5,0.5,0.0,,,,样本不足;未达标;无高价值专利,,
A01N63,微生物及酶处理,0,1,0.0,0.0,1.0,0.3333333333333333,0.0,0.0,1.0,0.0,-4.288710451830871e-17,0.5,0.0,0.0,0.0,0.0,0.0,0.0,0.5,0.5,1.0,0.0,1.0,0.25,样本不足;未达标,,45.0
A42B1,帽子头饰,0,1,0.0,0.0,1.0,0.3333333333333333,0.0,0.0,1.0,0.0,0.1584336412708446,0.5785605957536449,0.0,0.0,0.0,0.0,0.0,0.0,0.5,0.5392802978768225,1.0,,,,样本不足;未达标;无高价值专利,,
A61B1,内窥镜检查,0,2,0.0,0.0,1.0,0.3333333333333333,0.0,0.0,1.0,0.0,0.2511113802669965,0.6229815458180177,0.0,0.0,0.0,0.0,0.0,0.0,0.5,0.5614907729090088,1.0,0.0,1.0,0.26024846215150144,样本不足;未达标,,33.0
A61B10,采样及活体检查,2,4,0.5252884030342102,0.4869689345359802,0.5191756784915924,0.5104776720205942,0.0,0.0,1.0,0.28250030280037103,0.3876757280009355,0.5523946606137521,0.0,0.0,0.0,0.0,0.0,0.0,0.5,0.5261973303068761,0.75,,,,样本不足;未达标;无高价值专利,,
A61B13,心理检查器械,0,1,0.0,0.0,1.0,0.3333333333333333,0.0,0.0,1.0,0.0,0.1584336412708446,0.5785605957536449,0.0,0.0,0.0,0.0,0.0,0.0,0.5,0.5392802978768225,1.0,0.0,1.0,0.25654671631280374,样本不足;未达标,,37.0
A61B17,外科器械,1,1,0.3872140944004059,0.3021566867828369,0.6422716379165649,0.44388080636660254,0.0,0.0,1.0,0.09902102579427785,0.09902102579427792,0.5,0.0,0.0,0.0,0.0,0.0,0.0,0.5,0.5,0.9841269841269841,0.0,0.9920634920634921,0.3311491730036559,样本不足;未达标,,18.0
A61B18,外科电热器械,0,6,0.0,0.0,1.0,0.3333333333333333,0.0,0.0,1.0,0.0,0.4513707523863049,0.7115125567207832,0.0,0.0,0.0,0.0,0.0,0.0,0.5,0.6057562783603916,1.0,0.0,1.0,0.2676260463933986,样本不足;未达标,,22.0
A61B19,手术辅助器械,0,2,0.0,0.0,1.0,0.3333333333333333,0.0,0.0,1.0,0.0,0.26269609764151547,0.6284077749931872,0.0,0.0,0.0,0.0,0.0,0.0,0.5,0.5642038874965936,1.0,0.0,1.0,0.2607006479160989,样本不足;未达标,,31.0
A61B3,眼科诊断器械,0,9,0.0,0.0,1.0,0.3333333333333333,0.0,0.0,1.0,0.0,0.3704253388744996,0.6771818480250752,0.0,0.0,0.0,0.0,0.0,0.0,0.5,0.5885909240125375,1.0,0.0,1.0,0.26476515400208955,样本不足;未达标,,26.0
A61B34,手术导航系统,1,3,0.5748941898345947,0.5542333126068115,0.48727351427078247,0.5388003389040629,0.0,0.0,1.0,0.09902102579427785,0.32359774172205397,0.6104379359454203,0.0,0.0,0.0,0.0,0.0,0.0,0.5,0.5552189679727102,0.9803921568627451,0.0,0.9901960784313726,0.41633507537497894,样本不足;未达标,,7.0
A61B5,身体诊断测量,307,814,0.7616274356842041,0.7950596809387207,0.2706703543663025,0.6091191569964091,0.039280958721704395,0.07640232108317214,0.9676739283204497,1.175052051667515,0.5811437227525803,0.2336496521750212,0.0,0.0,0.08241758241758242,0.39473684210526316,0.0,0.31231925968768076,0.651272770924095,0.4424612115495581,0.925547071932196,0.029850746268656716,0.9478481628317696,0.4234320370436796,未达标,,5.0
A61B50,手术器械容器,0,2,0.0,0.0,1.0,0.3333333333333333,0.0,0.0,1.0,0.0,0.21635722814343952,0.6065216689022989,0.0,0.0,0.0,0.0,0.0,0.0,0.5,0.5532608344511494,1.0,,,,样本不足;未达标;无高价值专利,,
A61B6,放射诊断设备,0,5,0.0,0.0,1.0,0.3333333333333333,0.0,0.0,1.0,0.0,0.43572475673424543,0.7050472220601718,0.0,0.0,0.0,0.0,0.0,0.0,0.5,0.6025236110300859,1.0,0.0,1.0,0.2670872685050143,样本不足;未达标,,23.0
A61B7,听诊器具,0,1,0.0,0.0,1.0,0.3333333333333333,0.0,0.0,1.0,0.0,0.17823784642970017,0.5881870317622027,0.0,0.0,0.0,0.0,0.0,0.0,0.5,0.5440935158811013,1.0,,,,样本不足;未达标;无高价值专利,,
A61B8,超声诊断,0,1,0.0,0.0,1.0,0.3333333333333333,0.0,0.0,1.0,0.0,0.09902102579427785,0.5493493254963752,0.0,0.0,0.0,0.0,0.0,0.0,0.5,0.5246746627481875,1.0,,,,样本不足;未达标;无高价值专利,,
A61B90,手术辅助配件,2,2,0.685092568397522,0.6748257875442505,0.17730259895324707,0.5124069849650065,0.06666666666666667,0.0,0.8,0.15694461266687276,0.21635722814343952,0.529671403994872,0.0,0.0,0.0,0.0,0.0,0.0,0.5,0.514835701997436,0.5,,,,样本不足;未达标;无高价值专利,,
A61F11,耳科治疗器具,0,4,0.0,0.0,1.0,0.3333333333333333,0.0,0.0,1.0,0.0,0.3742470528796289,0.6788504838608003,0.0,0.0,0.0,0.0,0.0,0.0,0.5,0.5894252419304001,1.0,0.0,1.0,0.2649042069884,样本不足;未达标,,25.0
A61F2,植入假体,1,5,0.4310886263847351,0.6166777610778809,0.5747368335723877,0.5408344070116679,0.0,0.0,1.0,0.09902102579427785,0.20072966613252904,0.5506796860724854,0.0,0.0,0.0,0.0,0.0,0.0,0.5,0.5253398430362427,0.9959839357429718,0.0,0.9979919678714859,0.4119351283171458,样本不足;未达标,,8.0
A61F4,辅助行走器具,0,1,0.0,0.0,1.0,0.3333333333333333,0.0,0.0,1.0,0.0,0.1584336412708446,0.5785605957536449,0.0,0.0,0.0,0.0,0.0,0.0,0.5,0.5392802978768225,1.0,,,,样本不足;未达标;无高价值专利,,
A61F7,热疗冷疗器具,0,1,0.0,0.0,1.0,0.3333333333333333,0.0,0.0,1.0,0.0,0.17823784642970017,0.5881870317622027,0.0,0.0,0.0,0.0,0.0,0.0,0.5,0.5440935158811013,1.0,,,,样本不足;未达标;无高价值专利,,
A61G5,轮椅及移动,1,2,0.511396050453186,0.5393880605697632,0.18817436695098877,0.41298615932464594,0.0,0.0,1.0,0.09902102579427785,0.15694461266687276,0.5289294465379358,0.0,0.0,0.0,0.0,0.0,0.0,0.5,0.5144647232689679,0.6666666666666666,,,,样本不足;未达标;无高价值专利,,
A61H1,物理康复器械,0,2,0.0,0.0,1.0,0.3333333333333333,0.0,0.0,1.0,0.0,0.2511113802669965,0.6229815458180177,0.0,0.0,0.0,0.0,0.0,0.0,0.5,0.5614907729090088,1.0,,,,样本不足;未达标;无高价值专利,,
A61H15,按摩滚轮,0,1,0.0,0.0,1.0,0.3333333333333333,0.0,0.0,1.0,0.0,0.1584336412708446,0.5785605957536449,0.0,0.0,0.0,0.0,0.0,0.0,0.5,0.5392802978768225,1.0,,,,样本不足;未达标;无高价值专利,,
A61H23,振动按摩器,0,2,0.0,0.0,1.0,0.3333333333333333,0.0,0.0,1.0,0.0,0.2709155854258521,0.6322382918337158,0.0,0.0,0.0,0.0,0.0,0.0,0.5,0.566119145916858,1.0,0.0,1.0,0.26101985765280966,样本不足;未达标,,30.0
A61H3,助行器具,0,1,0.0,0.0,1.0,0.3333333333333333,0.0,0.0,1.0,0.0,0.09902102579427785,0.5493493254963752,0.0,0.0,0.0,0.0,0.0,0.0,0.5,0.5246746627481875,1.0,,,,样本不足;未达标;无高价值专利,,
A61H99,理疗其他器械,0,1,0.0,0.0,1.0,0.3333333333333333,0.0,0.0,1.0,0.0,0.09902102579427785,0.5493493254963752,0.0,0.0,0.0,0.0,0.0,0.0,0.5,0.5246746627481875,1.0,,,,样本不足;未达标;无高价值专利,,
A61K31,有机药物制剂,0,1,0.0,0.0,1.0,0.3333333333333333,0.0,0.0,1.0,0.0,0.09902102579427792,0.5493493254963753,0.0,0.0,0.0,0.0,0.0,0.0,0.5,0.5246746627481876,1.0,,,,样本不足;未达标;无高价值专利,,
A61M16,呼吸通气装置,0,1,0.0,0.0,1.0,0.3333333333333333,0.0,0.0,1.0,0.0,0.09902102579427792,0.5493493254963753,0.0,0.0,0.0,0.0,0.0,0.0,0.5,0.5246746627481876,1.0,0.0,1.0,0.25411244379136455,样本不足;未达标,,42.0
A61M21,精神治疗装置,14,26,0.646164059638977,0.6458961963653564,0.3664088249206543,0.5528230269749959,0.0,0.04081632653061224,1.0,0.5404436975198631,0.703630041712731,0.5808765351964197,0.0,0.0,0.0,0.0,0.0,0.0,0.5,0.5404382675982098,0.7737226277372263,0.0,0.8868613138686132,0.3945220375133169,,,11.0
A61M27,引流装置,0,1,0.0,0.0,1.0,0.3333333333333333,0.0,0.0,1.0,0.0,0.1584336412708446,0.5785605957536449,0.0,0.0,0.0,0.0,0.0,0.0,0.5,0.5392802978768225,1.0,,,,样本不足;未达标;无高价值专利,,
A61M31,体腔给药器,1,0,0.0,0.0,1.0,0.3333333333333333,0.0,0.0,1.0,0.17823784642970017,0.0,0.41181296823779734,0.0,0.0,0.0,0.0,0.0,0.0,0.5,0.45590648411889867,0.0,,,,样本不足;未达标;无高价值专利,,
A61M37,药物导入装置,0,2,0.0,0.0,1.0,0.3333333333333333,0.0,0.0,1.0,0.0,0.2511113802669965,0.6229815458180177,0.0,0.0,0.0,0.0,0.0,0.0,0.5,0.5614907729090088,1.0,0.0,1.0,0.26024846215150144,样本不足;未达标,,32.0
A61M5,注射器械,1,1,0.5023646354675293,0.7027057409286499,0.4911946654319763,0.5654216806093851,0.0,0.0,1.0,0.17823784642970017,0.17823784642970017,0.5,0.0,0.0,0.0,0.0,0.0,0.0,0.5,0.5,0.9090909090909091,,,,样本不足;未达标;无高价值专利,,
A61N1,电疗器械,84,657,0.7492566108703613,0.7753615379333496,0.29405057430267334,0.606222907702128,0.020871700429711478,0.029900332225913623,0.9792207792207792,0.9701568190315927,0.5641867204749781,0.3074772056295466,0.0,0.0,0.027472527472527472,0.0,0.0,-0.027472527472527472,0.48626719098893073,0.3968721983092387,0.9886160998598904,0.011363636363636364,0.988626231748127,0.4199604434430549,未达标,,6.0
A61N2,磁疗器械,4,20,0.6166909337043762,0.6284937858581543,0.4140843152999878,0.5530896782875061,0.0,0.0,1.0,0.2893323172528667,0.6099435630924238,0.6550297542158668,0.0,0.0,0.0,0.0,0.0,0.0,0.5,0.5775148771079335,0.9541984732824428,0.0,0.9770992366412214,0.42992051001736825,,,2.0
A61N5,放射治疗,1,8,0.6695383787155151,0.515390157699585,0.3967016935348511,0.5272100766499836,0.043478260869565216,0.0,1.0,0.09902102579427785,0.29340740512868096,0.5959872310546415,0.0,0.0,0.005494505494505495,0.0,0.0,-0.005494505494505495,0.49725277489855857,0.5466200029766,0.9963369963369964,0.0,0.9981684981684982,0.40721403204836026,样本不足,,9.0
A61N7,超声治疗,0,6,0.0,0.0,1.0,0.3333333333333333,0.0,0.0,1.0,0.0,0.47117495754516053,0.7195740848296363,0.0,0.0,0.0,0.0,0.0,0.0,0.5,0.6097870424148182,1.0,0.0,1.0,0.2682978404024697,样本不足;未达标,,21.0
A63B22,健身训练器械,0,2,0.0,0.0,1.0,0.3333333333333333,0.0,0.0,1.0,0.0,0.15694461266687276,0.5778342919397081,0.0,0.0,0.0,0.0,0.0,0.0,0.5,0.5389171459698541,1.0,,,,样本不足;未达标;无高价值专利,,
A63B71,运动辅助用品,0,1,0.0,0.0,1.0,0.3333333333333333,0.0,0.0,1.0,0.0,0.1584336412708446,0.5785605957536449,0.0,0.0,0.0,0.0,0.0,0.0,0.5,0.5392802978768225,1.0,,,,样本不足;未达标;无高价值专利,,
A63F13,视频游戏,1,2,0.5150381922721863,0.4157024025917053,1.0,0.6435801982879639,0.0,0.0,1.0,0.1584336412708446,0.15694461266687276,0.4992554862482609,0.0,0.0,0.0,0.0,0.0,0.0,0.5,0.49962774312413044,0.75,,,,样本不足;未达标;无高价值专利,,
A63F9,桌面游戏,0,1,0.0,0.0,1.0,0.3333333333333333,0.0,0.0,1.0,0.0,0.1584336412708446,0.5785605957536449,0.0,0.0,0.0,0.0,0.0,0.0,0.5,0.5392802978768225,1.0,0.0,1.0,0.25654671631280374,样本不足;未达标,,40.0
A66N1,未知分类,0,1,0.0,0.0,1.0,0.3333333333333333,0.0,0.0,1.0,0.0,0.09902102579427792,0.5493493254963753,0.0,0.0,0.0,0.0,0.0,0.0,0.5,0.5246746627481876,1.0,0.0,1.0,0.25411244379136455,样本不足;未达标,,41.0
B25J13,机械手控制,1,0,0.0,0.0,1.0,0.3333333333333333,0.0,0.0,1.0,0.1584336412708446,0.0,0.4214394042463551,0.0,0.0,0.0,0.0,0.0,0.0,0.5,0.4607197021231776,0.0,,,,样本不足;未达标;无高价值专利,,
B29L31,塑料制品,0,1,0.0,0.0,1.0,0.3333333333333333,0.0,0.0,1.0,0.0,0.1584336412708446,0.5785605957536449,0.0,0.0,0.0,0.0,0.0,0.0,0.5,0.5392802978768225,1.0,,,,样本不足;未达标;无高价值专利,,
B60K35,车辆仪表显示,0,1,0.0,0.0,1.0,0.3333333333333333,0.0,0.0,1.0,0.0,0.17823784642970017,0.5881870317622027,0.0,0.0,0.0,0.0,0.0,0.0,0.5,0.5440935158811013,1.0,,,,样本不足;未达标;无高价值专利,,
B60Q1,车辆信号装置,0,1,0.0,0.0,1.0,0.3333333333333333,0.0,0.0,1.0,0.0,0.1584336412708446,0.5785605957536449,0.0,0.0,0.0,0.0,0.0,0.0,0.5,0.5392802978768225,1.0,,,,样本不足;未达标;无高价值专利,,
B60W20,混合动力控制,0,1,0.0,0.0,1.0,0.3333333333333333,0.0,0.0,1.0,0.0,0.09902102579427785,0.5493493254963752,0.0,0.0,0.0,0.0,0.0,0.0,0.5,0.5246746627481875,1.0,,,,样本不足;未达标;无高价值专利,,
B60W50,车辆控制诊断,0,3,0.0,0.0,1.0,0.3333333333333333,0.0,0.0,1.0,0.0,0.3168672825416892,0.6533357805404173,0.0,0.0,0.0,0.0,0.0,0.0,0.5,0.5766678902702087,1.0,,,,样本不足;未达标;无高价值专利,,
B64C39,飞行器结构,0,1,0.0,0.0,1.0,0.3333333333333333,0.0,0.0,1.0,0.0,0.1584336412708446,0.5785605957536449,0.0,0.0,0.0,0.0,0.0,0.0,0.5,0.5392802978768225,1.0,,,,样本不足;未达标;无高价值专利,,
B81B7,微机械系统,1,0,0.0,0.0,1.0,0.3333333333333333,0.0,0.0,1.0,0.17823784642970017,0.0,0.41181296823779734,0.0,0.0,0.0,0.0,0.0,0.0,0.5,0.45590648411889867,0.0,,,,样本不足;未达标;无高价值专利,,
B81C1,微结构制造,3,0,0.0,0.0,1.0,0.3333333333333333,0.0,0.0,1.0,0.2574546670651225,0.0,0.37404337003779076,0.0,0.0,0.0,0.0,0.0,0.0,0.5,0.4370216850188954,0.0,,,,样本不足;未达标;无高价值专利,,
C12M3,组织培养装置,1,0,0.0,0.0,1.0,0.3333333333333333,0.0,0.0,1.0,0.09902102579427785,0.0,0.4506506745036248,0.0,0.0,0.0,0.0,0.0,0.0,0.5,0.47532533725181236,0.0,,,,样本不足;未达标;无高价值专利,,
C12N5,动物细胞培养,0,1,0.0,0.0,1.0,0.3333333333333333,0.0,0.0,1.0,0.0,0.1584336412708446,0.5785605957536449,0.0,0.0,0.0,0.0,0.0,0.0,0.5,0.5392802978768225,1.0,,,,样本不足;未达标;无高价值专利,,
C12P19,糖类生物合成,0,1,0.0,0.0,1.0,0.3333333333333333,0.0,0.0,1.0,0.0,0.1584336412708446,0.5785605957536449,0.0,0.0,0.0,0.0,0.0,0.0,0.5,0.5392802978768225,1.0,,,,样本不足;未达标;无高价值专利,,
G01C21,导航定位测量,1,0,0.0,0.0,1.0,0.3333333333333333,0.0,0.0,1.0,0.09902102579427785,0.0,0.4506506745036248,0.0,0.0,0.0,0.0,0.0,0.0,0.5,0.47532533725181236,0.0,,,,样本不足;未达标;无高价值专利,,
G01N21,光学检测,1,0,0.0,0.0,1.0,0.3333333333333333,0.0,0.0,1.0,0.1584336412708446,0.0,0.4214394042463551,0.0,0.0,0.0,0.0,0.0,0.0,0.5,0.4607197021231776,0.0,,,,样本不足;未达标;无高价值专利,,
G01N27,电化学检测,2,1,0.5057693123817444,0.4957176744937897,0.5910417139530182,0.5308429002761841,0.0,0.0,1.0,0.2361614333022951,0.17823784642970017,0.4710705534620642,0.0,0.0,0.0,0.0,0.0,0.0,0.5,0.48553527673103214,0.06666666666666667,,,,样本不足;未达标;无高价值专利,,
G01N33,生物材料分析,0,2,0.0,0.0,1.0,0.3333333333333333,0.0,0.0,1.0,0.0,0.19169876479042974,0.594692283702177,0.0,0.0,0.0,0.0,0.0,0.0,0.5,0.5473461418510885,1.0,0.0,1.0,0.25789102364184807,样本不足;未达标,,34.0
G01R33,磁共振测量,1,8,0.5235722064971924,0.522438645362854,0.5715548992156982,0.5391885836919148,0.0,0.0,1.0,0.1584336412708446,0.5070770187281471,0.667585936535095,0.0,0.0,0.0,0.0,0.0,0.0,0.5,0.5837929682675476,0.6666666666666666,,,,样本不足;未达标;无高价值专利,,
G02B27,光学元件系统,1,10,0.5383415222167969,0.4906942844390869,0.36886298656463623,0.46596626440683997,0.0,0.0,1.0,0.1584336412708446,0.5940742884234589,0.7050122387303732,0.0,0.0,0.0,0.0,0.0,0.0,0.5,0.6025061193651866,0.9805825242718447,0.0,0.9902912621359223,0.37109492290753404,样本不足;未达标,,15.0
G02B5,光学滤光片,0,1,0.0,0.0,1.0,0.3333333333333333,0.0,0.0,1.0,0.0,0.1584336412708446,0.5785605957536449,0.0,0.0,0.0,0.0,0.0,0.0,0.5,0.5392802978768225,1.0,,,,样本不足;未达标;无高价值专利,,
G03B17,相机结构,0,1,0.0,0.0,1.0,0.3333333333333333,0.0,0.0,1.0,0.0,0.09902102579427792,0.5493493254963753,0.0,0.0,0.0,0.0,0.0,0.0,0.5,0.5246746627481876,1.0,0.0,1.0,0.25411244379136455,样本不足;未达标,,43.0
G05B13,自适应控制,0,1,0.0,0.0,1.0,0.3333333333333333,0.0,0.0,1.0,0.0,0.1584336412708446,0.5785605957536449,0.0,0.0,0.0,0.0,0.0,0.0,0.5,0.5392802978768225,1.0,,,,样本不足;未达标;无高价值专利,,
G05B19,程序控制系统,1,1,0.5687294006347656,0.4643793702125549,0.4224768877029419,0.4851952195167541,0.0,0.0,1.0,0.09902102579427785,0.09902102579427785,0.5,0.0,0.0,0.0,0.0,0.0,0.0,0.5,0.5,0.6666666666666666,,,,样本不足;未达标;无高价值专利,,
G05D23,温度控制,1,0,0.0,0.0,1.0,0.3333333333333333,0.0,0.0,1.0,0.09902102579427785,0.0,0.4506506745036248,0.0,0.0,0.0,0.0,0.0,0.0,0.5,0.47532533725181236,0.0,,,,样本不足;未达标;无高价值专利,,
G06F1,计算机电源,0,1,0.0,0.0,1.0,0.3333333333333333,0.0,0.0,1.0,0.0,0.1584336412708446,0.5785605957536449,0.0,0.0,0.0,0.0,0.0,0.0,0.5,0.5392802978768225,1.0,,,,样本不足;未达标;无高价值专利,,
G06F123,计算机接口,1,0,0.0,0.0,1.0,0.3333333333333333,0.0,0.0,1.0,0.09902102579427785,0.0,0.4506506745036248,0.0,0.0,0.0,0.0,0.0,0.0,0.5,0.47532533725181236,0.0,,,,样本不足;未达标;无高价值专利,,
G06F15,数字计算机,0,2,0.0,0.0,1.0,0.3333333333333333,0.0,0.0,1.0,0.0,0.09267773899615182,0.5462066530252184,0.0,0.0,0.005494505494505495,0.0,0.0,-0.005494505494505495,0.49725277489855857,0.5217297139618885,1.0,0.0,1.0,0.25362161899364805,样本不足;未达标,,44.0
G06F16,信息检索,3,2,0.4955455958843231,0.5016666650772095,0.5292187929153442,0.5088103512922922,0.0,0.0,1.0,0.2922088191886794,0.2511113802669965,0.47946284165406966,0.0,0.0,0.0,0.0,0.0,0.0,0.5,0.4897314208270348,0.2,,,,样本不足;未达标;无高价值专利,,
G06F17,数据处理,2,15,0.6184237003326416,0.664300799369812,0.34677183628082275,0.5431654453277588,0.0,0.1111111111111111,1.0,0.26269609764151547,0.6476062169628556,0.6834820064620534,0.0,0.0,0.0,0.02631578947368421,0.0,0.02631578947368421,0.5131548582061607,0.5983184323341071,0.956140350877193,0.0,0.9780701754385965,0.42811991007523315,样本不足,,4.0
G06F18,模式识别,26,6,0.5949232578277588,0.6720196008682251,0.4363393783569336,0.5677607456843058,0.0,0.03333333333333333,1.0,0.565000605600742,0.3968123951038925,0.416689955373177,0.0,0.0,0.0,0.0,0.0,0.0,0.5,0.4583449776865885,0.08641975308641975,,,,未达标;无高价值专利,,
G06F19,医疗信息处理,5,7,0.5804024934768677,0.5357400178909302,0.4932924509048462,0.536478320757548,0.0,0.0,1.0,0.4177645093221777,0.4912899463249744,0.5366966151445454,0.0,0.0,0.0,0.02631578947368421,0.0,0.02631578947368421,0.5131548582061607,0.524925736675353,0.7423728813559322,0.0,0.8711864406779661,0.3744919582478363,未达标,,14.0
G06F21,安全防护,1,5,0.5097203850746155,0.4987403154373169,0.463525652885437,0.4906621177991231,0.0,0.0,1.0,0.09902102579427785,0.4055021769014497,0.6486162467589098,0.0,0.0,0.0,0.0,0.0,0.0,0.5,0.5743081233794549,0.875,,,,样本不足;未达标;无高价值专利,,
G06F3,输入输出装置,84,192,0.7533369064331055,0.7372661828994751,0.26963305473327637,0.5867453813552856,0.03465982028241335,0.06422018348623854,0.963963963963964,0.9778464871513954,0.9658412027293275,0.4939976461529877,0.0,0.0,0.0,0.0,0.0,0.0,0.5,0.49699882307649385,0.5775792038992689,0.3333333333333333,0.6221229352829678,0.3283197614458101,未达标,,19.0
G06F30,计算机辅助设计,1,0,0.0,0.0,1.0,0.3333333333333333,0.0,0.0,1.0,0.09902102579427785,0.0,0.4506506745036248,0.0,0.0,0.0,0.0,0.0,0.0,0.5,0.47532533725181236,0.0,,,,样本不足;未达标;无高价值专利,,
G06F9,程序控制,1,1,0.5059263706207275,0.4028235077857971,0.6016589403152466,0.5034696062405903,0.0,0.0,1.0,0.09902102579427785,0.1584336412708446,0.529671403994872,0.0,0.0,0.0,0.0,0.0,0.0,0.5,0.514835701997436,0.8571428571428571,,,,样本不足;未达标;无高价值专利,,
G06G7,模拟计算机,0,1,0.0,0.0,1.0,0.3333333333333333,0.0,0.0,1.0,0.0,0.1584336412708446,0.5785605957536449,0.0,0.0,0.0,0.0,0.0,0.0,0.5,0.5392802978768225,1.0,,,,样本不足;未达标;无高价值专利,,
G06K11,数据识别,0,2,0.0,0.0,1.0,0.3333333333333333,0.0,0.0,1.0,0.0,0.21635722814343952,0.6065216689022989,0.0,0.0,0.0,0.0,0.0,0.0,0.5,0.5532608344511494,1.0,,,,样本不足;未达标;无高价值专利,,
G06K9,图像识别,31,17,0.6082233190536499,0.647011399269104,0.3953073024749756,0.5501806735992432,0.005405405405405406,0.04081632653061224,0.9859154929577465,0.7798558301323862,0.7185349542567339,0.4693779346490621,0.0,0.0,0.0,0.0,0.0,0.0,0.5,0.48468896732453104,0.28820960698689957,0.0,0.6441048034934498,0.31052025859163324,,,20.0
G06N20,机器学习,1,4,0.5271953344345093,0.4978822469711303,0.5294731557369232,0.5181835790475209,0.0,0.0,1.0,0.09902102579427785,0.3240864693764237,0.610670353094581,0.0,0.0,0.0,0.0,0.0,0.0,0.5,0.5553351765472905,0.875,,,,样本不足;未达标;无高价值专利,,
G06N3,神经网络,11,21,0.6483262777328491,0.6421566009521484,0.4421904683113098,0.5775577823321024,0.016260162601626018,0.021739130434782608,1.0,0.4491534318555522,0.6471113738624767,0.5977060130697569,0.0,0.0,0.0,0.0,0.0,0.0,0.5,0.5488530065348785,0.7692307692307693,,,,无高价值专利,,
G06N5,知识推理,3,4,0.567297101020813,0.5951420068740845,0.5131587386131287,0.5585326155026753,0.0,0.0,1.0,0.1980420515885557,0.3883533430471446,0.5940232535832743,0.0,0.0,0.0,0.0,0.0,0.0,0.5,0.5470116267916372,0.9,,,,未达标;无高价值专利,,
G06N99,人工智能其他,0,1,0.0,0.0,1.0,0.3333333333333333,0.0,0.0,1.0,0.0,0.09902102579427785,0.5493493254963752,0.0,0.0,0.0,0.0,0.0,0.0,0.5,0.5246746627481875,1.0,,,,样本不足;未达标;无高价值专利,,
G06Q10,管理资源系统,3,3,0.7767337560653687,0.7236705422401428,0.14424753189086914,0.5482172767321268,0.21739130434782608,0.2,0.5,0.3168672825416892,0.3168672825416892,0.5,0.0,0.0,0.0,0.0,0.0,0.0,0.5,0.5,0.8944099378881988,0.0,0.9472049689440993,0.3966913834738682,未达标,,10.0
G06Q30,商业交易系统,11,28,0.6320054531097412,0.7147176265716553,0.38166922330856323,0.5761307676633198,0.0078125,0.05084745762711865,0.9574468085106383,0.5283702524909745,0.776456424905383,0.6215593972984373,0.0,0.0,0.0,0.2631578947368421,0.0,0.2631578947368421,0.628623419215673,0.6250914082570551,0.920314253647587,0.0,0.9601571268237935,0.45665522772664124,,,1.0
G06Q50,行业管理系统,0,2,0.0,0.0,1.0,0.3333333333333333,0.0,0.0,1.0,0.0,0.2511113802669965,0.6229815458180177,0.0,0.0,0.0,0.0,0.0,0.0,0.5,0.5614907729090088,1.0,,,,样本不足;未达标;无高价值专利,,
G06Q99,商业其他系统,0,1,0.0,0.0,1.0,0.3333333333333333,0.0,0.0,1.0,0.0,0.17823784642970017,0.5881870317622027,0.0,0.0,0.0,0.0,0.0,0.0,0.5,0.5440935158811013,1.0,0.0,1.0,0.2573489193135169,样本不足;未达标,,36.0
G06T1,图像处理基础,0,1,0.0,0.0,1.0,0.3333333333333333,0.0,0.0,1.0,0.0,0.1584336412708446,0.5785605957536449,0.0,0.0,0.0,0.0,0.0,0.0,0.5,0.5392802978768225,1.0,,,,样本不足;未达标;无高价值专利,,
G06T11,图像生成,7,1,0.5760077238082886,0.4909958839416504,0.6252650022506714,0.5640895366668701,0.0,0.0,1.0,0.41588830833596707,0.09902102579427785,0.34666421945958265,0.0,0.0,0.0,0.0,0.0,0.0,0.5,0.4233321097297913,0.047619047619047616,,,,样本不足;未达标;无高价值专利,,
G06T12,图像变换,1,0,0.0,0.0,1.0,0.3333333333333333,0.0,0.0,1.0,0.09902102579427785,0.0,0.4506506745036248,0.0,0.0,0.0,0.0,0.0,0.0,0.5,0.47532533725181236,0.0,,,,样本不足;未达标;无高价值专利,,
G06T13,动画制作,0,1,0.0,0.0,1.0,0.3333333333333333,0.0,0.0,1.0,0.0,0.1584336412708446,0.5785605957536449,0.0,0.0,0.0,0.0,0.0,0.0,0.5,0.5392802978768225,1.0,,,,样本不足;未达标;无高价值专利,,
G06T15,三维渲染,0,1,0.0,0.0,1.0,0.3333333333333333,0.0,0.0,1.0,0.0,0.1584336412708446,0.5785605957536449,0.0,0.0,0.0,0.0,0.0,0.0,0.5,0.5392802978768225,1.0,,,,样本不足;未达标;无高价值专利,,
G06T17,三维建模,1,2,0.5222286581993103,0.2943173050880432,0.4549121856689453,0.4238193829854329,0.0,0.0,1.0,0.1584336412708446,0.15694461266687276,0.4992554862482609,0.0,0.0,0.0,0.0,0.0,0.0,0.5,0.49962774312413044,0.6666666666666666,,,,样本不足;未达标;无高价值专利,,
G06T19,增强现实,0,4,0.0,0.0,1.0,0.3333333333333333,0.0,0.0,1.0,0.0,0.2893323172528667,0.6407600809048851,0.0,0.0,0.0,0.0,0.0,0.0,0.5,0.5703800404524426,1.0,,,,样本不足;未达标;无高价值专利,,
G06T7,图像分析,10,7,0.5413545370101929,0.629702091217041,0.44230198860168457,0.5377862056096394,0.0,0.0,1.0,0.4811859036546134,0.514909334130245,0.5168553260379999,0.0,0.0,0.0,0.0,0.0,0.0,0.5,0.5084276630189999,0.5102040816326531,,,,未达标;无高价值专利,,
G06V10,图像特征提取,7,4,0.586685061454773,0.6317133903503418,0.4933869242668152,0.5705951253573099,0.0,0.1111111111111111,1.0,0.2970630773828335,0.3240864693764237,0.5135084079234853,0.0,0.0,0.0,0.0,0.0,0.0,0.5,0.5067542039617426,0.09302325581395349,,,,未达标;无高价值专利,,
G06V20,场景理解,1,0,0.0,0.0,1.0,0.3333333333333333,0.0,0.0,1.0,0.09902102579427785,0.0,0.4506506745036248,0.0,0.0,0.0,0.0,0.0,0.0,0.5,0.47532533725181236,0.0,,,,样本不足;未达标;无高价值专利,,
G06V40,生物识别,2,4,0.4983024001121521,0.4012913703918457,0.5298988223075867,0.4764975309371948,0.0,0.0,1.0,0.15694461266687276,0.34874493272943347,0.5947412391796998,0.0,0.0,0.0,0.0,0.0,0.0,0.5,0.5473706195898499,0.3333333333333333,,,,样本不足;未达标;无高价值专利,,
G08B21,状态报警器,0,3,0.0,0.0,1.0,0.3333333333333333,0.0,0.0,1.0,0.0,0.2922088191886794,0.6420832701444779,0.0,0.0,0.0,0.0,0.0,0.0,0.5,0.5710416350722389,1.0,0.0,1.0,0.2618402725120398,样本不足;未达标,,28.0
G08B23,特定报警器,0,1,0.0,0.0,1.0,0.3333333333333333,0.0,0.0,1.0,0.0,0.17823784642970017,0.5881870317622027,0.0,0.0,0.0,0.0,0.0,0.0,0.5,0.5440935158811013,1.0,,,,样本不足;未达标;无高价值专利,,
G08B6,触觉报警,0,1,0.0,0.0,1.0,0.3333333333333333,0.0,0.0,1.0,0.0,0.17823784642970017,0.5881870317622027,0.0,0.0,0.0,0.0,0.0,0.0,0.5,0.5440935158811013,1.0,,,,样本不足;未达标;无高价值专利,,
G08C23,红外遥控,0,2,0.0,0.0,1.0,0.3333333333333333,0.0,0.0,1.0,0.0,0.2511113802669965,0.6229815458180177,0.0,0.0,0.0,0.0,0.0,0.0,0.5,0.5614907729090088,1.0,,,,样本不足;未达标;无高价值专利,,
G09B1,教学器具,0,1,0.0,0.0,1.0,0.3333333333333333,0.0,0.0,1.0,0.0,0.09902102579427785,0.5493493254963752,0.0,0.0,0.0,0.0,0.0,0.0,0.5,0.5246746627481875,1.0,,,,样本不足;未达标;无高价值专利,,
G09B19,教学科目,2,9,0.6242580413818359,0.5163374543190002,0.3838390111923218,0.5081448356310526,0.02702702702702703,0.0,0.9285714285714286,0.2709155854258521,0.39022954403335514,0.559375493381087,0.0,0.0,0.0,0.0,0.0,0.0,0.5,0.5296877466905435,0.9505549949545913,0.0,0.9752774974772956,0.3823701583140568,样本不足,,13.0
G09B23,科学教学模型,0,1,0.0,0.0,1.0,0.3333333333333333,0.0,0.0,1.0,0.0,0.1584336412708446,0.5785605957536449,0.0,0.0,0.0,0.0,0.0,0.0,0.5,0.5392802978768225,1.0,0.0,1.0,0.25654671631280374,样本不足;未达标,,38.0
G09B5,视听教学,2,6,0.5590184926986694,0.5162620544433594,0.4862356185913086,0.5205053885777791,0.0,0.0,1.0,0.21635722814343952,0.3572039847861813,0.5699613622902396,0.0,0.0,0.0,0.0,0.0,0.0,0.5,0.5349806811451199,0.625,,,,样本不足;未达标;无高价值专利,,
G09B7,教学测试,0,2,0.0,0.0,1.0,0.3333333333333333,0.0,0.0,1.0,0.0,0.2709155854258521,0.6322382918337158,0.0,0.0,0.0,0.0,0.0,0.0,0.5,0.566119145916858,1.0,0.0,1.0,0.26101985765280966,样本不足;未达标,,29.0
G09B9,模拟训练器,5,1,0.5839900970458984,0.4191871583461761,0.49113595485687256,0.4981044034163156,0.0,0.0,1.0,0.37479086941428413,0.09902102579427785,0.3655072636120094,0.0,0.0,0.0,0.0,0.0,0.0,0.5,0.4327536318060047,0.037037037037037035,,,,样本不足;未达标;无高价值专利,,
G09G1,显示控制,0,1,0.0,0.0,1.0,0.3333333333333333,0.0,0.0,1.0,0.0,-4.288710451830871e-17,0.5,0.0,0.0,0.005494505494505495,0.0,0.0,-0.005494505494505495,0.49725277489855857,0.4986263874492793,1.0,0.0,1.0,0.24977106457487988,样本不足;未达标,,46.0
G09G5,显示驱动,0,7,0.0,0.0,1.0,0.3333333333333333,0.0,0.0,1.0,0.0,0.288165974552288,0.6402229518621866,0.0,0.0,0.0,0.0,0.0,0.0,0.5,0.5701114759310932,1.0,,,,样本不足;未达标;无高价值专利,,
G10L11,语音分析,0,1,0.0,0.0,1.0,0.3333333333333333,0.0,0.0,1.0,0.0,0.17823784642970017,0.5881870317622027,0.0,0.0,0.0,0.0,0.0,0.0,0.5,0.5440935158811013,1.0,,,,样本不足;未达标;无高价值专利,,
G10L13,语音合成,0,1,0.0,0.0,1.0,0.3333333333333333,0.0,0.0,1.0,0.0,0.09902102579427785,0.5493493254963752,0.0,0.0,0.0,0.0,0.0,0.0,0.5,0.5246746627481875,1.0,,,,样本不足;未达标;无高价值专利,,
G10L15,语音识别,0,6,0.0,0.0,1.0,0.3333333333333333,0.0,0.0,1.0,0.0,0.428201317637267,0.7019085142237188,0.0,0.0,0.0,0.0,0.0,0.0,0.5,0.6009542571118593,1.0,,,,样本不足;未达标;无高价值专利,,
G10L25,语音处理,2,3,0.55257248878479,0.3958779573440552,0.5443205237388611,0.4975903232892354,0.0,0.0,1.0,0.15694461266687276,0.3168672825416893,0.5792865597982241,0.0,0.0,0.0,0.0,0.0,0.0,0.5,0.539643279899112,0.8709677419354839,,,,样本不足;未达标;无高价值专利,,
G11B19,记录载体控制,1,0,0.0,0.0,1.0,0.3333333333333333,0.0,0.0,1.0,0.17823784642970017,0.0,0.41181296823779734,0.0,0.0,0.0,0.0,0.0,0.0,0.5,0.45590648411889867,0.0,,,,样本不足;未达标;无高价值专利,,
G11B27,编辑索引,0,1,0.0,0.0,1.0,0.3333333333333333,0.0,0.0,1.0,0.0,0.1584336412708446,0.5785605957536449,0.0,0.0,0.0,0.0,0.0,0.0,0.5,0.5392802978768225,1.0,,,,样本不足;未达标;无高价值专利,,
G16B45,生物信息分析,0,1,0.0,0.0,1.0,0.3333333333333333,0.0,0.0,1.0,0.0,0.1584336412708446,0.5785605957536449,0.0,0.0,0.0,0.0,0.0,0.0,0.5,0.5392802978768225,1.0,,,,样本不足;未达标;无高价值专利,,
G16H10,医疗数据管理,0,1,0.0,0.0,1.0,0.3333333333333333,0.0,0.0,1.0,0.0,0.17823784642970017,0.5881870317622027,0.0,0.0,0.0,0.0,0.0,0.0,0.5,0.5440935158811013,1.0,,,,样本不足;未达标;无高价值专利,,
G16H20,治疗方案,7,17,0.569624662399292,0.6822710037231445,0.38530296087265015,0.5457328756650288,0.0,0.05263157894736842,0.9565217391304348,0.2970630773828335,0.6012437863282708,0.6475669288012892,0.0,0.0,0.0,0.0,0.0,0.0,0.5,0.5737834644006445,0.8390804597701149,,,,未达标;无高价值专利,,
G16H30,医学影像数据,1,0,0.0,0.0,1.0,0.3333333333333333,0.0,0.0,1.0,0.1584336412708446,0.0,0.4214394042463551,0.0,0.0,0.0,0.0,0.0,0.0,0.5,0.4607197021231776,0.0,,,,样本不足;未达标;无高价值专利,,
G16H40,医疗设备信息,0,6,0.0,0.0,1.0,0.3333333333333333,0.0,0.0,1.0,0.0,0.3721539317508825,0.6779371482110839,0.0,0.0,0.0,0.0,0.0,0.0,0.5,0.5889685741055419,1.0,,,,样本不足;未达标;无高价值专利,,
G16H50,医学决策支持,17,19,0.6333256959915161,0.6057213544845581,0.4130028486251831,0.5506832997004191,0.01639344262295082,0.0,1.0,0.5317354820811568,0.7228581870975086,0.5944145541745305,0.0,0.0,0.0,0.0,0.0,0.0,0.5,0.5472072770872652,0.5927835051546392,0.0,0.7963917525773196,0.3699487735649874,,,17.0
G16Z99,信息其他应用,0,1,0.0,0.0,1.0,0.3333333333333333,0.0,0.0,1.0,0.0,0.1584336412708446,0.5785605957536449,0.0,0.0,0.0,0.02631578947368421,0.0,0.02631578947368421,0.5131548582061607,0.5458577269799028,1.0,0.0,1.0,0.2576429544966504,样本不足;未达标,,35.0
H01R13,连接器结构,1,2,0.505186915397644,0.4552228152751922,0.5753525495529175,0.5119207600752512,0.0,0.0,1.0,0.09902102579427785,0.26269609764151547,0.5811144866450306,0.0,0.0,0.0,0.0,0.0,0.0,0.5,0.5405572433225153,0.9935483870967742,0.0,0.9967741935483871,0.3934959388252653,样本不足;未达标,,12.0
H01R35,旋转连接器,1,0,0.0,0.0,1.0,0.3333333333333333,0.0,0.0,1.0,0.09902102579427785,0.0,0.4506506745036248,0.0,0.0,0.0,0.0,0.0,0.0,0.5,0.47532533725181236,0.0,,,,样本不足;未达标;无高价值专利,,
H04H60,广播分配,0,3,0.0,0.0,1.0,0.3333333333333333,0.0,0.0,1.0,0.0,0.3250867703260258,0.6570495685971861,0.0,0.0,0.0,0.02631578947368421,0.0,0.02631578947368421,0.5131548582061607,0.5851022134016735,1.0,0.0,1.0,0.2641837022336122,样本不足;未达标,,27.0
H04L12,数据交换网络,0,2,0.0,0.0,1.0,0.3333333333333333,0.0,0.0,1.0,0.0,0.15694461266687276,0.5778342919397081,0.0,0.0,0.0,0.0,0.0,0.0,0.5,0.5389171459698541,1.0,,,,样本不足;未达标;无高价值专利,,
H04L29,通信协议,2,0,0.0,0.0,1.0,0.3333333333333333,0.0,0.0,1.0,0.2511113802669965,0.0,0.37701845418198227,0.0,0.0,0.0,0.0,0.0,0.0,0.5,0.43850922709099116,0.0,,,,样本不足;未达标;无高价值专利,,
H04L67,网络服务,0,2,0.0,0.0,1.0,0.3333333333333333,0.0,0.0,1.0,0.0,0.15694461266687276,0.5778342919397081,0.0,0.0,0.0,0.0,0.0,0.0,0.5,0.5389171459698541,1.0,,,,样本不足;未达标;无高价值专利,,
H04M1,电话设备,1,2,0.5825351476669312,0.3526103496551513,0.5560332834720612,0.49705959359804786,0.0,0.0,1.0,0.17823784642970017,0.2511113802669965,0.5363724038555385,0.0,0.0,0.0,0.0,0.0,0.0,0.5,0.5181862019277692,0.1111111111111111,,,,样本不足;未达标;无高价值专利,,
H04N13,立体电视,0,2,0.0,0.0,1.0,0.3333333333333333,0.0,0.0,1.0,0.0,0.2511113802669965,0.6229815458180177,0.0,0.0,0.0,0.0,0.0,0.0,0.5,0.5614907729090088,1.0,,,,样本不足;未达标;无高价值专利,,
H04N17,电视测试,2,0,0.0,0.0,1.0,0.3333333333333333,0.0,0.0,1.0,0.2511113802669965,0.0,0.37701845418198227,0.0,0.0,0.0,0.0,0.0,0.0,0.5,0.43850922709099116,0.0,,,,样本不足;未达标;无高价值专利,,
H04N19,视频编码,1,0,0.0,0.0,1.0,0.3333333333333333,0.0,0.0,1.0,0.09902102579427785,0.0,0.4506506745036248,0.0,0.0,0.0,0.0,0.0,0.0,0.5,0.47532533725181236,0.0,,,,样本不足;未达标;无高价值专利,,
H04N21,视频分发,1,16,0.6324854493141174,0.5664138197898865,0.4104769825935364,0.5364587505658467,0.0,0.0,1.0,0.1584336412708446,0.6439164971862636,0.7253119427895058,0.0,0.0,0.0,0.0,0.0,0.0,0.5,0.6126559713947529,0.9696969696969697,0.0,0.9848484848484849,0.4284976223098098,样本不足,,3.0
H04N5,电视信号处理,1,3,0.4726718664169311,0.4242063164710998,0.5922344326972961,0.49637087186177564,0.0,0.0,1.0,0.1584336412708446,0.3168672825416892,0.5785605957536449,0.0,0.0,0.0,0.0,0.0,0.0,0.5,0.5392802978768225,0.9090909090909091,0.0,0.9545454545454546,0.3707457955697093,样本不足;未达标,,16.0
H04N7,电视系统,0,4,0.0,0.0,1.0,0.3333333333333333,0.0,0.0,1.0,0.0,0.3940512580384844,0.6874237588508746,0.0,0.0,0.0,0.02631578947368421,0.0,0.02631578947368421,0.5131548582061607,0.6002893085285177,1.0,0.0,1.0,0.2667148847547529,样本不足;未达标,,24.0
H04R1,扬声器,2,1,0.9201377630233764,0.7550089955329895,0.16121047735214233,0.6121190786361693,0.5714285714285714,0.0,0.5,0.21635722814343952,0.09902102579427785,0.4415996675449261,0.0,0.0,0.0,0.0,0.0,0.0,0.5,0.47079983377246304,0.2727272727272727,,,,样本不足;未达标;无高价值专利,,
H04R23,特殊换能器,0,1,0.0,0.0,1.0,0.3333333333333333,0.0,0.0,1.0,0.0,0.17823784642970017,0.5881870317622027,0.0,0.0,0.0,0.0,0.0,0.0,0.5,0.5440935158811013,1.0,,,,样本不足;未达标;无高价值专利,,
H04R25,助听器,3,4,0.5362586975097656,0.8177129030227661,0.33185380697250366,0.5619418025016785,0.0,0.0,0.875,0.3482562050750638,0.3992604453754546,0.525480029122269,0.0,0.0,0.0,0.0,0.0,0.0,0.5,0.5127400145611345,0.6923076923076923,,,,未达标;无高价值专利,,
H04R29,换能器测试,0,1,0.0,0.0,1.0,0.3333333333333333,0.0,0.0,1.0,0.0,0.17823784642970017,0.5881870317622027,0.0,0.0,0.0,0.0,0.0,0.0,0.5,0.5440935158811013,1.0,,,,样本不足;未达标;无高价值专利,,
H04R3,音频电路,1,0,0.0,0.0,1.0,0.3333333333333333,0.0,0.0,1.0,0.17823784642970017,0.0,0.41181296823779734,0.0,0.0,0.0,0.0,0.0,0.0,0.5,0.45590648411889867,0.0,,,,样本不足;未达标;无高价值专利,,
H04S1,立体声系统,0,1,0.0,0.0,1.0,0.3333333333333333,0.0,0.0,1.0,0.0,0.1584336412708446,0.5785605957536449,0.0,0.0,0.0,0.0,0.0,0.0,0.5,0.5392802978768225,1.0,,,,样本不足;未达标;无高价值专利,,
H04W12,无线安全,0,1,0.0,0.0,1.0,0.3333333333333333,0.0,0.0,1.0,0.0,0.1584336412708446,0.5785605957536449,0.0,0.0,0.0,0.0,0.0,0.0,0.5,0.5392802978768225,1.0,,,,样本不足;未达标;无高价值专利,,
H04W4,无线业务,1,1,0.4162596464157104,0.7399901151657104,0.546130359172821,0.5674600402514138,0.0,0.0,1.0,0.09902102579427785,0.09902102579427785,0.5,0.0,0.0,0.0,0.0,0.0,0.0,0.5,0.5,0.5,,,,样本不足;未达标;无高价值专利,,
H05B37,照明控制,1,0,0.0,0.0,1.0,0.3333333333333333,0.0,0.0,1.0,0.1584336412708446,0.0,0.4214394042463551,0.0,0.0,0.0,0.0,0.0,0.0,0.5,0.4607197021231776,0.0,,,,样本不足;未达标;无高价值专利,,
H10P14,半导体器件,0,1,0.0,0.0,1.0,0.3333333333333333,0.0,0.0,1.0,0.0,0.1584336412708446,0.5785605957536449,0.0,0.0,0.0,0.0,0.0,0.0,0.5,0.5392802978768225,1.0,0.0,1.0,0.25654671631280374,样本不足;未达标,,39.0
