pub,topic_code,topic_name,country,is_cn,year,func,scene,princ,in_degree,relevant,category,reason
US20050070971A1,A61N1,电疗器械,美国,0,2004,以第一信号极性偏置|以第二信号极性偏置|电极组件放置,神经刺激,电刺激,344.0,False,无关,神经刺激装置未涉及脑信号采集或解码，非BCI核心应用。
US20050021118A1,A61N1,电疗器械,美国,0,2004,产生电场|施加电刺激|第一电位偏压|第二电位偏压,,电位偏压|电场刺激,170.0,False,无关,电刺激装置未明确涉及脑信号采集或神经调控，可能为一般医疗用途。
US7024247B2,A61N1,电疗器械,美国,0,2003,施加测试刺激信号|生成第二刺激|确定神经刺激阈值,长期监测和/或刺激,,321.0,False,无关,涉及神经刺激阈值测试，但未涉及脑信号采集或解码，非BCI核心应用。
US20030074032A1,A61N1,电疗器械,美国,0,2002,侧枝神经活动检测|促进神经可塑性改变,增强一种或多种神经功能|康复|恢复,响应侧支神经活动|感测单元确定是否存在侧枝神经活动的证据,272.0,False,无关,涉及神经刺激与监测，但未明确脑信号采集或BCI应用，属一般神经调控。
US20030088274A1,A61N1,电疗器械,美国,0,2002,电增强|细胞分化|阳极和阴极的电刺激,增强正常健康大脑的神经功能|外周神经|感觉功能控制|神经系统|脊髓|脑|脑损伤治疗|脑疾病治疗,电刺激促进神经细胞定向生长和连通性|电刺激促进细胞分化,212.0,False,无关,涉及神经电刺激但非脑机接口，未采集或解码脑信号。
US20050070982A1,A61N1,电疗器械,美国,0,2004,产生电场|刺激身体组织|接收电信号,医疗装置|可植入医疗装置,,254.0,False,无关,仅涉及通用可植入电刺激电极，未提及脑信号采集或脑机接口应用。
US7499748B2,A61N1,电疗器械,美国,0,2005,传递电刺激信号|电信号递送|经血管刺激神经干,,将神经刺激从电极经血管递送至神经干|通过引线将电刺激信号传递到电极,229.0,False,无关,刺激神经干但未涉及脑信号采集或脑机接口核心功能
US20180085586A1,A61N1,电疗器械,美国,0,2017,神经响应确定|调整电刺激治疗参数|选择感测信号,深部脑刺激|神经调节治疗,信号响应反馈|自适应控制,28.0,False,无关,电刺激疗法未明确涉及脑信号，感测信号非脑信号核心。
US20070179557A1,A61N1,电疗器械,美国,0,2006,接收与生理响应有关的数据|控制电疗信号的参数|施加内部和/或外部诱发和/或治疗信号|确定神经传递特性,治疗疾病,基于神经传输特性控制电疗信号|基于诱发信号产生的生理响应确定神经传递特性,266.0,False,无关,涉及神经调节和电疗，但未采集或解码脑信号，非BCI核心或直接应用。
US20210196948A1,A61N1,电疗器械,美国,0,2021,基于第一响应和第二响应，选择第一感测信号和第二感测信号之一|确定第一感测信号对电刺激治疗的第一响应以及第二感测信号对电刺激治疗的第二响应|调整电刺激治疗参数,医疗系统|患者,基于响应选择信号并调整参数,3.0,False,无关,电刺激治疗未明确涉及脑信号，感测信号可能为一般生理信号，非BCI核心。
US11602630B2,A61B5,身体诊断测量,美国,0,2018,使用柔性弹簧状部分|弯曲薄膜基板|设置电极触点,电极阵列,柔性|电连接性,9.0,False,无关,仅描述通用医疗电极阵列，未涉及脑信号采集或BCI应用。
US20130245715A1,A61N1,电疗器械,美国,0,2013,将可配置源编程为电流源或电压源|调节电压|调节电流|输送电能量,电极阵列|神经刺激治疗,电刺激能量|电场电位,53.0,False,无关,涉及神经刺激但未提及脑信号采集或解码，非BCI核心或直接应用。
US20200316382A1,A61N1,电疗器械,美国,0,2020,使用电刺图信号确定响应参数|基于响应参数和选择准则选择神经刺激治疗模式|根据刺激测试模式控制神经刺激能量的递送,神经刺激系统,响应参数|电活动对递送的神经刺激能量的响应,10.0,False,无关,涉及脊髓电刺激，非脑信号采集或脑机接口应用
EP4442310A3,A61N1,电疗器械,欧洲专利局,0,2020,使用所接收的ESG信号确定多个神经刺激测试模式中的每个测试模式的响应参数|根据多个神经刺激测试模式控制神经刺激能量的递送|通过基于响应参数从多个神经刺激测试模式中选择测试模式来确定神经刺激治疗模式,向具有脊髓的患者递送神经刺激能量,由所递送的神经刺激能量诱发的来自脊髓的响应,0.0,False,无关,涉及脊髓神经刺激，非脑信号，不属脑机接口
US20210060331A1,A61B5,身体诊断测量,美国,0,2020,确定第一感测信号相对于运动的第一变化|确定第二感测信号相对于运动的第二变化|调整电刺激治疗参数|选择感测信号,深部脑刺激治疗,基于运动不同步的自适应控制,4.0,False,无关,电刺激治疗基于运动感测信号，非脑信号，不涉及神经调控
US7945330B2,A61N1,电疗器械,美国,0,2008,确定期望配置|自动优化|评估响应信号,神经刺激,刺激参数优化|电极配置优化,89.0,False,无关,涉及神经刺激参数优化，但未提及脑信号采集或解码，非BCI核心或直接应用。
US20120158095A1,A61F11,耳科治疗器具,美国,0,2011,传递电刺激信号|引线连接|接地触点|电极阵列穿过耳蜗造口,,提供返回电流路径|浸入耳蜗流体中,21.0,False,无关,耳蜗植入属听觉神经刺激，非脑信号采集或脑机接口应用。
US8195300B2,A61N1,电疗器械,美国,0,2011,生成定义刺激的命令信号|确定期望配置和/或期望刺激|评估响应信号,植入式医疗设备,感测装置响应于刺激产生响应信号,108.0,False,无关,涉及神经刺激参数优化，但未提及脑信号采集或解码，非BCI核心。
US2014142410A1,A61B5,身体诊断测量,美国,0,2012,刺激电极组件|基底设置|多个横向偏移位置|横向宽度延伸|纵向长度间隔开,,,0.0,False,无关,涉及神经刺激电极，但未提及脑信号采集或解码，非BCI核心应用。
EP4474001A1,A61N1,电疗器械,欧洲专利局,0,2023,布置在细长且不导电的基底材料上的一个或多个第一电极布置|提供用于刺激的反电势和/或用于记录脊髓的神经纤维的参考电势,,细长的第一中央参考电极的长度比多个第一电极的平均长度大至少两倍或大至少三倍,0.0,False,无关,涉及脊髓神经刺激/记录，非脑信号，不属于BCI领域。
EP4474001C0,A61N1,电疗器械,欧洲专利局,0,2023,多个第一电极布置在细长的第一中心参考电极的两侧|布置在细长且不导电的基底材料上的一个或多个第一电极布置|细长的第一中心参考电极沿着细长基底材料的纵向方向延伸,医疗装置|系统,细长的第一中央参考电极的长度比多个第一电极的平均长度大至少两倍或大至少三倍|细长的第一中央参考电极被配置成经由多个第一电极提供用于刺激的反电势和/或用于记录脊髓的神经纤维的参考电势,0.0,False,无关,涉及脊髓神经刺激记录，非脑信号，不属于脑机接口
EP4474001B1,A61N1,电疗器械,欧洲专利局,0,2023,多个第一电极，所述多个第一电极布置在所述细长的第一中心参考电极的两侧|布置在细长且不导电的基底材料上的一个或多个第一电极布置|提供用于刺激的反电势和/或用于记录脊髓的神经纤维的参考电势|细长的第一中心参考电极，其沿着细长基底材料的纵向方向延伸,,参考电势|反电势,0.0,False,无关,涉及脊髓神经刺激记录，非脑信号，不属脑机接口
WO2020206152A1,A61N1,电疗器械,世界知识产权组织,0,2020,使用所接收的ESG信号为每个测试模式确定一个或多个响应参数|刺激波形选择|基于响应参数和一个或多个选择准则从刺激测试模式中选择神经刺激治疗模式|根据刺激测试模式控制神经刺激能量的递送,神经刺激系统|脊髓神经调节,响应参数各自指示响应的一个或多个特征|神经刺激响应,7.0,False,无关,涉及脊髓神经刺激，非脑信号，不属BCI领域。
US20140243932A1,A61N1,电疗器械,美国,0,2014,测试神经刺激|监测生理响应|确定治疗参数|调整神经刺激参数|递送单向传入神经刺激,神经刺激治疗,单向传入神经刺激|神经刺激参数,13.0,False,无关,涉及神经刺激治疗，但未涉及脑信号采集或解码，非BCI核心或直接应用。
US20070185409A1,A61B5,身体诊断测量,美国,0,2007,以增加的刺激强度重复刺激邻近神经的身体部分|将可操作的刺激强度确定为最大刺激强度的预定比例|检测神经信号|确定平均响应参数|确定最大刺激强度,神经传导测试,当至少两个平均响应的相应的至少两个参数在预定百分比范围内时，确定已经达到最大刺激强度,84.0,False,无关,涉及神经刺激与传导测试，非脑信号采集或BCI应用
US12318615B2,A61N1,电疗器械,美国,0,2023,刺激参数编程|递送具有不同IPI、刺激几何形状和其他波形设置的波形,神经调节|脊髓刺激,获得背柱纤维的治疗性异步激活|通过相间间隔(IPI)分开第一相位和第二相位,0.0,False,无关,涉及脊髓刺激神经调节，非脑信号采集或脑机接口应用。
US20140194772A1,A61B5,身体诊断测量,美国,0,2012,从相应的感测电极获得由刺激引起的神经响应的第一和第二记录|施加神经刺激|比较第一记录和第二记录以确定诱发神经响应的传播特性,,,136.0,False,无关,涉及外周神经刺激与响应测量，非脑信号或脑机接口应用。
US11045129B2,A61B5,身体诊断测量,美国,0,2018,刺激控制|施加具有短脉冲宽度的探针刺激|测量剩余神经反应|神经补充估计,神经刺激器系统,探针刺激引起的剩余神经反应与神经补充相关,32.0,False,无关,涉及神经刺激与反应估计，但非脑信号采集或BCI应用，属一般神经调控器械。
US8594795B2,A61N1,电疗器械,美国,0,2010,分析传感器信号|电刺激|识别运动障碍的发作,神经刺激器,运动障碍检测|选择性开始治疗,9.0,False,无关,涉及神经刺激但未明确脑信号采集或解码，非BCI核心
US20230114613A1,A61B5,身体诊断测量,美国,0,2022,评估诱发-记录参数集的序列|递送神经刺激,神经刺激系统,诱发-记录参数集包括刺激参数和感测参数,3.0,False,无关,涉及神经刺激与诱发响应记录，但未明确脑信号采集或BCI应用，属一般神经调控医疗器械。
US20140236257A1,A61N1,电疗器械,美国,0,2012,与治疗图进行比较|刺激参数编程|检测诱发响应|电刺激|确定精神状态|迭代地执行,,在神经通路上唤起动作电位|控制变量与反馈变量的治疗关系,241.0,False,无关,涉及脊髓神经刺激，非脑信号采集或脑机接口应用。
US11445958B2,A61B5,身体诊断测量,美国,0,2021,施加具有短脉冲宽度的探针刺激|测量由探针刺激引起的剩余神经反应|神经刺激治疗,,,2.0,False,无关,涉及神经刺激与反应测量，但非脑信号采集或BCI应用
US20080234780A1,A61N1,电疗器械,美国,0,2007,基于检测到的对所施加刺激的生理反应等滴定|将一个或多个刺激场导向所选神经目标,,,210.0,False,无关,涉及神经刺激但未提及脑信号采集或解码，非BCI核心
EP3713637A4,A61N1,电疗器械,欧洲专利局,0,2018,电刺激|预先植入电极,治疗或预防人类受试者的慢性炎症,刺激位置|迷走神经刺激,0.0,False,无关,涉及周围神经电刺激治疗炎症，非脑信号采集或脑机接口应用。
US20050015133A1,A61N1,电疗器械,美国,0,2004,将信号传输线延伸穿过载体构件并传送信号,耳蜗植入系统,通过减少导线数量与电极数量的比例实现分布式电子器件,57.0,False,无关,仅涉及通用植入刺激装置，未提及脑信号或神经调控
US8929990B2,A61N1,电疗器械,美国,0,2010,电信号递送|电刺激信号传递|经血管刺激神经或神经干,,,48.0,False,无关,刺激神经干但未明确涉及脑信号或脑机接口核心功能
US20130165994A1,A61N1,电疗器械,美国,0,2012,治疗递送,,,39.0,False,无关,涉及电神经刺激治疗，但未提及脑信号采集或解码，非BCI核心或直接应用。
US5643330A,A61N1,电疗器械,美国,0,1996,多通道脉冲发生器驱动多个电极|电刺激脉冲|电刺激递送,多通道硬膜外横向脊髓刺激,刺激频率加倍|重叠刺激区域,880.0,False,无关,脊髓刺激不涉及脑信号采集或解码，非BCI领域。
US20220257944A1,A61N1,电疗器械,美国,0,2022,使信号发生器操作每个分配的有效电极以产生刺激电场|控制电路确定刺激电场分布数据|电刺激信号传递|电极装置放置|选择性地分配至少一对第一和第二有效电极,无创脑电刺激,刺激电场分布|刺激的空间分辨率,2.0,False,无关,仅涉及通用电刺激系统，未提及脑信号采集或神经调控
US20030045914A1,A61N1,电疗器械,美国,0,2001,单向神经刺激|抑制动作电位传播|施加电流,治疗疾病,动作电位传播,198.0,False,无关,涉及神经组织电刺激治疗，非脑信号采集或BCI应用
US10433754B2,A61B5,身体诊断测量,美国,0,2013,发送和接收遥测数据|可拆卸地耦合到经皮附着装置|处理从电极阵列接收的电信号,植入式无线神经装置,无线介质透明的窗口,13.0,False,无关,仅描述通用植入电接口，未涉及脑信号或神经调控
US11911621B2,A61N1,电疗器械,美国,0,2021,,,,5.0,False,无关,脊髓刺激不涉及脑信号采集或解码，非脑机接口领域。
US20080027504A1,A61B5,身体诊断测量,美国,0,2007,传递电流到组织中|测量局部组织电位|调节和监测组织,,,93.0,False,无关,涉及通用组织电刺激与记录，未明确脑信号或神经调控为核心。
AU2007281311A1,A61N1,电疗器械,澳大利亚,0,2007,测量局部组织的电位|调节和监测组织|通电流到组织,,,5.0,False,无关,涉及通用组织电刺激与电位记录，未特指脑信号或神经调控
US12133979B2,A61N1,电疗器械,美国,0,2022,基于来自所述电极组件的信息来控制所述刺激单元的操作|电刺激,,,0.0,False,无关,经皮电神经刺激非脑信号采集或神经调控，不涉及脑机接口
US12208268B2,A61N1,电疗器械,美国,0,2021,基于生物信号生成对刺激参数的调整|操纵电刺激信号以刺激患者组织的区域|电刺激信号|获取生物信号,患者身体上或身体内|特定患者活动,特定患者活动,0.0,False,无关,电刺激系统基于生物信号调整刺激参数，未涉及脑信号采集或神经调控核心。
US4573481A,A61N1,电疗器械,美国,0,1984,可植入螺旋电极组件|多导体柔性电缆|柔性带状电极|电介质支撑矩阵|粗糙化,外科植入期间,弹性|组织接触表面粗糙化|螺旋构造,1326.0,False,无关,涉及神经电极但非脑信号，且未提及脑机接口应用
US4979511A,A61B5,身体诊断测量,美国,0,1989,改进的连接器|柔性螺旋电极结构,可植入电极,,540.0,False,无关,涉及神经电极植入，但未提及脑信号采集或BCI应用，属一般神经接口。
US20240198107A1,A61N1,电疗器械,美国,0,2023,产生电流|施加电流到内脏神经|调整可植入脉冲发生器参数,心脏病治疗,内脏神经调节,0.0,False,无关,涉及内脏神经电刺激，非脑信号采集或神经调控
US12168132B2,A61N1,电疗器械,美国,0,2022,从刺激测试模式中的多种类型的刺激波形中选择一种类型的刺激波形|使用接收的ESG信号确定每个测试模式的一个或多个响应参数|基于响应参数和一个或多个选择标准从刺激测试模式中选择神经刺激治疗模式|根据刺激测试模式控制神经刺激能量的递送,刺激测试模式|神经刺激治疗,响应参数各自指示所述响应的一个或多个特征|电活动包括对所递送的神经刺激能量的响应,0.0,False,无关,涉及脊髓电刺激，非脑信号采集或脑机接口应用。
US20130245717A1,A61N1,电疗器械,美国,0,2013,交替刺激波形|低振幅长持续时间电极刺激信号序列|常规高振幅短持续时间电极刺激信号序列|心尖波形,,选择性刺激周围神经突起|音调位置-音调响应,25.0,False,无关,耳蜗植入刺激听觉神经，非脑信号采集或神经调控
US12533519B2,A61N1,电疗器械,美国,0,2023,使用所述神经反应作为生物标志物|测量对刺激的神经反应|自动调整亚感知治疗,医疗装置系统|脊髓刺激(SCS),神经反应,0.0,False,无关,涉及脊髓刺激而非脑信号，非脑机接口领域。
US20050143787A1,A61N1,电疗器械,美国,0,2005,可再充电|调节迷走神经,偏头痛治疗|充血性心力衰竭(CHF)治疗|学习困难治疗|帕金森氏病治疗|强迫进食障碍治疗|强迫障碍治疗|心房纤颤治疗|心脏病治疗|抑郁症治疗|焦虑症治疗|痴呆治疗|癫痫治疗|睡眠障碍治疗|神经源性/精神源性疼痛治疗|精神分裂症治疗|肥胖症治疗|阿尔茨海默氏病治疗,电感耦合|迷走神经刺激和/或阻断,509.0,False,无关,刺激迷走神经治疗疾病，非脑信号采集或脑机接口应用。
US12496449B2,A61N1,电疗器械,美国,0,2023,使用检测器估计诱发神经反应在感测的信号窗口内的位置|基于确定来减轻诱发神经反应的截断|基于诱发神经反应在感测信号窗口内的位置，确定感测信号窗口对诱发神经反应的截断是否正在发生|根据刺激参数控制刺激源提供神经刺激,,,0.0,False,无关,涉及植入式神经刺激装置，但针对外周神经通路，非脑信号采集或脑机接口应用。
WO2011159545A2,A61N1,电疗器械,世界知识产权组织,0,2011,捕获验证和刺激|控制刺激参数|检测诱发响应|调整刺激强度,患者,通过检测诱发响应来验证刺激捕获迷走神经,74.0,False,无关,涉及迷走神经刺激，非脑信号采集或脑机接口应用。
US12064632B2,A61N1,电疗器械,美国,0,2022,反馈控制|导出反馈变量|测量神经复合动作电位反应|自适应地补偿,神经刺激,诱发动作电位|闭环反馈控制,0.0,False,无关,涉及神经刺激与反馈控制，但未明确脑信号采集或脑机接口应用，属一般神经调控。
WO03043690A1,A61N1,电疗器械,世界知识产权组织,0,2002,感测患者位置|确定期望配置|自动优化参数|评估应答信号|输送刺激|配置电极,神经刺激,传感装置产生响应信号|刺激脉冲系统,138.0,False,无关,涉及神经刺激参数优化，但未提及脑信号采集或解码，非BCI核心或直接应用。
EP4257176A1,A61N1,电疗器械,欧洲专利局,0,2022,建立电连接|电刺激|穿透神经外表面,,,0.0,False,无关,仅涉及神经电刺激装置，未涉及脑信号采集或解码，非BCI领域。
US12465768B2,A61N1,电疗器械,美国,0,2023,基于迷走神经反应模型确定生理和神经指数|存储优选参数|改变信号电参数|监测生理参数变化|选择信号初始参数,神经刺激疗法,迷走神经反应模型,0.0,False,无关,涉及迷走神经刺激，非脑信号采集或解码，不属BCI领域。
US9566449B2,A61N1,电疗器械,美国,0,2013,产生输入信号|传输输入信号|向可兴奋组织施加电脉冲|植入神经刺激器|转换输入信号为电脉冲,神经刺激器系统,电脉冲调制|电辐射耦合,79.0,False,无关,涉及可兴奋组织神经刺激，未特指脑信号或脑机接口应用。
US20050131486A1,A61N1,电疗器械,美国,0,2005,电感耦合充电|电阻挡技术|迷走神经刺激|迷走神经阻断|选择性刺激|遥测,FGID|肠梗阻|肥胖症|胃肠疾病|胃轻瘫|胃食管反射疾病(GERD)|胰腺炎,传入或传出方向阻断|可再充电电池供电|电感耦合,329.0,False,无关,涉及迷走神经刺激治疗胃肠疾病，非脑信号采集或脑机接口应用。
WO0143818A1,A61N1,电疗器械,世界知识产权组织,0,2000,刺激电流脉冲通过规定的设定的刺激参数的定义产生和施加到所选电极接触|快速自动和/或交互编程刺激参数|选择分组的各个电极施加的触点,可植入电刺激器|神经刺激系统,刺激参数编程|电流脉冲施加,59.0,False,无关,神经刺激系统未涉及脑信号采集或解码，仅通用电刺激参数调节。
US8162684B1,H01R13,连接器结构,美国,0,2010,利用馈通壳体作为支撑结构|安装在夹紧盖中|将等直径引线近端插入密封件中|直接组装到装置的气密馈通中|通过接合馈通壳体侧壁上的底切来支撑接触力和密封压缩,可植入医疗装置|神经刺激器,刚性尖端|填充金属颗粒的弹性体按钮|弹性可压缩触点|绒毛按钮|螺旋弹簧,97.0,False,无关,涉及植入式医疗连接器，未提及脑信号处理或神经调控
US8267708B1,H01R13,连接器结构,美国,0,2012,凸轮致动的夹紧盖加压|利用馈通壳体作为支撑结构|用螺钉紧固的盖加压|直接组装到装置的气密馈通中|馈通销与可压缩触点集成,可植入医疗装置|神经刺激器,可压缩触点提供接触力|底切支撑接触力,55.0,False,无关,涉及植入式医疗器械连接器，未提及脑信号采集或神经调控
WO2016061045A1,A61N1,电疗器械,世界知识产权组织,0,2015,分析定量关系以指示刺激脉冲是否诱导期望的生理响应|记录测试信号|量化第一群数据与第二群数据之间的关系,自主神经刺激治疗,生理参数对比,1.0,False,无关,涉及自主神经刺激，非脑信号采集或神经调控
WO2020216573A1,A61N1,电疗器械,世界知识产权组织,0,2020,制造方法,植入式电极装置,,2.0,False,无关,仅涉及柔性电极装置制造，未提及脑信号采集或神经调控应用。
US12029894B2,A61N1,电疗器械,美国,0,2021,,,,1.0,False,无关,电刺激系统未明确涉及脑信号，生物信号非核心，属一般医疗器械。
US11413452B2,A61N1,电疗器械,美国,0,2020,电刺激|预先植入电极,治疗或预防人类受试者的慢性炎症,刺激位置|迷走神经刺激,1.0,False,无关,涉及周围神经电刺激治疗炎症，非脑信号采集或神经调控
US10765867B2,A61N1,电疗器械,美国,0,2019,插入导线结构|施加导线结构,血管内,,0.0,False,无关,刺激外周神经，非脑信号采集或脑调控
US10433902B2,A61B18,外科电热器械,美国,0,2013,控制算法调节输送到电极的电流或电流密度|控制能量输送,导管治疗|电和/或热诱导的神经调节,电极接触表面积保持一致|电流或电流密度控制,0.0,False,无关,涉及神经调节电极能量控制，但未涉及脑信号采集解码或BCI应用。
US10201707B2,A61B6,放射诊断设备,美国,0,2018,外科植入电极引线|电刺激|递送电刺激,自身免疫性疾病治疗,电刺激指向岛状皮层特定体积|确保非治疗体积不接收电刺激,2.0,False,无关,电刺激治疗自身免疫疾病，非脑信号采集或神经调控接口
US20090248095A1,A61N1,电疗器械,美国,0,2009,,可植入电刺激系统,,98.0,False,无关,神经刺激引线为一般医疗器械，未涉及脑信号采集或解码，非BCI核心应用。
US20070255372A1,A61N1,电疗器械,美国,0,2006,在将远端部分连接在一起之前将多个电极表面连接到远端部分|将一对引线体中的每一个的远端部分彼此连接,脊髓刺激,,88.0,False,无关,涉及脊髓刺激电引线制造，非脑信号采集或神经调控
US12558534B2,A61N1,电疗器械,美国,0,2024,,,,0.0,False,无关,电刺激系统未明确涉及脑信号，生物信号非核心，属一般医疗器械。
US4800898A,A61N1,电疗器械,美国,0,1987,柔性细长翼构件在安装期间挠曲，安装后从护套横向延伸,患者的硬膜外空间,机械稳定原理,182.0,False,无关,仅涉及神经刺激器电极的机械结构，未涉及脑信号采集解码或BCI应用。
US4590946A,A61B5,身体诊断测量,美国,0,1984,包裹膜绝缘|封装引入导体|螺旋缠绕基底|锚固引入导体,外科植入|神经或神经束,绝缘材料|螺旋方式缠绕,548.0,False,无关,涉及神经电极植入，但未明确脑信号采集或脑机接口应用
US4549556A,A61N1,电疗器械,美国,0,1982,操纵导线的两端安装和固定|通过环状圈套器进行圈套,刺激患者的脊髓|患者硬膜外空间,电刺激,291.0,False,无关,涉及脊髓电刺激引线，非脑信号采集或脑机接口应用。
US20220409899A1,A61N1,电疗器械,美国,0,2021,电极间距离设置|电极阵列对称分布,脊髓刺激,,6.0,False,无关,涉及脊髓刺激，非脑信号采集或神经调控
US20150005680A1,A61N1,电疗器械,美国,0,2014,产生诊断诱发电位|传递电脉冲|植入电极|自动分析数据|闭环系统自动执行神经刺激,诊断和治疗椎间盘源性腰痛,交感神经刺激|光或机械振动引导能量|神经冷却,127.0,False,无关,涉及脊柱神经刺激，非脑信号采集或脑调控
US20150119790A1,A61N1,电疗器械,美国,0,2015,电刺激信号传递|经血管刺激|长期植入,可植入系统,可扩张电极邻接容器壁预定表面积|经血管刺激神经干,12.0,False,无关,经血管刺激神经干，非脑信号采集或脑调控，不涉及脑机接口。
US6510347B2,A61N1,电疗器械,美国,0,2001,多通道递送|沿组织平躺|电极尺寸变化,组织刺激,,582.0,False,无关,涉及组织刺激导管，未提及脑信号或脑机接口应用。
US5571148A,A61N1,电疗器械,美国,0,1994,外部控制单元控制|感应耦合|选择性激活微刺激器,可植入系统|耳蜗假体,信息信号控制刺激脉冲|感应耦合功率传输,573.0,False,无关,耳蜗假体刺激听觉神经，非脑信号采集或神经调控，不属BCI。
WO2019171052A1,A61N1,电疗器械,世界知识产权组织,0,2019,控制驱动通过微电极阵列的刺激电流的图案,听觉植入,金属或金属氧化物纳米结构层,0.0,False,无关,听觉植入物刺激耳部，非脑信号采集或神经调控
WO2019112957A1,A61N1,电疗器械,世界知识产权组织,0,2018,将电容器的第二板电耦合到电极|控制多个开关以将电容器的第一板电耦合到电极|控制开关装置通过天线向发射机输出确认信号,生物电子植入物,两相刺激|反向散射,0.0,False,无关,仅涉及神经刺激，未提及脑信号采集或解码，非BCI核心或边缘应用。
WO2008016881A2,A61B5,身体诊断测量,世界知识产权组织,0,2007,测量局部组织的电位|通电流到组织,脑监测和调节,刺激电极通电流到组织|记录电极适于测量局部组织的电位,14.0,False,无关,涉及组织电刺激与电位记录，未明确脑信号或神经调控
AU2002340189B2,A61N1,电疗器械,澳大利亚,0,2002,确定期望配置|自动优化参数|评估响应信号|输送刺激|配置电极,神经刺激,刺激产生响应信号，根据响应信号评估并确定刺激参数和电极构型,5.0,False,无关,涉及神经刺激参数优化，但未提及脑信号采集或解码，非BCI核心。
US6178349B1,A61N1,电疗器械,美国,0,1999,刺激选择性神经|递送神经刺激药物,心血管疾病治疗,神经刺激实现对患者心血管系统的控制,771.0,False,无关,刺激心血管神经，非脑信号采集或脑调控
US20140163639A1,A61N1,电疗器械,美国,0,2013,三维铅迁移检测|生成新的刺激参数集|自动神经刺激校正|重新编程,治疗|神经刺激系统,基于测量确定神经刺激引线是否发生三维迁移,48.0,False,无关,涉及神经刺激引线迁移监测，非脑信号采集或解码，不属BCI
US20130144362A1,A61N1,电疗器械,美国,0,2012,脉冲切片|递送多个第一电脉冲|递送第三电脉冲|递送第二电脉冲,治疗,电极极性相反|电脉冲暂时偏移,5.0,False,无关,涉及一般神经刺激治疗，未明确脑信号采集或解码，非BCI核心应用。
US11944820B2,A61N1,电疗器械,美国,0,2019,定位可植入电极阵列于混合神经近侧|细化刺激参数|获得电生理反应记录|评估记录的一个或多个所选特征|识别纤维类型的募集水平|递送电刺激,神经刺激,刺激参数调整|通过评估电生理反应特征识别纤维募集水平,1.0,False,无关,涉及外周混合神经刺激，非脑信号采集或脑机接口应用。
US6024702A,A61B5,身体诊断测量,美国,0,1997,柔性印刷电路制造|蚀刻印刷电路|覆盖非导电覆盖材料,植入式医疗设备,柔性电极适应性|电接触区域延伸穿过覆盖材料,356.0,False,无关,通用可植入电极，未特指脑信号或BCI应用
US10974043B2,A61B5,身体诊断测量,美国,0,2017,电极与周围环境电隔离|电极穿过阻挡元件的进入点和出口点,周围神经的束内刺激和/或感测,通过活性位点进行电刺激或感测,0.0,False,无关,涉及周围神经刺激感测，非脑信号，不属脑机接口
US9814881B2,A61N1,电疗器械,美国,0,2015,产生异相电场|延时电刺激|电刺激,疼痛治疗|脊髓刺激,异相电场干扰神经元活动,8.0,False,无关,电刺激脊髓治疗疼痛，非脑信号采集或神经调控
US11577083B2,A61N1,电疗器械,美国,0,2021,捕获验证|调整刺激参数,神经刺激系统,刺激捕获,0.0,False,无关,涉及迷走神经刺激，非脑信号采集或脑机接口应用。
US6871099B1,A61N1,电疗器械,美国,0,2001,开环操作|感测状态调节刺激参数|电感耦合再充电|闭环操作,慢性疼痛治疗|脊髓刺激,反馈控制|神经刺激,691.0,False,无关,涉及脊髓神经刺激，非脑信号采集或脑机接口应用。
US7634315B2,A61N1,电疗器械,美国,0,2007,周期性获取复合动作电位|实施神经刺激疗法|评估目标神经状况|递送电神经刺激,神经刺激治疗,神经刺激响应,250.0,False,无关,涉及神经刺激与动作电位评估，但未涉及脑信号采集解码或BCI应用。
US20180085585A1,A61N1,电疗器械,美国,0,2017,确定第一感测信号对运动的第一改变|确定第二感测信号对运动的第二改变|调节电刺激疗法的至少一个参数的电平|选择感测信号,电刺激治疗,运动不同步的适应性,15.0,False,无关,电刺激疗法但未涉及脑信号，仅基于运动感测信号，非BCI核心。
US20100114260A1,A61N1,电疗器械,美国,0,2009,传输并聚焦刺激信号,植入式治疗性神经刺激,尖锐的尖端用于聚焦|电极连接,21.0,False,无关,仅涉及一般组织电刺激，未明确脑信号采集或神经调控
US11691013B2,A61N1,电疗器械,美国,0,2021,放置电极|施加双相波形|正阳极脉冲|负阴极脉冲,伤口愈合|共济失调|阿尔茨海默病,刺激激素分泌物或胰岛素的释放|降低皮肤的细胞膜电位,0.0,False,无关,涉及神经刺激但非脑机接口，未采集或解码脑信号，且针对小脑等非BCI应用
US7162304B1,A61N1,电疗器械,美国,0,2004,将EKG电极放置在刺激引线上|将IPG盒用作EKG电极以及无关电极|提供电刺激|监测心电图信号|连接单独的第二引线,脊髓刺激,双重功能|电极连接,285.0,False,无关,涉及心脏电刺激与心电图监测，未涉及脑信号或神经调控。
US20060135998A1,A61N1,电疗器械,美国,0,2005,反馈控制信号接收与处理|神经刺激控制信号调整,闭环神经刺激,反馈控制,461.0,False,无关,涉及自主神经系统而非脑信号，非脑机接口领域。
US20090287277A1,A61N1,电疗器械,美国,0,2008,电互连|路由,神经刺激,无需修改信号|直接路由,57.0,False,无关,涉及神经刺激电极接口，但未提及脑信号采集或解码，非BCI核心应用。
CN117883705B,A61N1,电疗器械,中国,1,2024,外周神经阻抗拓扑分布测量算法|闭环电刺激,外周神经电刺激|电疗系统,环形结构和双钩结构利于固定|绕簧结构增加弹性和形变范围|阻抗拓扑分布测量,0.0,False,无关,涉及外周神经电刺激，非脑信号采集或神经调控
CN117883705A,A61N1,电疗器械,中国,1,2024,外周神经阻抗拓扑分布测量算法|闭环电刺激,外周神经电刺激|电疗系统,环形结构和双钩结构利于固定|绕簧结构增加弹性和形变范围|阻抗拓扑分布测量,0.0,False,无关,涉及外周神经电刺激，非脑信号采集或神经调控
US7076307B2,A61N1,电疗器械,美国,0,2004,可充电电池|外部刺激器|植入式刺激接收器|组合可植入装置|脉冲发生器|脉冲电刺激,偏头痛|抑郁症|焦虑症|痴呆|癫痫|神经性疼痛|肥胖症|进食障碍,神经电刺激,287.0,False,无关,涉及迷走神经刺激，非脑信号采集或脑机接口应用。
US4977895A,A61N1,电疗器械,美国,0,1989,数字混频器组合频率|电抗元件提供补偿|脉冲发生器|调节载波频率产生脉冲串输出|高通和低通滤波器的组合,医疗用电气设备|神经电刺激,初始组织阻抗更高，施加的电压必须更高才能保持恒定电流|刺激参数|刺激波形,182.0,False,无关,电神经刺激器未涉及脑信号采集或解码，仅通用神经刺激，非BCI核心或直接应用。
US4541432A,A61N1,电疗器械,美国,0,1982,在第三时间段内抑制脉搏波的传送|矩形波形,抑制器质性疼痛,伪随机函数选择时间段和重复率|消除有害感觉和神经细胞对刺激的适应,450.0,False,无关,电刺激神经纤维抑制疼痛，非脑信号采集或解码，不涉及BCI核心。
WO2021003290A1,A61N1,电疗器械,世界知识产权组织,0,2020,模型|确定刺激参数|算法,脊髓刺激系统,亚感知刺激|能量值表示为频率的函数,12.0,False,无关,涉及脊髓电刺激，非脑信号采集或神经调控
US9981132B2,A61N1,电疗器械,美国,0,2016,根据响应于当前状态的刺激参数的实现而获得的生理水平的规则，以有组织的及时方法确定状态之间的可能转换|状态转换模型,迷走神经刺激治疗,状态转换模型|矩阵根据测量的生理水平与目标水平确定状态之间的转换规则,0.0,False,无关,涉及迷走神经刺激，非脑信号采集或神经调控核心，且未提及脑机接口应用。
WO2021178105A1,A61N1,电疗器械,世界知识产权组织,0,2021,使用一个或多个模型|使用调制函数|占空比循环刺激|调节子感知刺激参数,神经刺激,根据时间调节总电荷,16.0,False,无关,涉及可植入脉冲发生器刺激，但未明确脑信号采集或神经调控，属一般神经刺激技术。
US20190002835A1,C12N5,动物细胞培养,美国,0,2016,3类器官三维神经组织结构|体外产生3所述的方法|干细胞分化,脑机接口|药物筛选,神经元细胞类型分化|神经组织产生,15.0,False,无关,涉及脑类器官制备，非脑信号采集或神经调控
CN114588534A,A61N1,电疗器械,中国,1,2022,接口通过转接线连接|水凝胶贴片粘在电极上|阵列设计,功能康复训练|手臂|肌电信号采集|腿部|躯干,非侵入式|高密度多通道,5.0,False,无关,仅涉及肌电信号采集与肌肉康复，未涉及脑信号或神经调控。
WO2021201353A1,A61B5,身体诊断测量,世界知识产权组织,0,2020,基于多个生物信号确定疼痛程度|增加和向多个受检者提供多个疼痛刺激|存储多个疼痛阈值和多个生物信号,疼痛分析,疼痛阈值与生物信号的关联,3.0,False,无关,生物信号未明确为脑信号，且非BCI核心，属一般疼痛分析
US62935901P0,,,美国,0,2019,分析电生理信号|刺激体内目标|检测电生理信号,癫痫,神经调节,4.0,False,无关,涉及肾神经调节，非脑信号采集或脑机接口应用。
US20060009815A1,A61N1,电疗器械,美国,0,2005,刺激和/或阻断迷走神经|矩形和/或复合电脉冲,帕金森病|癫痫,神经调节迷走神经和/或其分支,221.0,False,无关,迷走神经刺激不涉及脑信号采集或解码，非BCI核心或边缘应用。
US11717682B2,A61N1,电疗器械,美国,0,2020,经皮神经电刺激,人体中经皮电神经刺激,电刺激神经,4.0,False,无关,经皮电刺激神经镇痛，非脑信号采集或脑调控，不涉及脑机接口。
US20120130449A1,A61F11,耳科治疗器具,美国,0,2010,反转波形约为零电平|施加电脉冲|时间反转波形,耳蜗植入,不对称脉冲波形,37.0,False,无关,耳蜗植入属听觉假体，非脑信号采集或神经调控
WO2019204884A1,A61N1,电疗器械,世界知识产权组织,0,2019,传送电刺激|定位电极阵列|细化刺激参数|获得电生理响应的记录|评估记录的一个或多个选择的特性|识别吸收水平,混合神经的神经刺激,通过评估记录的特性识别由电刺激所吸收的纤维类型,83.0,False,无关,刺激外周混合神经，非脑信号采集或脑调控
US7991475B1,A61N1,电疗器械,美国,0,2006,高密度微加工,听神经植入物|神经刺激和/或感测,向听觉神经递送电脉冲/从听觉神经接收数据,102.0,False,无关,涉及听神经刺激，非脑信号采集或脑机接口应用
US20080275527A1,A61N1,电疗器械,美国,0,2007,使用热塑性聚合物在多个模具中重复加热|向完成的阵列施加适当量的热量产生曲线|在折叠内和折叠外添加附加材料|在柔性电路阵列中提供折叠或扭转|沿着边缘添加材料,人工感觉刺激|皮层刺激,热塑性聚合物热成型原理|电极阵列与神经组织接触压力控制,59.0,False,无关,涉及视网膜假体神经刺激，但非脑信号采集或脑机接口核心应用。
CN103245724A,G01N27,电化学检测,中国,1,2013,以1mV为增量由低到高逐渐改变激发脉冲信号的电压幅值|使神经细胞的部分胞壁结构与微电极阵列的微电极接触形成生物电接口|将体外培养的神经细胞制成细胞悬液加入到微电极阵列芯片的生物相容性玻璃套环中|改变药物浓度探测电信号激发条件阈值|添加药物到生物相容性玻璃套环中|由微电极阵列MEA系统产生激发脉冲信号激励神经细胞,药物作用下神经细胞放电性能检测,神经细胞产生标准动作电位信号时的激发脉冲信号的电压幅值作为当前药物浓度下的电激发信号条件阈值,8.0,False,无关,涉及体外神经细胞药物检测，非脑信号采集或BCI应用
US6587724B2,A61N1,电疗器械,美国,0,2000,快速、自动和/或交互式地编程刺激参数的值|施加激励电流脉冲|通过多电极接触电极阵列的单个电极接触的选定分组施加电刺激,神经刺激系统,刺激电流从阳极电极流向阴极电极,372.0,False,无关,涉及通用神经刺激器编程，未特指脑信号或脑机接口应用
US6731986B2,A61N1,电疗器械,美国,0,2003,幅度编程|快速、自动和/或交互式地编程刺激参数的值|施加激励电流脉冲|通过多电极接触电极阵列的单个电极接触的选定分组施加电刺激,可植入电刺激器|神经刺激系统,刺激电流从阳极电极流向阴极电极|感知阈值机制,140.0,False,无关,涉及通用神经刺激器编程，未特指脑信号采集或脑机接口应用。
CN117907396A,G01N27,电化学检测,中国,1,2023,三维微柱阵列|套刻,电化学检测,增加比表面积|提供连续的电场分布,4.0,False,无关,电化学传感器，未涉及脑信号采集或神经调控
JP2007521076A5,A61N1,电疗器械,日本,0,2004,可植入电极组件|引线容纳在电缆中|电极阵列由柔性支撑部件|第一多个电极连接到第一引线|第二多个电极连接到第二引线,患者电刺激,偏置电极产生电场,0.0,False,无关,仅涉及植入式电刺激装置，未提及脑信号采集或解码，非BCI核心或边缘应用。
JP2007521076A,A61N1,电疗器械,日本,0,2004,可植入电极组件|引线容纳在电缆中|电极阵列由柔性支撑部件|第一多个电极连接到第一引线|第二多个电极连接到第二引线,患者电刺激,偏置第一多个电极在第一电位，第二多个电极在第二电位，产生电场,22.0,False,无关,仅涉及植入式电刺激装置，未提及脑信号采集或解码，非BCI应用。
US10780264B2,A61N1,电疗器械,美国,0,2018,,治疗患者的医学疾病,,10.0,False,无关,仅涉及脑部电刺激治疗，无脑信号采集或解码，非BCI
US20120078327A1,A61N1,电疗器械,美国,0,2011,微装置定位|接口引导信号或流体|柔性支撑构件附接,神经刺激,,62.0,False,无关,涉及神经刺激电极组件，但未明确脑信号采集或BCI应用，属一般神经刺激器械。
US20190344075A1,A61N1,电疗器械,美国,0,2019,信号处理算法|多极时空刺激|时空选择性刺激,神经系统功能支持|脊髓的电神经刺激,多极时空刺激,21.0,False,无关,涉及脊髓电刺激，非脑信号采集或脑机接口应用。
WO2023194449A1,A61N1,电疗器械,世界知识产权组织,0,2023,可弯曲衬底至少部分地围绕神经布置|神经内电极穿透神经外表面建立电连接|表面电极在神经外表面建立电连接,电刺激至少一个神经,电极与神经电连接,2.0,False,无关,涉及神经电刺激装置，非脑信号采集或脑机接口应用。
US20070027514A1,A61N1,电疗器械,美国,0,2005,将电极阵列分布在凸面或凹面上,深部脑刺激以减轻神经障碍|盆底刺激以减轻失禁或性功能障碍|胃肠刺激以减轻胃轻瘫或肥胖|脊髓刺激以减轻慢性疼痛,适形电极阵列,500.0,False,无关,涉及脊髓、胃肠等刺激，未提及脑信号采集或脑机接口
US20170173326A1,A61N1,电疗器械,美国,0,2016,信号处理算法|多极时空刺激|时空选择性刺激,神经系统功能支持,脊髓回路和/或背根的多极时空刺激,83.0,False,无关,涉及脊髓电刺激，非脑信号采集或脑机接口应用。
WO2016090436A1,A61N1,电疗器械,世界知识产权组织,0,2015,使用反馈|完成反馈回路|导出反馈变量|测量神经信号|自适应地补偿反馈回路,控制神经刺激,反馈控制|诱发动作电位,102.0,False,无关,涉及神经刺激反馈控制，但非脑信号采集或BCI应用
GB2468441A,A61B5,身体诊断测量,英国,0,2008,基于受试者的整体活动水平或身体一部分的使用/活动确定阻断刺激的递送时机|重复或周期性阻断外周神经结构中的传导,神经调节,阻断外周神经结构中的传导,0.0,False,无关,涉及外周神经阻断，非脑信号采集或脑调控
WO2009073891A1,A61N1,电疗器械,世界知识产权组织,0,2008,施加电刺激治疗|植入刺激电极,神经障碍治疗,靶向神经刺激治疗,12.0,False,无关,涉及植入电极神经刺激治疗，非脑信号采集解码或BCI应用。
US6060048A,A01N63,微生物及酶处理,美国,0,1995,将具有附着的细胞的支持基质植入到脑中|将细胞附着到支持基质上,亨廷顿氏病|慢性疼痛治疗|癫痫|脑外伤|阿尔茨海默氏病,细胞附着到基质表面,87.0,False,无关,涉及脑内细胞移植治疗，非脑信号采集或神经调控
US8406877B2,A61N1,电疗器械,美国,0,2007,基于检测到的对所施加刺激的生理反应滴定刺激|将刺激场导向所选神经目标,选择性神经刺激,刺激场导向|闭环功能,120.0,False,无关,涉及神经刺激但未提及脑信号采集或解码，非BCI核心应用。
CN103732284A,A61M31,体腔给药器,中国,1,2012,可植入电极阵列提供多个通信信道|密封罩壳容纳电路|放大器电路处理电信号|无线传输|经皮附接装置连接,可植入的无线神经装置,无线介质透明|生物相容性,30.0,False,无关,仅描述通用可植入电接口，未明确涉及脑信号或神经调控
US6038480A,A61N1,电疗器械,美国,0,1998,信号传输|接收来自主电缆的电力和来自数据导体的数据|电极控制,活组织刺激|记录技术,局部控制活性位点,638.0,False,无关,涉及可植入电极刺激，但未明确脑信号或神经调控，属通用电刺激设备。
WO2025151770A1,A61N1,电疗器械,世界知识产权组织,0,2025,神经调节,患者缓解状态诱导|神经刺激递送,减少剂量而不相应减少或显著减少有效性,0.0,False,无关,涉及神经电刺激但未提及脑信号采集或解码，非BCI核心应用
US6167304A,A61N1,电疗器械,美国,0,1999,引入脉冲可变性|施加脉冲外电场|脉冲可变性,癫痫发作控制|神经系统电场操纵|震颤治疗,电场刺激在神经系统共振中激发|调节正常自发刺突模式,135.0,False,无关,涉及外周神经电场调控，非脑信号采集或脑机接口应用
WO2012155188A1,A61N1,电疗器械,世界知识产权组织,0,2012,刺激参数更新|刺激参数设置|比较治疗图|测量神经信号|确定精神状态,神经刺激|脊髓刺激,治疗关系控制变量到反馈变量|诱导作用电位,211.0,False,无关,涉及脊髓神经刺激，非脑信号采集或脑机接口应用。
US20150142082A1,A61N1,电疗器械,美国,0,2013,电刺激|结合生物反馈,生物反馈治疗,电刺激调制神经,147.0,False,无关,涉及神经电刺激但非脑信号采集解码，且生理反馈非核心脑机接口
US10471262B2,A61N1,电疗器械,美国,0,2018,产生输入信号|传输输入信号|植入神经刺激器|电信号施加|转换输入信号为电脉冲,植入式医疗设备|神经刺激器系统,电脉冲调制|电辐射耦合,52.0,False,无关,涉及一般神经刺激器，未特指脑信号采集或脑机接口应用
US7894913B2,A61N1,电疗器械,美国,0,2007,电刺激|电刺激波形|神经调节,骨盆区域,神经调节,76.0,False,无关,神经调节刺激针对骨盆神经，非脑信号采集或脑调控。
EP4434461A3,A61N1,电疗器械,欧洲专利局,0,2019,定位可植入电极阵列|细化刺激参数|获得电生理响应的记录|评估记录的一个或多个选择的特性|递送电刺激,混合神经的神经刺激,通过评估记录的一个或多个选择的特性来分析记录，根据观察到的选择的特性来识别由电刺激募集的一种或多种纤维类型的募集水平,0.0,False,无关,涉及混合神经电刺激与记录，非脑信号采集或神经调控，不属BCI领域。
AU2020428944A1,A61N1,电疗器械,澳大利亚,0,2020,反馈控制变量|神经特征预测模型|闭环控制,亚感知治疗|脊髓刺激治疗,基于加速度计信号预测神经特征,8.0,False,无关,基于加速度计信号预测神经特征，非脑信号采集或解码，不属BCI
CN107073217A,A61M5,注射器械,中国,1,2015,特征信号分析|量化第一群体数据和第二群体数据之间的关系,自主神经刺激(ANS)疗法,没有诱发的生理反应|诱发的生理反应,3.0,False,无关,涉及自主神经刺激疗法，非脑信号采集或神经调控，与BCI无关。
AU2020218139B2,A61N1,电疗器械,澳大利亚,0,2020,使用训练数据选择刺激参数|接收模型|接收适配信息,脊髓刺激系统,模型指示优选刺激参数的范围或体积|适配信息包括症状、刺激信息和表型信息,0.0,False,无关,涉及刺激器参数调整，未提及脑信号采集或解码，非BCI核心或边缘应用。
WO2021188824A1,A61N1,电疗器械,世界知识产权组织,0,2021,微制造|微加工方法,脑机接口,,0.0,False,无关,涉及薄膜引线组件制造，未提及脑信号或神经调控
CN104096313A,A61N1,电疗器械,中国,1,2014,体内外线圈耦合进行数据和能量的经皮无线传输|刺激参数调制|无线通信|柔性电路板工艺|聚酰亚胺绝缘封装,动物实验研究|脊髓神经电刺激,神经刺激|神经电刺激,69.0,False,无关,涉及脊髓电刺激，非脑信号采集或脑机接口应用。
US20090012590A1,A61N1,电疗器械,美国,0,2007,利用放置在电极之间的神经导体提供电流通过的路径,神经刺激治疗,通过神经导体提供电流通过的路径，而不是允许电流扩散到相邻组织,110.0,False,无关,涉及神经刺激电流扩散控制，非脑信号采集或解码，非BCI应用。
US11766561B2,A61N1,电疗器械,美国,0,2018,提供刺激的方法,疼痛状况|骨盆病症,,10.0,False,无关,涉及神经调节刺激器但未明确脑信号采集或解码，非BCI核心应用。
US20060074450A1,A61N1,电疗器械,美国,0,2005,可编程脉冲发生器|外部刺激器提供刺激/阻断脉冲|感应耦合|电源选择电路切换,传入迷走神经调节治疗癫痫、抑郁症、帕金森氏病等|传出迷走神经刺激治疗心房纤颤和充血性心力衰竭|海绵状神经刺激治疗勃起功能障碍|深部脑刺激治疗帕金森病|疼痛状况|胃神经或胃壁刺激治疗肥胖症|脊髓神经电刺激|骶神经刺激治疗尿失禁,神经刺激|神经调节|迷走神经调节,463.0,False,无关,涉及神经刺激植入系统，但未涉及脑信号采集解码或BCI应用，属一般神经调控医疗器械。
US20080077192A1,A61N1,电疗器械,美国,0,2007,亚阈值刺激|电信号驱动刺激元件|非周期性刺激,中风患者治疗,诱导神经塑性变化,338.0,False,无关,神经刺激系统不涉及脑信号采集或解码，非BCI核心或边缘应用。
US7917225B2,A61N1,电疗器械,美国,0,2006,将电刺激施加到与神经过程相关联的患者的脑的位置|施加电刺激|确定脑活动变化|选择至少一个神经过程,治疗,电刺激|神经过程（计划过程、启动过程和执行过程）,25.0,False,无关,仅涉及脑电刺激治疗运动障碍，无脑信号采集或解码，非BCI
US7908009B2,A61N1,电疗器械,美国,0,2006,将电刺激施加到与神经过程相关联的患者的脑的位置|施加靠近半球间裂、西尔维亚裂或在两个裂之间的电刺激|确定脑活动变化|选择至少一个神经过程,治疗,电刺激|神经过程,23.0,False,无关,仅涉及脑电刺激治疗运动障碍，无脑信号采集或解码，非BCI。
US20110152967A1,A61N1,电疗器械,美国,0,2011,刺激神经纤维|感应电流和/或电场|磁刺激|输送能量,帕金森病|术后认知功能障碍|神经退行性疾病|阿尔茨海默病,减轻神经炎症|抗炎,376.0,False,无关,刺激迷走神经治疗神经退行性疾病，非脑信号采集或脑机接口应用。
US20230414947A1,A61N1,电疗器械,美国,0,2023,反馈控制变量调节|神经特征预测模型|闭环控制,子感知疗法|脊髓刺激治疗,基于加速度计信号预测神经特征|神经特征作为反馈控制变量,5.0,False,无关,基于加速度计信号预测神经特征，非脑信号采集或解码，不属BCI
US20190168000A1,A61N1,电疗器械,美国,0,2017,反馈控制变量调节|实时采集脑电信号|导出反馈变量|应用补偿传递函数|施加神经刺激,神经调节,刺激传递函数|反馈控制|补偿传递函数,70.0,False,无关,涉及外周神经刺激与ECAP反馈，非脑信号采集或脑机接口应用。
US20080051839A1,A61N1,电疗器械,美国,0,2006,独立调节两相波形中的至少一个相位的至少一个刺激参数|自动滴定神经刺激治疗,神经刺激治疗,确定检测到的副作用是否归因于递送的神经刺激治疗,375.0,False,无关,涉及神经刺激治疗副作用检测，非脑信号采集解码或BCI应用
US12138457B2,A61N1,电疗器械,美国,0,2021,导出反馈变量|应用补偿传递函数|控制未来刺激的刺激参数值|施加神经刺激|测量神经复合动作电位反应,神经刺激控制,反馈控制|距离相关传递函数补偿,2.0,False,无关,涉及神经刺激与ECAP反馈，但未涉及脑信号采集或脑机接口应用
US11191966B2,A61N1,电疗器械,美国,0,2017,刺激参数控制|实时采集脑电信号|导出反馈变量|应用补偿传递函数|施加神经刺激,神经调节,反馈控制|距离相关传递函数补偿,12.0,False,无关,涉及神经刺激和ECAP反馈，但非脑信号采集或脑机接口应用。
US8457764B2,A61N1,电疗器械,美国,0,2011,弯曲控制元件沿电极阵列长度分布,前庭植入物|耳蜗植入物,根据弯曲半径阈值控制弯曲柔性,50.0,False,无关,涉及耳蜗/前庭植入物电极阵列，非脑信号采集或神经调控核心
US20210146140A1,A61N1,电疗器械,美国,0,2020,图形呈现|计算|选择,神经调节系统,,0.0,False,无关,仅涉及电刺激规划，未提及脑信号采集或神经调控
CN110573065A,A61B5,身体诊断测量,中国,1,2018,,,,9.0,False,无关,电刺激系统未明确涉及脑信号，生物信号非核心，属一般医疗器械
US8494640B2,A61N1,电疗器械,美国,0,2009,阳极电流同时从第一电极和第二电极中的一个提供给组织|阴极电流从组织下沉到第一电极和第二电极中的另一个,治疗,电极组织接触表面积差异导致电流密度分布变化,30.0,False,无关,神经刺激系统但未涉及脑信号采集或解码，非BCI核心应用。
CN117618768A,A61N1,电疗器械,中国,1,2023,包裹部分卷曲包裹固定在神经外膜上|穿植部分穿透神经膜内植入神经束中,周围神经电刺激,空间定向刺激记录|立体柔性电极结构,1.0,False,无关,涉及外周神经电极，非脑信号采集或调控，不属脑机接口。
WO2023240693A1,A61B5,身体诊断测量,世界知识产权组织,0,2022,在周围神经束内部和表面采集或施加电信号|施加电信号|植入到截断的周围神经或神经残端|通过导线传输采集到的电信号,周围神经修复|神经残端,孔隙便于周围神经的重建并在重建后与周围神经紧密接触,2.0,False,无关,涉及周围神经电极，非脑信号采集或神经调控，不属BCI领域。
WO2023240691A1,A61N1,电疗器械,世界知识产权组织,0,2022,施加电信号|电极位点电耦合导线层|线性式柔性电极植入,周围神经电刺激|神经信号检测,电极位点与周围神经接触以采集或施加电信号,2.0,False,无关,涉及周围神经电极，非脑信号采集或调控，不属脑机接口。
CN112334184A,A61N1,电疗器械,中国,1,2019,完善刺激参数|根据一组刺激参数传递电刺激|记录神经响应|评估记录的一个或多个选定特征|识别由电刺激募集的一种或多种纤维类型的募集水平,混合神经的神经刺激,通过评估记录的一个或多个选定特征来分析记录，根据观察到的选定特征识别募集水平,8.0,False,无关,涉及外周混合神经刺激，非脑信号采集或脑机接口应用。
US20210370053A1,A61B5,身体诊断测量,美国,0,2019,表面改性|设计高深宽比纳米柱特征,减少人体疼痛|可植入神经刺激器|神经诊断工具|耳蜗植入物|脊髓和外周神经刺激,柔性电路电极阵列|高深宽比纳米柱特征用于表现出显著降低的电阻抗,33.0,False,无关,涉及脊髓和外周神经刺激，非脑信号采集或脑机接口应用。
US7894905B2,A61N1,电疗器械,美国,0,2006,响应刺激|响应性治疗|响应的治疗能力|预定的治疗能力,疼痛治疗|神经刺激器,施加到大脑和神经系统外周部分的响应刺激,293.0,False,无关,神经刺激器治疗疼痛，未涉及脑信号采集或解码，非BCI核心或边缘应用。
US7819812B2,A61B5,身体诊断测量,美国,0,2006,响应于测量和其它观察到的状况调节脑血流|调节脑血流,癫痫|神经系统疾病,增加或减少脑灌注,43.0,False,无关,涉及神经刺激治疗癫痫，但未提及脑信号采集或解码，非BCI核心或直接应用。
US20030149457A1,A61N1,电疗器械,美国,0,2002,分析传感器信号|检测运动障碍的症状发作的特征性生理病症|选择性地启动治疗,治疗,通过检测运动障碍的症状发作的特征性生理病症并在检测到所述病症时选择性地启动治疗,492.0,False,无关,涉及神经刺激但未明确脑信号采集或解码，非BCI核心
AU2020299381B2,A61N1,电疗器械,澳大利亚,0,2020,刺激参数确定|刺激程序确定算法|模型预定能量值|神经剂量确定,脊髓刺激器装置|脊髓刺激系统,子感知刺激|能量值作为频率的函数,0.0,False,无关,涉及脊髓电刺激，非脑信号采集或神经调控
US8983617B2,A61N1,电疗器械,美国,0,2013,存储刺激参数值|感测指示患者身体状态的信号|根据患者的物理状态选择刺激参数,神经刺激,根据物理状态优化刺激参数,16.0,False,无关,仅基于身体状态信号控制神经刺激，未涉及脑信号采集或解码。
US20210101007A1,A61N1,电疗器械,美国,0,2018,修改与膀胱功能相关的脑或脊髓自主反馈回路|接收用户输入|突发刺激|经皮表面刺激,外周神经调节|治疗与膀胱活动过度相关的疾病,自主反馈回路调节|调节副交感神经和交感神经系统活动,51.0,False,无关,刺激外周神经调节膀胱功能，未涉及脑信号采集或解码
US10335601B2,A61N1,电疗器械,美国,0,2016,构建脉冲串(PT)和串组(TG)|调度神经刺激程序的递送,神经刺激系统,神经刺激脉冲的模式,5.0,False,无关,神经刺激系统但未涉及脑信号采集或解码，非BCI核心或边缘应用
US11167142B2,A61N1,电疗器械,美国,0,2018,以第一速率在第一时间段内增加第一神经刺激信号的第一值|以第二速率增加第二神经刺激信号达第二时间段|传送具有第一组参数的第一神经刺激信号|停止第一神经刺激信号的递送|递送具有第二组参数的第二神经刺激信号,可植入神经刺激器,滴定,2.0,False,无关,涉及神经刺激器参数滴定，未提及脑信号采集或解码，非BCI核心或边缘应用。
US10967185B2,A61N1,电疗器械,美国,0,2019,以第一速率在第一时间段内增加第一神经刺激信号的第一值|以第二速率增加第二神经刺激信号达第二时间段|传送具有第一组参数的第一神经刺激信号|停止第一神经刺激信号的递送|递送具有第二组参数的第二神经刺激信号,可植入神经刺激器,滴定,2.0,False,无关,涉及神经刺激器参数滴定，未涉及脑信号采集或解码，非BCI核心或边缘应用。
WO2022016186A1,A61N1,电疗器械,世界知识产权组织,0,2021,使用预定义的操作以预定义的方式选择或调整刺激安装和相关联的权重|定义多组刺激安装和相关联的权重|布置和激活刺激矩阵缓冲器|评估刺激方案,家庭环境,刺激的几何形状和位置|简化了刺激场的特性的调整,1.0,False,无关,涉及神经刺激但未提及脑信号采集或解码，非BCI核心应用。
US11383088B2,A61N1,电疗器械,美国,0,2020,从刺激测试模式中选择刺激波形|根据响应参数和选择准则选择神经刺激治疗模式,神经调节参数选择|脊髓刺激,响应参数|神经刺激响应,1.0,False,无关,涉及脊髓电刺激，非脑信号，不属脑机接口
US20220241593A1,A61N1,电疗器械,美国,0,2022,接收关于在脊髓的侧部附近放置至少一个导线的信息|接收用户选择的可选择刺激模式|根据用户选择施加电刺激能量|识别一个或多个侧脊柱神经目标,神经调节系统,脊髓侧向刺激,5.0,False,无关,涉及脊髓电刺激，非脑信号采集或脑机接口应用
US20070021786A1,A61N1,电疗器械,美国,0,2005,电刺激脑神经,心绞痛治疗,引起冠状动脉扩张|改变神经活性,159.0,False,无关,电刺激迷走神经治疗心绞痛，非脑信号采集或脑机接口应用
US20050033377A1,A61N1,电疗器械,美国,0,2004,产生刺激波形|递送刺激到神经网络,神经刺激器系统|耳蜗植入物,电刺激促进和/或控制天然存在的药剂释放,51.0,False,无关,耳蜗植入物刺激听觉神经，非脑信号采集或脑机接口应用。
US8423145B2,A61M5,注射器械,美国,0,2012,响应治疗|存储个性化学习数据,神经系统疾病治疗,治疗递送策略基于生理或其它上下文变化,39.0,False,无关,涉及神经刺激治疗，但未提及脑信号采集或解码，非BCI核心。
US20250032796A1,A61N1,电疗器械,美国,0,2022,机器学习模型|机器学习模型分类|脊髓刺激编程,疼痛治疗,神经特征辅助刺激编程,4.0,False,无关,涉及脊髓刺激与疼痛神经记录，非脑信号采集或脑机接口应用。
WO2023107450A1,A61N1,电疗器械,世界知识产权组织,0,2022,机器学习模型|机器学习模型分类|脊髓刺激编程|闭环治疗,慢性疼痛治疗,检测到与疼痛相关的预设神经活动模式时自动调整刺激器设置|神经特征辅助刺激编程,8.0,False,无关,涉及脊髓刺激与疼痛神经记录，非脑信号采集或脑机接口应用。
US20090033486A1,G08B21,状态报警器,美国,0,2007,信号处理|信号接收|指示输出|无线传感,外科手术|面神经监测,,82.0,False,无关,涉及面神经监测，非脑信号采集或神经调控，与BCI无关。
US20140277253A1,A61N1,电疗器械,美国,0,2014,感测复合动作电位|识别神经支周向位置|诱发复合动作电位|输送电刺激能量,肾动脉|血管壁,神经支调节|肾神经调节,8.0,False,无关,涉及肾动脉神经调节，非脑信号采集或神经调控
US20180228547A1,A61B34,手术导航系统,美国,0,2015,临时定位探针电极|感测复合动作电位|施加电刺激|根据感测到的复合动作电位确定位置,神经外科,神经电生理信号传导机制,97.0,False,无关,涉及神经电极定位，但非脑信号采集解码或BCI应用，属一般神经外科器械。
US20100125313A1,A61N1,电疗器械,美国,0,2009,传送电脉冲波形|传递电能|调节动作电位传播,治疗|脊髓刺激,逆行传播|顺向传播|频率阻挡,262.0,False,无关,涉及脊髓电刺激调节动作电位，非脑信号采集或神经调控
WO2016090420A1,A61N1,电疗器械,世界知识产权组织,0,2015,临时定位探头电极|感测复合动作电位|施加电刺激|确定电极阵列位置|诱发复合动作电位,外科手术,电刺激诱发神经复合动作电位|通过检测复合动作电位确定电极位置,115.0,False,无关,涉及外周神经电极植入定位，非脑信号采集或神经调控
US9999463B2,A61B18,外科电热器械,美国,0,2015,从内腔壁内部接收电信号|从患者体内的噪声中提取信号|将神经破坏对动作电位传播的影响用作反馈机制|提供刺激并在患者体内引发动作电位|破坏神经功能,监测神经活动|通过血管的内腔壁提供与患者自主神经的接口,神经破坏对动作电位传播的影响可以有效地用作确定患者神经功能破坏量的反馈机制,23.0,False,无关,涉及血管内自主神经接口，非脑信号采集或脑机接口应用
US20040176831A1,A61N1,电疗器械,美国,0,2003,以第一电位偏压第一多个电极并以第二电位偏压第二多个电极以产生电场,电刺激施加,产生接近刺激部位的电场,166.0,False,无关,电刺激装置未明确涉及脑信号采集或神经调控，属一般医疗植入设备。
US7831305B2,A61B5,身体诊断测量,美国,0,2002,减弱侧支神经活动|感测侧支神经活动证据|感测神经活动信号|递送刺激信号,神经刺激程序,神经可塑性改变或重组,142.0,False,无关,涉及神经刺激但未明确脑信号采集或BCI应用，属一般神经调控
WO2011157714A1,A61N1,电疗器械,世界知识产权组织,0,2011,使用导电PDMS制作导线|嵌入柔性电极和导电引线于可贴合基板|有限元三角面片化处理|金属涂覆导线,中枢神经系统|硬膜外/下空间|脊髓,可拉伸性|导电填料增强导电性|柔性贴合,47.0,False,无关,涉及脊髓电刺激，非脑信号采集或脑机接口应用。
US20160206883A1,A61N1,电疗器械,美国,0,2015,编程IPG以递送第一脉冲串到第一电极|编程ipg以递送第一脉冲串到第一电极,神经刺激,激活电流密度分布,63.0,False,无关,涉及神经刺激但未提及脑信号采集或解码，非BCI核心应用。
US9409011B2,A61N1,电疗器械,美国,0,2014,通过第一开口提供电极向脊髓施加电刺激的路径,脊髓电刺激,电刺激传导,7.0,False,无关,刺激脊髓而非脑信号，不涉及脑机接口
US12186556B2,A61N1,电疗器械,美国,0,2022,信号发生器提供电刺激信号|电极装置放置|选择性分配有效电极,电刺激施加,电刺激,0.0,False,无关,仅涉及通用电刺激系统，未提及脑信号采集或神经调控
US20030093130A1,A61N1,电疗器械,美国,0,2001,多路复用|扩展单元将可植入脉冲发生器耦合到可植入电极阵列,电刺激施加,选择性电刺激,112.0,False,无关,涉及可植入电刺激装置，但未提及脑信号采集或神经调控，非BCI领域。
US10124173B2,A61N1,电疗器械,美国,0,2016,状态转换|状态转换控制单元根据响应于当前状态的刺激参数的实现而获得的生理水平的规则，以有组织的及时方法确定状态之间的可能转换|自适应状态转换模型,神经刺激疗法,基于生理水平的自适应控制|状态转换模型,8.0,False,无关,涉及迷走神经刺激，非脑信号采集或脑机接口直接应用。
US10099056B2,A61N1,电疗器械,美国,0,2016,状态转换|状态转换模型|生理水平规则,迷走神经的刺激治疗,状态转换控制,0.0,False,无关,涉及迷走神经刺激，非脑信号采集或神经调控核心，未提及脑机接口
US10092756B2,A61N1,电疗器械,美国,0,2016,状态转换控制|状态转换模型,迷走神经刺激治疗,刺激参数与预期响应关联|状态转换模型,3.0,False,无关,涉及迷走神经刺激，非脑信号采集或脑机接口核心
US9345886B2,A61N1,电疗器械,美国,0,2014,定时控制|成对训练|神经刺激,中风|创伤后应激障碍|外伤性脑损伤|学习|康复|提高成绩的训练|治疗|治疗耳鸣,"增强各种疗法的疗效|外源性电信号模拟和/或增强内源性传入活动,从而增强迷走神经诱发电位|诱导大脑的可塑性",13.0,False,无关,涉及神经刺激但非脑信号采集解码，且刺激外周神经非脑机接口核心
US7450992B1,A61N1,电疗器械,美国,0,2005,电反馈控制|调节治疗神经刺激,神经刺激治疗,刺激脉冲诱导动作电位|基于检测到的复合动作电位修改刺激脉冲,195.0,False,无关,涉及外周神经刺激与感觉异常，非脑信号采集或脑调控。
US12605536B2,A61N1,电疗器械,美国,0,2021,微制造|微加工,脑机接口,,0.0,False,无关,涉及薄膜引线组件制造，未提及脑信号或神经调控
US5501703A,A61N1,电疗器械,美国,0,1994,多通道脉冲发生器驱动多个电极|脉冲定时和幅度的变化,多通道硬膜外横向脊髓刺激,感觉异常模式产生|电刺激场移动,619.0,False,无关,涉及脊髓电刺激，非脑信号采集或神经调控，不属BCI
AU2015328575B2,A61N1,电疗器械,澳大利亚,0,2015,改变刺激参数|施加电刺激电流至电极|确定生物信号关系|确定生物信号功率谱|获得生物信号信息,刺激系统,信号相干性分析|功率谱分析,0.0,False,无关,电刺激系统基于生物信号但未明确涉及脑信号，可能为神经调控但非BCI核心。
US7890185B2,A61N1,电疗器械,美国,0,2003,单向神经刺激|抑制动作电位传播|施加电流,治疗疾病,刺激脉冲诱导动作电位|抑制动作电位传播,171.0,False,无关,涉及神经组织电刺激治疗，但非脑信号采集或脑机接口应用。
US8831750B2,A61N1,电疗器械,美国,0,2013,弯曲控制元件沿电极阵列长度分布,前庭植入物|耳蜗植入物,弯曲半径阈值控制弯曲柔性,18.0,False,无关,耳蜗/前庭植入物刺激神经，但非脑信号采集或脑机接口直接应用。
US11612751B2,A61N1,电疗器械,美国,0,2020,刺激参数调制|递送具有不同IPI、刺激几何形状和其他波形设置的用户配置的波形,神经调节|脊髓刺激(SCS),通过相间间隔(IPI)分开第一相位和第二相位，实现异步激活,1.0,False,无关,涉及脊髓刺激神经调节，非脑信号采集或脑机接口应用。
US20140058481A1,A61N1,电疗器械,美国,0,2013,产生输入信号|施加电脉冲|植入神经刺激器|电辐射耦合传输|转换电脉冲,神经刺激器系统,电脉冲调制|电辐射耦合,43.0,False,无关,涉及可兴奋组织神经刺激，但未特指脑信号或脑机接口应用。
US11266830B2,A61N1,电疗器械,美国,0,2020,支撑梳,神经刺激器植入,内部支撑梳的面使得能够对导线进行对准、布线和保持,0.0,False,无关,涉及可植入引线装置内部结构，未提及脑信号采集或神经调控
US11344729B1,A61N1,电疗器械,美国,0,2021,刺激参数控制|反馈环路自适应补偿|实时采集脑电信号|导出反馈变量|施加神经刺激,神经刺激,反馈控制,7.0,False,无关,涉及外周神经刺激与反馈，非脑信号采集或脑机接口应用。
US9381356B2,A61N1,电疗器械,美国,0,2012,与治疗图进行比较|改变刺激参数|检测诱发响应|确定精神状态|迭代执行,神经刺激,治疗图定义了控制变量与反馈变量的治疗关系,210.0,False,无关,涉及脊髓神经刺激，非脑信号采集或脑机接口应用
US6427086B1,A61N1,电疗器械,美国,0,2000,使用一个或多个连接装置固定控制模块|切割头皮并将其拉回以暴露颅骨|去除植入物部位上方的患者毛发|将控制模块放置在该孔中|移除一部分颅骨以接受控制模块,神经刺激器植入,可再吸收盘洗脱抗生素或抗炎物质|整流罩在患者头皮下提供平滑轮廓|通过骨螺钉穿过凸缘中的孔固定控制模块|间隔垫片调节控制模块的位置,529.0,False,无关,仅涉及神经刺激器植入手术装置，未涉及脑信号采集解码或神经调控核心功能
WO2023064081A1,A61N1,电疗器械,世界知识产权组织,0,2022,评估诱发-记录参数集|递送神经刺激,神经刺激系统,通过评估诱发-记录参数集的序列来确定诱发-记录参数集,5.0,False,无关,涉及神经刺激与记录，但未明确脑信号或BCI应用，属一般神经调控。
US9789315B2,A61B5,身体诊断测量,美国,0,2016,周期性调节神经活动|通过刺激源递送刺激,外周神经结构,神经调节,11.0,False,无关,涉及外周神经调节，非脑信号采集或脑机接口应用。
US11191949B2,A61N1,电疗器械,美国,0,2019,,电刺激,,1.0,False,无关,电刺激系统未明确涉及脑信号，生物信号非核心，属一般医疗器械。
US5417719A,A61N1,电疗器械,美国,0,1993,植入硬膜外腔|电极阵列独立选择,脊髓刺激,电刺激,858.0,False,无关,涉及脊髓电刺激，非脑信号采集或神经调控，不属于BCI领域。
US8948884B2,A61N1,电疗器械,美国,0,2012,电极刺激接触通过阵列芯暴露|电极线嵌入阵列芯内,前庭植入物|耳蜗植入物,将电刺激信号施加到相邻的神经组织,46.0,False,无关,耳蜗/前庭植入物刺激神经，非脑信号采集或脑机接口
US8214057B2,A61N1,电疗器械,美国,0,2008,外科植入覆盖电可激发组织的保护性结缔组织的鞘下面|电刺激那些组织,周围神经刺激|外科植入|神经束膜植入,将电刺激信号施加到相邻的神经组织,26.0,False,无关,涉及周围神经刺激镇痛，非脑信号采集或脑调控
US2019262610A1,A61N1,电疗器械,美国,0,2018,修改计算神经建模系统|改变神经元活动|编程植入式刺激系统|计算患者对多个不同时间刺激模式中每一个的相应神经反应|记录神经活动|选择多个时间刺激模式中的一个,神经刺激疗法,计算神经建模,0.0,False,无关,涉及神经刺激治疗慢性疼痛，非脑信号采集或BCI应用
US20220054843A1,A61N1,电疗器械,美国,0,2021,自动模式|诱发动作电位|调整刺激参数,神经刺激,通过调整刺激参数降低或增加刺激脉冲的能量水平，从而在目标组织中诱发具有与参考诱发动作电位基本相同的相应特性的动作电位,5.0,False,无关,涉及神经刺激与诱发动作电位，但未明确脑信号采集或BCI应用，属一般神经调控。
WO2024092076A1,A61N1,电疗器械,世界知识产权组织,0,2023,施加电刺激信号|测量响应|确定建设性共振状态和/或破坏性共振状态,深部脑刺激(DBS)治疗,建设性共振概念,0.0,False,无关,深部脑刺激为神经调控，但未涉及脑信号采集或解码，非BCI核心或直接应用。
US4535777A,A61N1,电疗器械,美国,0,1984,刺激脉冲串耦合|调幅|选通和关断,电刺激治疗|神经刺激|肌肉刺激,"主频率500Hz至100,000Hz|组间间隔包括至少5秒|门控频率0.1Hz至200Hz",230.0,False,无关,电疗刺激组织，未涉及脑信号采集或解码，非BCI核心或边缘应用。
CN109219467A,A61N1,电疗器械,中国,1,2017,刺激参数控制|导出反馈变量|应用补偿传递函数|测量神经复合动作电位反应|电刺激,神经刺激控制|神经调节,低等待时间自动闭环同步|距离相关传递函数补偿|闭环反馈控制,6.0,False,无关,涉及神经刺激与ECAP反馈，但未采集或解码脑信号，非BCI核心应用。
US20140243926A1,A61N1,电疗器械,美国,0,2014,信号调理|自动模式|调整刺激参数,神经刺激,反馈控制,213.0,False,无关,涉及神经刺激但未明确脑信号，目标组织非特定脑区，非BCI核心应用。
US20210205622A1,A61N1,电疗器械,美国,0,2017,电极系统,神经调节|记录指示神经活动的信号,导体的柔性允许套囊与神经一起膨胀和收缩,3.0,False,无关,涉及外周神经调节与记录，非脑信号，不属脑机接口。
US5304206A,A61N1,电疗器械,美国,0,1991,产生可编程电波形|手动地或自动地导出信号|检测运动障碍的发作|触发刺激发生器的激活,植入式医疗器械|神经刺激器,电活动的预定调制,992.0,False,无关,涉及神经刺激器治疗疾病，非脑信号采集解码或BCI应用。
US7813802B2,A61N1,电疗器械,美国,0,2006,分析传感器信号|检测运动障碍的发作|电刺激,神经刺激器,运动障碍检测|选择性地开始治疗,108.0,False,无关,涉及神经刺激但未采集脑信号，仅基于生理信号检测运动障碍
US20070027486A1,A61N1,电疗器械,美国,0,2005,将电偏置信号施加到神经结构以偏置结构上的固有神经信号|输入核团的电活动,向患者提供电神经刺激治疗,偏置神经结构上的固有神经信号,273.0,False,无关,电神经刺激治疗未涉及脑信号采集或解码，非BCI直接应用。
US12403317B2,A61N1,电疗器械,美国,0,2022,刺激响应测量|测量诱发的复合动作电位的潜伏期,神经调节治疗,刺激伪影测量用于产生偏移量度|潜伏期用于产生偏移量度,0.0,False,无关,涉及植入式电极导线偏移测量，非脑信号采集或神经调控核心应用。
CN112999518A,A61N1,电疗器械,中国,1,2015,检测脑状态发作,电刺激治疗,,6.0,False,无关,涉及电刺激电极选择，但未明确脑信号，可能为一般神经刺激，非BCI核心。
US11235142B2,A61N1,电疗器械,美国,0,2017,存储|感测|控制|通信,经皮电神经刺激,电脉冲电刺激,1.0,False,无关,经皮电神经刺激非脑信号采集或神经调控，不涉及脑机接口
WO02071984A1,A61F2,植入假体,世界知识产权组织,0,2002,外部层形成为优先采用第二构型|插入后粘合剂层被吸收使阵列弯曲|采用可生物再吸收粘合剂层偏压电极阵列成第一构型,植入式电极阵列|耳蜗植入物,形状记忆或预成型原理|生物可再吸收粘合剂层的降解机制,13.0,False,无关,涉及耳蜗植入电极阵列，非脑信号采集或神经调控
US10130817B2,A61N1,电疗器械,美国,0,2015,提取神经电信号主频序列|记录测试信号|递送自主神经刺激(ANS)治疗|量化关系并分析签名,递送迷走神经治疗,参考值对比|诱发生理响应,1.0,False,无关,涉及自主神经刺激与生理反应，非脑信号采集或神经调控
US20240139512A1,A61N1,电疗器械,美国,0,2022,信号递送|将电能递送到引线|将第二刺激信号递送到第二迷走神经,患者右侧颈内静脉|患者左颈内静脉,双侧刺激,5.0,False,无关,刺激迷走神经非脑信号采集或脑调控，属一般神经刺激医疗器械。
CN115054258A,A61B5,身体诊断测量,中国,1,2022,具有孔隙并且可拉伸|可植入到截断的周围神经或神经残端|在周围神经束内部和表面采集或施加电信号,周围神经,导线传输|电耦合,5.0,False,无关,涉及周围神经电极，非脑信号，不属脑机接口
US6161044A,A61N1,电疗器械,美国,0,1998,多个刺激强度水平|多个刺激频率参数|经皮神经电刺激|频率和强度参数调整,电麻醉|经皮电神经刺激,经皮电刺激|高强度刺激|高频刺激,446.0,False,无关,经皮电刺激治疗疾病，未涉及脑信号采集或解码，非BCI
US20130184779A1,A61N1,电疗器械,美国,0,2012,保持电压在预定范围内|启动流经电极的电流|增加电极两端电压|继续增加电流幅值|防止电压增加超过预定极限,向患者递送电压受限神经刺激,电压限制机制,71.0,False,无关,涉及通用神经刺激电压控制，未提及脑信号采集或解码，非BCI核心应用。
US8942821B2,A61N1,电疗器械,美国,0,2013,植入可植入系统|组装神经刺激系统,体内植入|神经刺激系统,凸缘与椎体协作稳定电极焊盘|电极焊盘可被分成多个焊盘部分|背面突出的导线允许电极桨的所有边缘位于椎体附近,17.0,False,无关,涉及神经刺激电极植入，但未明确脑信号采集或解码，属一般神经刺激器械。
US8554337B2,A61N1,电疗器械,美国,0,2007,植入可植入系统|组装神经刺激系统,体内植入|神经刺激系统,凸缘与椎体协作稳定电极焊盘|电极焊盘可被分成多个焊盘部分|背面突出的导线允许电极桨的所有边缘位于椎体附近,17.0,False,无关,涉及神经刺激电极植入，但未明确脑信号采集或BCI应用，属一般神经刺激器械。
US20040116995A1,A61N1,电疗器械,美国,0,2004,外部层形成为优先采用第二构型|采用可生物再吸收粘合剂层偏压电极阵列成第一构型,植入体,生物可再吸收粘合剂层的降解机制,57.0,False,无关,涉及耳蜗植入电极刺激，非脑信号采集或神经调控
US12508425B2,A61N1,电疗器械,美国,0,2022,提供双侧刺激|递送第一刺激信号|递送第二刺激信号,患者治疗,双侧刺激,0.0,False,无关,刺激迷走神经非脑信号采集或神经调控，不涉及脑机接口
US20130137955A1,A61B5,身体诊断测量,美国,0,2013,堆叠垫片|延伸第一部件|电连接,植入体,三维布置,18.0,False,无关,仅描述可植入电极引线结构，未涉及脑信号采集或神经调控
US20110237921A1,A61N1,电疗器械,美国,0,2010,形成多层电路|沉积绝缘和导电聚合物的图案化层,外部使用|植入体内,导电材料和层暴露在结构表面以用作电极,209.0,False,无关,仅涉及电极制造，未明确脑信号采集或BCI应用
US20110202120A1,A61N1,电疗器械,美国,0,2011,基底电极引线|柔性探针植入,耳蜗植入系统,电刺激耳蜗,15.0,False,无关,耳蜗植入属听觉假体，非脑信号采集或神经调控
US12138055B2,A61B5,身体诊断测量,美国,0,2023,临时定位探针电极|感测复合动作电位|施加电刺激|确定电极阵列位置,植入式电极阵列,动作电位传导与感测|经皮电刺激,0.0,False,无关,涉及外周神经电极植入，非脑信号采集或神经调控
US8306632B2,A61N1,电疗器械,美国,0,2007,基质包括两个或多个溶解速率不同的部分|嵌入可溶于水性溶剂的基质中,插入软组织,不同溶解速率的基质部分在体液中逐步溶解，使电极离解,6.0,False,无关,仅涉及软组织电极阵列结构，未提及脑信号采集或神经调控
US5531778A,A61N1,电疗器械,美国,0,1994,导体的远端在基本上平行于螺旋构造的纵向轴线的方向上直接且切向地从间隔件的弯曲部分突出|柔性导电间隔件电连接到带状电极和细长导体|柔性带状电极固定到螺旋构造载体的至少一部分的下侧|螺旋构造的柔性电绝缘载体,周围神经电极组件,柔性导电间隔件|电连接,643.0,False,无关,涉及神经电极植入装置，但未明确脑信号采集或BCI应用，属一般医疗器械。
WO2020092652A1,A61N1,电疗器械,世界知识产权组织,0,2019,表面改性|设计高深宽比纳米柱特征,减少人体疼痛|可植入神经刺激器|神经刺激|神经诊断工具|耳蜗植入物|脊髓和外周神经刺激,低阻抗电极|高深宽比纳米柱特征用于降低电阻抗,20.0,False,无关,涉及脊髓和外周神经刺激，非脑信号采集或脑机接口应用。
US8781603B2,A61N1,电疗器械,美国,0,2013,尖端部件移除|插入组织|确认刺激引线位于正确的组织位置,尿控制障碍|性功能障碍|治疗神经疾病|骨盆疼痛,神经刺激,12.0,False,无关,涉及神经刺激导线植入，但针对盆底神经，非脑信号或脑机接口
US8634932B1,A61N1,电疗器械,美国,0,2009,插入组织|沿标记路径插入|电刺激确定植入位置|针路径标记,尿控制障碍|性功能障碍|治疗疾病|盆腔疼痛,电刺激,38.0,False,无关,涉及神经刺激导线植入，但针对盆腔等外周神经，非脑信号或脑机接口。
CN102805900B,A61N1,电疗器械,中国,1,2012,rf信号传输能量|使用电极阵列|施加电脉冲,触觉再现,刺激皮肤中的机械感受器使其产生神经冲动，进而产生触觉,0.0,False,无关,电触觉刺激皮肤机械感受器，非脑信号采集或神经调控
WO2024081854A1,A61N1,电疗器械,世界知识产权组织,0,2023,施加电脉冲,耳廓迷走神经刺激,迷走神经刺激,1.0,False,无关,仅涉及耳部电刺激，未提及脑信号采集或神经调控
EP2707095A1,A61N1,电疗器械,欧洲专利局,0,2012,使用电极阵列|施加刺激序列|相对定时|配置刺激序列,神经刺激,不应期|去同步化|纤维群的募集,50.0,False,无关,涉及植入神经刺激电极阵列，但未提及脑信号采集或解码，非BCI核心应用。
US11707619B2,A61N1,电疗器械,美国,0,2020,刺激神经,经血管神经刺激,聚焦电场,2.0,False,无关,涉及神经刺激但非脑信号采集或脑机接口应用
US20200197699A1,A61N1,电疗器械,美国,0,2017,发射电场|存储来自整流电压的能量|整流由外部电磁场感应的交流电压,神经刺激,外部电磁场感应|整流|电场发射,5.0,False,无关,刺激神经但未涉及脑信号采集或脑机接口应用
US20170080226A1,A61N1,电疗器械,美国,0,2014,确定激励频率|设计效果预估,耳蜗植入,响应于耳蜗的刺激而捕获在电极处感应的ECAP信号|电刺激耳蜗,12.0,False,无关,涉及耳蜗植入电刺激与ECAP测量，非脑信号采集或神经调控
US8998894B2,A61B18,外科电热器械,美国,0,2011,在递送状态和展开状态之间转换阵列|直接和/或间接施加热能和/或电能|递送多电极阵列到肾血管,肾神经调节,加热或以其他方式电调制有助于肾功能的神经纤维或供给或灌注神经纤维的血管结构,110.0,False,无关,涉及肾神经调节，非脑信号或脑机接口应用。
US8019419B1,A61N1,电疗器械,美国,0,2008,RF信号传输能量|固定技术|记录信号|识别信息传输,心脏组织|消化道组织|神经组织|肌肉组织|脊柱|脑组织|膀胱组织|隔膜,RF能量传输|安全信息交换,294.0,False,无关,通用组织刺激系统，脑组织仅为可选目标之一，非BCI核心
US11744514B2,A61B5,身体诊断测量,美国,0,2016,以延迟的方式施加刺激|刺激施加|沿着路径扫描患者的身体表面|选择两个或多个区域,经血管神经刺激,相位同步,0.0,False,无关,刺激外周体表神经元，非脑信号采集或脑调控
US20110106208A1,A61N1,电疗器械,美国,0,2010,刺激神经元胆碱能抗炎通路(NCAP)|脊髓刺激(SCS)|调节细胞因子通路,慢性疼痛治疗|成瘾治疗|疼痛治疗,细胞因子通路调节|胆碱能抗炎通路,84.0,False,无关,涉及脊髓刺激调节胆碱能通路，非脑信号采集或神经调控
US20090171405A1,A61N1,电疗器械,美国,0,2009,向迷走神经传递外源性电信号|将电脉冲组织或图案化为一系列微脉冲串|微脉冲串与ECG的QRS波部分同步|模拟和/或增强内源性传入活动|每个微脉冲串包括2至20个脉冲,治疗|癫痫,外源性电信号模拟和/或增强内源性传入活动，从而增强迷走神经诱发电位|迷走神经将起源于心脏和肺的动作电位传导到大脑的不同结构，从而在这些结构中引发迷走神经诱发电位,80.0,False,无关,迷走神经刺激属神经调控，但非直接采集或解码脑信号，且非BCI直接应用。
US20240416067A1,A61M21,精神治疗装置,美国,0,2024,多模态深度学习方法|实时定制的生成式通信|符号语言输入|闭环反馈系统,精神活性治疗之外的应用|精神活性疗法,5-HT2A激动剂|心理治疗框架|情感状态|神经可塑性|解离剂,14.0,False,无关,脑电波仅为多模态输入之一，非核心功能，系统主要基于文本语音等用户输入。
US20220370804A1,A61N1,电疗器械,美国,0,2022,运动学习|运动学习与迷走神经刺激(VNS)联合应用|迷走神经刺激(VNS),病症|脱髓鞘疾病,产生新的髓鞘|增强脱髓鞘后的再髓鞘化|诱导产生新的并保存存活的少突胶质细胞,1.0,False,无关,涉及运动学习与迷走神经刺激促进髓鞘再生，未涉及脑信号采集或解码。
CN101553855A,G09B5,视听教学,中国,1,2007,捕捉事件序列|第一人称视角捕捉|第三人称或监控位置捕捉,工作记忆增强|脱髓鞘疾病|获得性脑损伤|阿尔茨海默病,通过观看事件期间所捕捉的图像序列增强认知能力,10.0,False,无关,仅通过观看图像训练记忆，不涉及脑信号采集或神经调控
US20080021512A1,A61N1,电疗器械,美国,0,2007,施加刺激信号|施加近端电阻断信号|电刺激患者的迷走神经,胃肠疾病治疗,增强肠神经系统的功能张力|阻断近端阻断位点处的神经脉冲,228.0,False,无关,刺激肠神经系统和迷走神经，非脑信号采集或脑调控
US10736564B2,A61H1,物理康复器械,美国,0,2016,传递示例或提示|控制神经刺激的递送定时|经皮神经刺激,学习,强化学习,0.0,False,无关,经皮神经刺激非脑信号采集或脑机接口，仅辅助运动学习。
US12245861B1,A61B5,身体诊断测量,美国,0,2023,双电极组件设计,脑电图信号采集,干电极测量原理,0.0,False,无关,仅描述电极结构，未涉及脑信号采集或神经调控
KR101392946B1,A61B5,身体诊断测量,韩国,0,2012,制备方法|制造方法|弯曲形成凹形|弹性带固定|形成斯特林导电薄膜|电连接|采集生物统计信号,活体|皮肤|血液循环单元,干电极结构|弹性压力接触|机械适应性|透气性,3.0,False,无关,涉及干电极制造，但未明确脑信号采集或BCI应用，仅一般生物信号电极。
KR1020050072965A,A61B5,身体诊断测量,韩国,0,2004,干电极设计|弹簧接触传导|放大器电路处理,生物电测量,干电极测量原理|弹性导电接触,5.0,False,无关,仅涉及生物信号干电极传感器，未明确脑信号或BCI应用
US4865039A,A61B5,身体诊断测量,美国,0,1988,干电极设计|弹簧接触传导|放大器电路处理,皮肤表面,导电粘合层|弹性导电接触,61.0,False,无关,仅涉及通用生物电位的干电极检测，未特指脑信号或BCI应用。
US11700420B2,H04N21,视频分发,美国,0,2020,"参与分数提供|基于检测到的一个或多个频率分量和设定频率,根据用户的想象解码原始意图形状|媒体呈现优化|媒体呈现操纵|情感强度度量生成|认知状态度量生成|面部表情度量生成",媒体呈现|软件控制,基于情绪强度度量的媒体操纵|基于认知状态度量的情感强度分析,0.0,False,无关,基于面部图像分析认知状态，非脑信号采集或神经调控。
WO2015030797A1,G02B27,光学元件系统,世界知识产权组织,0,2013,减少显示速率|分析传感器数据|分析基于风险因子的显示信息规则|缓冲信息|缓解策略施加,可穿戴设备|头戴式显示器,,18.0,False,无关,基于生理传感器检测恶心癫痫，非脑信号采集或神经调控
US20160178904A1,G02B27,光学元件系统,美国,0,2013,分析传感器数据|基于风险因素规则分析显示信息|应用缓解策略|缓冲要显示的信息,头戴式显示器|显示设备,风险因素规则,139.0,False,无关,基于生理传感器检测恶心痉挛，不涉及脑信号采集或神经调控。
US9618749B2,G02B27,光学元件系统,美国,0,2013,分析传感器数据|应用缓解策略|神经信号采集|缓冲信息,可穿戴设备|头戴式显示器|显示设备,风险因素规则,11.0,False,无关,基于生理传感器检测恶心痉挛，非脑信号采集或神经调控
KR102271378B1,G16H20,治疗方案,韩国,0,2020,接收并分析感测数据,可穿戴显示器|头戴式显示器,,0.0,False,无关,仅涉及可穿戴显示器感测数据，未提及脑信号采集或神经调控。
US20030144600A1,A61B5,身体诊断测量,美国,0,2003,实时显示|显示趋势|第二显示处理器显示过去时间点的EEG,显示设备,,18.0,False,无关,仅显示EEG信号，无解码或交互，属一般医疗监测
US7171262B2,A61B5,身体诊断测量,美国,0,2003,在过去的时间点上显示|实时显示|指定过去的时间点|显示趋势,显示设备,,9.0,False,无关,仅显示EEG生命体征，无脑信号解码或交互，非BCI应用
IN202041010119A,C12P19,糖类生物合成,印度,0,2020,利用手套中的传感器读取生命体征|利用物联网平台进行数据采集和存储|将生命体征存储在数据库中|将读数在串行监视器上连续显示|通过邮件/电话自动发送异常信息,乡村卫生护士（VHN）访问村庄时快速收集生命体征|生命体征监测,传感器检测生理信号|异常检测触发自动报警|物联网平台实现数据远程传输与存储,0.0,False,无关,仅监测体温、心率等生命体征，不涉及脑信号采集或神经调控。
US10074024B2,B60Q1,车辆信号装置,美国,0,2017,分析视频确定眨眼信息|基于眨眼事件、眨眼持续时间、眨眼差异和补偿的眨眼速率信息推断心理状态|对个人所属的一组人眨眼进行评估|眨眼速率信息针对上下文进行补偿|获取眼动追踪数据和脑电图数据,数字游戏|消费媒体呈现|车辆中的乘客|车辆控制,个体与组内其他成员的眨眼差异反映心理状态|眨眼与心理状态,14.0,False,无关,基于视频眨眼率推断心理状态，非脑信号采集或神经调控，不属BCI。
US9723992B2,G06K9,图像识别,美国,0,2014,分析视频|推断个体的心理状态|获取个人的视频,媒体呈现|广告|数字游戏,眨眼与心理状态,15.0,False,无关,基于眨眼视频分析，非脑信号采集或神经调控，不属BCI
CN101706561A,G01R33,磁共振测量,中国,1,2009,仿射聚类|分级聚类|确定最优聚类结果|预处理,功能性磁共振图像处理|生物信息技术,图像处理|将分级聚类与仿射聚类和自适应仿射聚类有机结合,17.0,False,无关,仅涉及fMRI图像聚类算法，未涉及脑信号采集解码或神经调控，非BCI应用。
CN120298448A,G06T7,图像分析,中国,1,2025,三级损失函数体系|动态时空注意力校正|双分支特征提取|多任务联合优化|多尺度特征重构|跨模态特征融合模型|预处理,图像处理|多模态MRI融合,多模态特征融合|注意力机制|深度学习,4.0,False,无关,仅涉及MRI图像处理，不采集或解码脑信号，非BCI应用。
CN120298448B,G06T7,图像分析,中国,1,2025,三级损失函数体系|动态时空注意力校正|双分支特征提取|多任务联合优化|多尺度特征重构|跨模态特征融合模型|预处理,图像处理,多模态MRI融合|深度学习,0.0,False,无关,仅涉及MRI图像处理，不采集或解码脑信号，非BCI应用
US11647952B2,A61B5,身体诊断测量,美国,0,2019,干电极传感,可穿戴设备|服装集成,导电|电连接,1.0,False,无关,涉及多种生物传感器，脑信号非核心，仅一般可穿戴设备。
US63508493P0,,,美国,0,2023,,脑电图脑机接口,,0.0,False,无关,仅提及生物测定信号，未明确脑信号或BCI应用，属通用医疗器械。
US12605120B2,A61B5,身体诊断测量,美国,0,2024,学习隐藏层之间的变换|神经网络|编码器-解码器,,在训练阶段学习基于生理数据的神经网络的隐藏层与基于神经数据的神经网络的隐藏层之间的变换,0.0,False,无关,基于非神经生理传感器预测认知状态，不涉及脑信号采集或解码。
US20220000407A1,A61B5,身体诊断测量,美国,0,2019,包封导电颗粒|用从支撑层突出的点包封,附着到人体皮肤上,导电层|导电颗粒与基板接触,2.0,False,无关,仅涉及通用干燥电极技术，未提及脑信号采集或BCI应用。
US9186084B2,A61B5,身体诊断测量,美国,0,2013,梳梳和推开头发,,电极,7.0,False,无关,仅涉及干电极结构，未明确脑信号采集或BCI应用
WO2024134622A1,A61B5,身体诊断测量,世界知识产权组织,0,2023,分析VR环境中的生理和行为数据|数据同步,虚拟现实(VR)环境,,2.0,False,无关,仅涉及生物信号同步，未明确脑信号为核心，非BCI直接应用
WO2023056568A1,A61M21,精神治疗装置,世界知识产权组织,0,2022,修改提供给用户的内容元素|基于差异修改内容元素|计算用户状态与目标用户状态之间的差异,用户应用|睡眠诱导,基于生物信号反馈调节内容以改变用户状态,1.0,False,无关,仅用生物信号（非特指脑信号）调整内容，未涉及脑信号采集或神经调控
CN114239203A,G06F30,计算机辅助设计,中国,1,2021,多模态融合分析|数据模型资源池管理|边缘计算,管网系统|管道数据处理,全要素数据模型|多模态融合,3.0,False,无关,涉及管网数据处理，与脑信号无关。
US20060250391A1,G06T15,三维渲染,美国,0,2006,偏振垂直显示器|双耳或3D音频系统|立体偏振水平透视显示器,用户输入和输出的模拟器,偏振|双耳音频,23.0,False,无关,脑电波仅为众多生物反馈之一，非系统核心功能。
WO2024108108A1,A61B5,身体诊断测量,世界知识产权组织,0,2023,自动行为分析|识别所存储的数据内的至少一个模式,精神状态评估|自动行为分析,模式识别,0.0,False,无关,基于行为分析而非脑信号，未涉及脑电采集或神经调控。
WO2024259389A1,A61B5,身体诊断测量,世界知识产权组织,0,2024,测量生物测定信号,脑电信号检测,,0.0,False,无关,仅涉及生物信号测量装置，未明确脑信号或BCI应用。
US20120046535A1,A61B5,身体诊断测量,美国,0,2010,干电极测量,生物医学信号测量,,38.0,False,无关,干电极为通用生物医学信号测量部件，未特指脑信号或BCI应用。
WO2021246923A1,A61B5,身体诊断测量,世界知识产权组织,0,2021,交叉验证|内插确定放电分布|标记信号段|训练神经网络|选择概率截止阈值|预处理EEG信号,医学|延长的EEG记录,对称信道分析|概率阈值截止|神经网络,2.0,False,无关,仅用于EEG癫痫检测，非BCI交互或神经调控应用
CN110702650A,G01N21,光学检测,中国,1,2019,全内反射荧光显微镜观察|原位培养|同步收集荧光信号和电信号|外界刺激|染色处理,成像测量|神经细胞网络监测|高通量分析,全内反射荧光显微镜原理|微电极阵列检测原理,8.0,False,无关,监测离体神经细胞网络信号，非脑机接口应用
CN105596004A,A61B5,身体诊断测量,中国,1,2015,典型相关分析|加和取平均|数据反重构|数据组合|标准化处理|降维,脑功能磁共振成像,成组典型相关分析|盲源分离,11.0,False,无关,仅处理脑影像数据，无脑信号采集解码或神经调控，非BCI应用
CN115359297A,G06V10,图像特征提取,中国,1,2022,分类|提取物理纤维数目|提取脑区重要性|构建图卷积神经网络|构建多模态高阶脑网络|计算相似性|预处理,智能识别领域,图卷积神经网络|孪生神经网络|高阶脑网络,11.0,False,无关,仅基于脑影像数据分类，不涉及脑信号采集解码或神经调控，非BCI应用。
CN110188836B,G06K9,图像识别,中国,1,2019,分类器融合|双回归分析|多层感知器网络|深度变分自编码器,脑功能网络分析,变分自编码器|特征提取,0.0,False,无关,仅用脑影像分类疾病，非脑信号采集解码或神经调控，不涉及BCI应用。
CN105931281A,G06T11,图像生成,中国,1,2016,将功能连接矩阵进行二值化得到邻接矩阵|形成脑功能网络|得到功能连接矩阵|提取功能磁共振成像数据在每个节点的平均时间序列信号|根据能量集中度计算大脑网络特征熵|计算脑功能网络中每一个节点的特征向量中心度及能量集中度|计算节点之间的功能连接|选择包含大脑皮层功能分区的脑模板|采集静息状态下的功能磁共振成像数据|预处理,脑网络活动估计,网络特征熵,6.0,False,无关,仅分析fMRI脑网络特征，不涉及脑信号采集解码或神经调控，非BCI应用。
CN116898401A,A61B5,身体诊断测量,中国,1,2023,k均值聚类|构建特征矩阵|构建状态空间轨迹|相位变换|计算联合递归图JRP|计算联合递归图jrp|计算递归特征,医学图像技术领域,联合递归量化|非线性特征,1.0,False,无关,基于fMRI信号分类ASD亚型，属医学影像分析，非脑机接口直接应用。
CN116898401B,A61B5,身体诊断测量,中国,1,2023,k均值聚类|构建特征矩阵|构建状态空间轨迹|相位变换|计算联合递归图JRP|计算联合递归图jrp|计算递归特征,医学图像技术领域,联合递归量化|非线性特征,0.0,False,无关,基于fMRI信号分类ASD亚型，属医学影像分析，非脑机接口应用。
US20090070798A1,H04H60,广播分配,美国,0,2008,接收从放置在用户身体上的发射器发送的信号|检测器电路接收信号|注意力检测器处理器确定用户是否正在感知内容,医疗设备展示|媒体递送设备|视频应用,当用户以指示用户正在观看或以其他方式关注媒体递送设备的方式定位他或她时，检测器从发射器接收信号,195.0,False,无关,仅基于身体位置信号判断关注，不涉及脑信号采集或解码。
CN119066606A,G06F18,模式识别,中国,1,2024,DCCA网络|多模态融合|数据收集|特征提取|预处理,非遗VR体验,情感表示的一致性和完整性|深度关联学习,5.0,False,无关,多模态情感识别未提及脑信号，生物特征非核心脑机接口
US9106958B2,H04H60,广播分配,美国,0,2012,对视频进行分级|收集|收集人口统计信息|收集面部和生理信息|精神状态分析|评估视频响应,视频推荐,基于观看和采样各种视频来评估视频响应,26.0,False,无关,基于面部和生理数据，未涉及脑信号采集或解码
CN108805088A,G06K9,图像识别,中国,1,2018,多模态信息编码|深度学习模型|综合分析推理,一般问询互动类应用场景,多模态特征谱关联|神经网络编码,43.0,False,无关,多模态情绪识别，脑信号非核心，仅一般生理信号
CN117617975A,A61B5,身体诊断测量,中国,1,2023,多模态特征提取|精神状态检测|跨模态注意力机制,情绪障碍识别|焦虑检测|疲劳状态检测,情绪识别|探索图像和音频模态之间的关系,1.0,False,无关,基于面部和音频特征分析精神状态，不涉及脑信号采集或神经调控。
WO2007113580A1,H04N5,电视信号处理,世界知识产权组织,0,2007,存储播放索引|播放媒体内容|检测面|用户接口产生,媒体内容|媒体控制,基于面部检测的注意力检测,51.0,False,无关,仅基于面部检测的媒体播放控制，与脑信号无关。
US20210398562A1,G11B27,编辑索引,美国,0,2020,媒体内容修改|心理状态确定,媒体控制,,17.0,False,无关,仅基于传感器数据推断心理状态，未明确涉及脑信号采集或解码。
WO2022242077A1,G05B19,程序控制系统,世界知识产权组织,0,2021,回放用户监测过程中状态的视频|按键反应接收|提出周期信号百分比作为监测持续注意的指标|数据分析|状态视频采集|设置并呈现视觉的刺激画面或听觉的刺激声音,监测个体活动,多模态刺激|监测受测者状态,1.0,False,无关,基于行为反应和视频监测，未涉及脑信号采集或神经调控。
US20230255539A1,A61B5,身体诊断测量,美国,0,2021,人机接口输入|姿势测量|控制装置产生和提供检查屏幕|眼睛跟踪,生物信号测量|虚拟/增强现实|重力感知功能检查,监测受测者状态,0.0,False,无关,基于眼动和姿态传感器，非脑信号，不涉及BCI
WO2023215736A3,A61B5,身体诊断测量,世界知识产权组织,0,2023,从多个EEG传感器获取脑电图数据|使用线圈位置将EEG数据与图像相关联|利用感应电压确定线圈位置|获取多个线圈内的感应电压,动作识别|磁共振成像期间记录脑电图,EEG传感器与线圈配对以关联信号与位置|线圈在可变磁场中的位置可通过感应电压确定,0.0,False,无关,EEG仅用于图像配准，非BCI核心功能
US20200151474A1,G06K9,图像识别,美国,0,2019,分类器|功率光谱分析|眼睛跟踪|随机森林|非线性支持向量机,模拟驾驶实验|驾驶员注意力检测,特征分析方法|特征提取|警觉和瞌睡的二元标记|警觉的生理量度,44.0,False,无关,核心是眼动追踪，EEG仅作训练基线，非系统直接消费脑信号。
US20130188838A1,G06K9,图像识别,美国,0,2012,向驾驶员提供刺激|执行值比较和确定|数字图像处理,驾驶员注意力检测,基于驾驶员的反射动作,18.0,False,无关,基于图像反射动作，非脑信号采集或解码
US5782874A,A61N1,电疗器械,美国,0,1997,利用平行板电容器的边缘场|放置无源偶极子增强远处感应电场|施加微弱波动电场调制传入神经|组合多个偶极子诱导短程电场|调谐到某些频率激发共振,唤醒|控制或治疗震颤和癫痫发作|治疗自主神经系统的紊乱如惊恐发作|睡眠|睡眠监测,共振现象|神经回路共振激发导致生理效应,256.0,False,无关,通过外部电场刺激神经，不涉及脑信号采集或解码，非BCI。
CN110916651A,A61B5,身体诊断测量,中国,1,2018,导电织物贴覆在弹性支撑体上|通过外接接口连接信号采集设备,头皮电极阵列,参考电极提供参考信号|导电织物提供电信号|接地电极提供接地信号,3.0,False,无关,仅涉及皮肤干电极，未明确用于脑信号采集或神经调控。
US11759142B2,A61B5,身体诊断测量,美国,0,2022,功能映射|目标预测模型,睡眠状态,神经变性的分子分析标志物|神经变性的神经成像标志物|血流标志物,6.0,False,无关,仅用于诊断预测神经变性，非脑机接口交互或控制应用。
CN119498858A,A61B5,身体诊断测量,中国,1,2024,一步组装导电干电极薄膜|制备PEDOT/PSS分散溶液|平衡PEDOT/PSS和MPBCD质量比例,传感器|轻量级脑电图监测设备,再生和抗菌性能|导电高分子PEDOT/PSS的导电性|粘附性和皮肤顺应性,2.0,False,无关,干电极用于EMG/EOG信号，非脑信号，且未提及脑机接口应用。
CN119791599A,A61B5,身体诊断测量,中国,1,2024,根据多项生理数据确定场景显示策略|根据目标显示内容和/或确认指令调整显示内容,扩展现实,,0.0,False,无关,多模态生理数据含脑电但非核心，主要基于扩展现实场景显示，非BCI直接应用。
GB2636966A,A61B5,身体诊断测量,英国,0,2023,基于传感器输出控制个性化环境|闭合反馈回路适配逻辑,个性化环境呈现|扩展现实(XR)系统,基于用户认知状态适配环境,0.0,False,无关,传感器未明确脑信号，认知状态非核心脑机接口
US20200053257A1,H04N5,电视信号处理,美国,0,2019,多区域深度感测|机器学习算法,电子设备,深度传感器数据指示用户正面对该设备,13.0,False,无关,仅基于深度传感器数据，不涉及脑信号采集或处理。
US20140051047A1,A61B5,身体诊断测量,美国,0,2013,分析心理状态数据|呈现媒体项|间歇收集,交互,用户状态,32.0,False,无关,基于面部表情和皮肤电，非脑信号，非BCI核心
US11475788B2,G06F16,信息检索,美国,0,2018,估计对象的情感状态和认知状态|使用光学传感器捕获面部表情、眼睛运动、注视点和头部姿势|基于理解概率选择任务数据实体,动作程序,情感检测|概率模型|认知状态估计,0.0,False,无关,仅用光学传感器估计情感认知，非脑信号采集或神经调控
US20220409113A1,A61B5,身体诊断测量,美国,0,2022,利用效价唤醒因子|利用算法分配用户情绪|利用训练数据|基于用户反馈更新训练数据,情绪识别系统,效价唤醒模型|离群值判断,1.0,False,无关,情绪识别未明确涉及脑信号，可能基于行为或生理信号，非BCI核心。
US2017079598A1,A61B5,身体诊断测量,美国,0,2016,分析ERM|计算诱发反应度量|记录测试信号,认知和生理状态监视与刺激,ERM依赖于背景自主神经活动,0.0,False,无关,涉及自主神经刺激与生理反应监测，非脑信号采集或神经调控
US20030229107A1,A61K31,有机药物制剂,美国,0,2002,使用不同颜色的光作为刺激|给予影响脑血管系统的药物,功能磁共振成像|诊断神经障碍,外部刺激|醒目响应增强,22.0,False,无关,涉及fMRI视觉刺激诊断，非脑信号采集解码或神经调控
US20170123028A1,G01R33,磁共振测量,美国,0,2015,分类算法|应用模型|模式分析|确定分类模型|调整模型,ADHD诊断,工作记忆任务,15.0,False,无关,仅用fMRI数据诊断疾病，未涉及脑信号采集解码或神经调控，非BCI应用。
US9894326B2,H04N7,电视系统,美国,0,2014,基于确定来生成所捕获图像的子集|确定用户的精神注意力水平|确定至少一只眼睛所指向的视野内的方向|跟踪用户的头部运动|跟踪用户的至少一只眼睛的运动,传感器|注意力监控,通过光学单元跟踪眼睛运动|通过加速计跟踪头部运动|通过处理器确定注意力水平和视线方向,3.0,False,无关,仅基于眼动和头部运动，未涉及脑信号采集或处理。
US11372514B1,G06F3,输入输出装置,美国,0,2020,呈现媒体项|基于用户状态选择媒体项,媒体系统|用户与媒体系统的当前会话,,0.0,False,无关,基于用户导航和交互行为推断状态，非脑信号采集或解码。
US10963119B1,G06F3,输入输出装置,美国,0,2019,在当前会话期间向用户实现媒体项的呈现|基于用户状态选择媒体项,媒体系统|用户与媒体系统的当前会话,,1.0,False,无关,基于用户导航和交互行为推断心情，未涉及脑信号采集或神经调控。
US10481749B1,G06F3,输入输出装置,美国,0,2017,呈现媒体项|基于用户对媒体系统的导航确定用户状态|基于用户状态选择媒体项,媒体提供商|媒体系统,用户状态,15.0,False,无关,基于用户导航和交互行为推断心情，未涉及脑信号采集或处理。
CN116392127A,A61B5,身体诊断测量,中国,1,2023,向耳机发送第一信号|对双耳时间差集进行分析|统计双耳时间差集,远程教育,基于电子设备与耳机之间的信号交互,0.0,False,无关,基于耳机信号测注意力，非脑信号采集或神经调控。
CN116392127B,A61B5,身体诊断测量,中国,1,2023,向耳机发送第一信号|对双耳时间差集进行分析|统计双耳时间差集,远程教育,基于电子设备与耳机之间的信号交互,0.0,False,无关,基于耳机信号交互测注意力，非脑信号采集或解码
JP2011161021A,A61B5,身体诊断测量,日本,0,2010,放大单元放大信号|数字转换单元转换模拟信号为数字信号|算术操作单元除去振动噪声成分|过滤单元除去噪声成分,脑电图测量,振动传感器检测振动噪声|过滤单元除去电噪声成分,7.0,False,无关,仅涉及脑电图信号处理，非BCI应用或神经调控
US12093457B2,G06F3,输入输出装置,美国,0,2023,利用促进用户针对活动的认知状态的周围环境来更新环境|呈现用户参与活动的计算机生成现实(CGR)环境|基于用户身体数据识别认知状态,学习|市场研究|睡眠分析,利用环境促进认知状态|基于用户身体数据识别认知状态,5.0,False,无关,基于身体数据识别认知状态，未涉及脑信号采集或神经调控
US20200302825A1,G09B19,教学科目,美国,0,2020,感觉刺激的选择和输出|生理响应模型|生理数据采集,媒体内容分类或识别认知响应状态|指导心理治疗|暴露疗法,基于暴露于传感刺激期间从生理响应信号产生的生理或认知响应状态的识别,87.0,False,无关,生理信号未明确含脑信号，核心是感觉刺激与心理治疗，非BCI
US20240402807A1,G06F3,输入输出装置,美国,0,2024,呈现计算机生成现实(CGR)环境|基于用户身体数据识别认知状态|更新环境,学习|市场研究|睡眠分析,利用环境促进认知状态,1.0,False,无关,基于身体数据识别认知状态，非脑信号，且非BCI核心应用。
US20110279249A1,G08B6,触觉报警,美国,0,2011,提供触觉反馈|确定用户位置,虚拟环境交互,位置关联|深度相机数据解析|触觉反馈机制,31.0,False,无关,仅涉及深度相机和触觉反馈，无脑信号采集或神经调控。
GB2627469A,G06F3,输入输出装置,英国,0,2023,传感器数据接收|机器学习云部署模型|状态向量生成|玩家状态服务,云平台|虚拟游戏世界|虚拟环境,行为与生理信号推断|认知状态估计,0.0,False,无关,基于行为与皮肤电等生理信号估计认知状态，非脑信号核心，不属BCI。
WO2012140629A1,A61B5,身体诊断测量,世界知识产权组织,0,2012,电极/头皮耦合压力触发|电极设计贮器|聚合物官能度机械特性|释放水化剂,生物信号记录|药物中的用途,压力触发|局部皮肤水合作用|电极/头皮接触点水化剂释放,24.0,False,无关,仅涉及EEG电极材料，未涉及脑信号采集处理或BCI应用
WO2026017168A1,A61B18,外科电热器械,世界知识产权组织,0,2025,生成疼痛刺激方案|生成虚拟刺激源|生成虚拟现实环境|视觉趋近运动,虚拟现实疼痛治疗,激活体感系统|视觉-神经耦合机制,1.0,False,无关,基于视觉刺激诱发体感，未涉及脑信号采集或解码，非BCI
CN111882943A,G09B9,模拟训练器,中国,1,2020,人工智能机器学习分析技术|生理数据采集|虚拟现实场景结合运动健身硬件,戒毒康复训练|虚拟现实登山运动,人工智能机器学习|运动康复训练,1.0,False,无关,脑电仅为众多生理数据之一，非系统核心，主要基于VR运动康复。
CN111882946A,G09B9,模拟训练器,中国,1,2020,人工智能机器学习分析技术|数据存储与管理|生理数据采集|虚拟现实训练,戒毒康复训练,人工智能机器学习|运动康复训练,4.0,False,无关,脑电仅为众多生理数据之一，非系统核心功能，主要涉及VR骑行康复训练。
CN111882947A,G09B9,模拟训练器,中国,1,2020,人工智能机器学习的分析技术|虚拟现实场景结合运动健身硬件,戒毒康复训练,人工智能机器学习分析|运动康复训练,5.0,False,无关,脑电仅为众多生理数据之一，非系统核心功能，主要涉及VR运动康复训练。
CN203480511U,G06F19,医疗信息处理,中国,1,2013,生理数据实时监测|虚拟现实场景构建|音频信号输出,社交恐惧症虚拟现实治疗,虚拟现实暴露疗法,17.0,False,无关,脑电仅为多生理信号之一，非系统核心功能
GB2635340A,G06F3,输入输出装置,英国,0,2023,基于一个或多个输入确定最佳显示位置、缩放和/或位置|基于信号确定第一用户可与第二用户交互|基于选择启动用户之间的交互|接收信号|显示用户界面菜单,虚拟现实环境|虚拟现实设备,生物特征信号与阈值范围比较|菜单的显示取决于比较结果,0.0,False,无关,脑电仅为众多生物信号之一，非系统核心功能
CN119181482A,G16H50,医学决策支持,中国,1,2024,个性化训练计划生成|多模态交互|实时反馈|数据存储与管理|深度学习分析|虚拟助手与教练|虚拟现实场景构建|认知神经反馈,老年人认知健康监测|虚拟健康监测,工作记忆训练任务|调节情感网络,3.0,False,无关,未涉及脑信号采集或神经调控，仅基于VR行为训练与认知反馈。
CN115349860A,A61B5,身体诊断测量,中国,1,2022,多模态特征融合|注意力机制|深度学习|特征提取|特征重构,虚拟现实场景,注意力机制|迁移学习,17.0,False,无关,多模态生理信号含脑电但非核心，主要依赖VR诱发和通用信号融合，非BCI直接应用
US20040208496A1,G03B17,相机结构,美国,0,2004,接收注意力线索|生成信号|确定注意力提高,,自身视角与观察者视角的注意力线索融合,103.0,False,无关,基于外部注意线索，非脑信号采集或解码
US9204836B2,G06K9,图像识别,美国,0,2013,分析心理状态数据|呈现媒体项|数据获取,交互,精神状态可被捕捉,7.0,False,无关,基于面部表情等外部表现，非脑信号采集或解码
US9934425B2,G06K9,图像识别,美国,0,2013,传输心理状态数据|基于心理状态数据分析呈现输出|观察和记录|面部数据采集,多个移动设备|用户与各种技术进行交互,从表演中推断心理状态,7.0,False,无关,基于面部表情、皮肤电等非脑信号推断心理状态，未涉及脑信号采集或神经调控。
US8808195B2,A61B3,眼科诊断器械,美国,0,2010,使用计算模型选择视觉场景中的特征|生成具有第一地图值的空间地图|眼动记录|量化第二MAP值与随机选择的一组MAP值之间的差异,人类疾病筛查|神经行为障碍诊断,抑制信号与情感显著信号对齐|预测眼动终点,38.0,False,无关,基于眼动行为评估神经障碍，未涉及脑信号采集或神经调控。
KR101203921B1,G06K9,图像识别,韩国,0,2011,位置跟踪|检测观察者位置|眼动记录|眼睛跟踪|计算观察者视图对应对象并显示解释信息,信息提供装置|基于眼睛跟踪和本地业务,基于大脑活动预测视口,8.0,False,无关,核心是眼动和位置跟踪，脑波仅为辅助传感器，非系统核心功能。
US10143414B2,G06K9,图像识别,美国,0,2015,图像捕获|插值|数据获取|面部数据采集,监测设备|面部数据采集,精神状态可被捕捉,9.0,False,无关,基于面部图像分析精神状态，非脑信号采集或神经调控。
CN107123019A,G06Q30,商业交易系统,中国,1,2017,商品推荐|情绪识别|数据同步|数据收集|机器学习,VR游戏|VR购物,根据生理体征数据识别用户的情绪状态|根据用户的情绪状态推荐用户感兴趣的商品,28.0,False,无关,生理数据非脑信号，情绪识别非核心脑机接口应用
WO2021178319A1,A61B5,身体诊断测量,世界知识产权组织,0,2021,,,,1.0,False,无关,仅描述表面电信号采集设备，未涉及脑信号或神经调控
WO2017061801A1,A61B5,身体诊断测量,世界知识产权组织,0,2016,制造干电极的方法,,,3.0,False,无关,仅涉及干电极制造，未提及脑信号或BCI应用
KR101754291B1,A61B5,身体诊断测量,韩国,0,2017,图像处理|复合视频分析|机器学习算法,个性化脑部疾病的诊断和状态确定|医用图像处理系统,利用非侵入性磁共振成像|复合电流,137.0,False,无关,基于MRI图像分析脑疾病，未涉及脑信号采集或神经调控，非BCI。
CN119272224A,G06F18,模式识别,中国,1,2024,个性化建模|双向长短期记忆网络|多任务学习框架|多头注意力机制|多尺度因果卷积网络|多层图神经网络|深度学习,个体用户情感分析,二进制差分算法的变异、交叉、选择机制|全局上下文感知|层次化依赖关系网络,12.0,False,无关,多模态情感分析未明确涉及脑信号，可能含生理信号但非核心。
CN119272224B,G06F18,模式识别,中国,1,2024,个性化建模|双向长短期记忆网络|多任务学习框架|多头注意力机制|多尺度因果卷积网络|多层图神经网络|深度学习,个体用户情感分析,二进制差分算法的变异、交叉、选择机制|全局上下文感知|多模态融合|层次化依赖关系网络,0.0,False,无关,多模态情感分析未明确涉及脑信号，非BCI核心或边缘应用。
CN121635542A,G05D23,温度控制,中国,1,2025,匹配情况分析|用户画像更新|营销卖点生成,产品或服务的宣传或价格响应|数据处理,,0.0,False,无关,摘要未涉及脑信号，实为农产品营销数据处理
US10327661B1,A61B5,身体诊断测量,美国,0,2015,接收ECG数据|接收EEG数据|确定关联程度是否超过预定阈值|组合ECG数据和EEG数据的特征|阈值定义,患者风险监测|神经诊断,ECG数据和EEG数据之间的关联统计度量,15.0,False,无关,EEG仅为辅助信号，核心是ECG-EEG关联预测风险，非脑机接口应用
EP512577A2,A61N1,电疗器械,欧洲专利局,0,1992,与先前获得的阈值比较|将检测到的电压转换为数字数据|心电图机检测心脏搏间隔|肌电测量仪检测分离的肌肉活性|脑电图系统检测EEG癫痫发作参数,电痉挛治疗(ECT),电诱导的治疗癫痫发作自动监测|阈值判断,30.0,False,无关,脑电仅为监测癫痫发作的众多信号之一，非系统核心功能，不涉及脑信号解码或交互。
