pub,theme_id,theme_name
WO2004066820A2,C8,神经刺激监测装置
CN111200967A,C4,神经刺激调控系统
CN111200967B,C35,神经刺激参数优化
EP3629913B1,C8,神经刺激监测装置
EP3629913C0,C8,神经刺激监测装置
US6873872B2,C37,神经调节刺激控制
US20090018609A1,C24,闭环神经调控系统
WO2012088482A1,C35,神经刺激参数优化
US11583678B2,C17,神经反馈刺激分析
US20110313483A1,C37,神经调节刺激控制
US20040102828A1,C9,经颅聚焦刺激装置
US20060015153A1,C35,神经刺激参数优化
US20050021105A1,C29,深部脑刺激调控
US20030130706A1,C9,经颅聚焦刺激装置
US7146217B2,C29,深部脑刺激调控
US20080161879A1,C9,经颅聚焦刺激装置
US20080161880A1,C29,深部脑刺激调控
US20080161881A1,C29,深部脑刺激调控
US7010351B2,C9,经颅聚焦刺激装置
US20120041498A1,C35,神经刺激参数优化
US20040019370A1,C8,神经刺激监测装置
US20070043392A1,C8,神经刺激监测装置
US7620456B2,C8,神经刺激监测装置
US20060200206A1,C9,经颅聚焦刺激装置
US7483747B2,C36,自适应神经刺激调控
US20060190056A1,C37,神经调节刺激控制
US7684866B2,C8,神经刺激监测装置
US20090182391A1,C8,神经刺激监测装置
WO2006019764A2,C37,神经调节刺激控制
US8126562B2,C37,神经调节刺激控制
US7050856B2,C35,神经刺激参数优化
WO2020003173A1,C29,深部脑刺激调控
WO9745160A1,C10,神经信息分析诊断
WO2012129574A2,C4,神经刺激调控系统
WO2022182892A1,C29,深部脑刺激调控
WO2022033039A1,C26,神经刺激电极装置
US20230381512A1,C4,神经刺激调控系统
US20140243931A1,C35,神经刺激参数优化
WO2011013041A1,C8,神经刺激监测装置
US20010029391A1,C37,神经调节刺激控制
US6819956B2,C8,神经刺激监测装置
US20100023089A1,C37,神经调节刺激控制
US6366813B1,C17,神经反馈刺激分析
US200801035047A1,C37,神经调节刺激控制
CN108309285A,C0,脑电情绪识别分析
US8855775B2,C35,神经刺激参数优化
US8524311B1,C26,神经刺激电极装置
US20050154435A1,C35,神经刺激参数优化
CN117180612B,C18,神经刺激同步递送
CN117180612A,C18,神经刺激同步递送
US2016220836A1,C37,神经调节刺激控制
CN110325237A,C10,神经信息分析诊断
EP1335668A1,C8,神经刺激监测装置
EP1335668B1,C8,神经刺激监测装置
WO2021118383A1,C4,神经刺激调控系统
JP2023509633A,C29,深部脑刺激调控
EP4221819A1,C29,深部脑刺激调控
US20020072770A1,C18,神经刺激同步递送
US20020077670A1,C18,神经刺激同步递送
US7174213B2,C18,神经刺激同步递送
WO2010055421A1,C26,神经刺激电极装置
US20240226565A9,C6,电极阵列植入制造
US6665562B2,C37,神经调节刺激控制
US10449357B2,C8,神经刺激监测装置
US20040186532A1,C26,神经刺激电极装置
US12377274B2,C33,神经信号采集解码
US20250010078A1,C8,神经刺激监测装置
US20110130615A1,C8,神经刺激监测装置
US12376780B2,C4,神经刺激调控系统
EP3684463A1,C28,脑波交互反馈系统
WO2007049105A1,C36,自适应神经刺激调控
WO2023081218A1,C33,神经信号采集解码
CA3237603A1,C33,神经信号采集解码
US8412332B2,C35,神经刺激参数优化
US8521294B2,C3,脑电状态检测评估
US11712564B2,C35,神经刺激参数优化
US20220266022A1,C24,闭环神经调控系统
EP4429757A4,C24,闭环神经调控系统
JP5775066B2,C8,神经刺激监测装置
US9199089B2,C24,闭环神经调控系统
US9440064B2,C18,神经刺激同步递送
DE102012002437A1,C18,神经刺激同步递送
WO2023147514A1,C18,神经刺激同步递送
KR102928977B1,C29,深部脑刺激调控
US20230055962A1,C4,神经刺激调控系统
US2020138324A1,C8,神经刺激监测装置
US12409325B2,C8,神经刺激监测装置
WO2024178317A3,C24,闭环神经调控系统
US11992685B2,C18,神经刺激同步递送
CN108379736B,C18,神经刺激同步递送
US20100130844A1,C6,电极阵列植入制造
WO0141867A1,C37,神经调节刺激控制
US20040158298A1,C35,神经刺激参数优化
US6339725B1,C37,神经调节刺激控制
US8489185B2,C8,神经刺激监测装置
CN108379736A,C4,神经刺激调控系统
US20070043401A1,C14,脑电信号采集处理
US20080004660A1,C37,神经调节刺激控制
WO2018213872A1,C4,神经刺激调控系统
WO2025083498A1,C8,神经刺激监测装置
CN112450939A,C26,神经刺激电极装置
CN121360335A,C26,神经刺激电极装置
WO2025189249A1,C24,闭环神经调控系统
US6915166B1,C26,神经刺激电极装置
US10940316B2,C37,神经调节刺激控制
CN222444132U,C2,柔性电极采集装置
US20100222844A1,C4,神经刺激调控系统
US20080300655A1,C8,神经刺激监测装置
US9943689B2,C35,神经刺激参数优化
US20240335663A1,C35,神经刺激参数优化
CN110495880A,C0,脑电情绪识别分析
WO2010025226A1,C24,闭环神经调控系统
CN119970047A,C2,柔性电极采集装置
US3841310A,C6,电极阵列植入制造
EP2617459B1,C31,植入式神经接口系统
WO2022174312A1,C35,神经刺激参数优化
WO2011046665A1,C12,视觉脑电解码评估
US12201841B2,C2,柔性电极采集装置
US20130289683A1,C8,神经刺激监测装置
US8718778B2,C9,经颅聚焦刺激装置
US20090234419A1,C13,多模态神经交互评估
US7555344B2,C35,神经刺激参数优化
WO2017143185A1,C8,神经刺激监测装置
WO2021146774A1,C8,神经刺激监测装置
WO2025264492A1,C36,自适应神经刺激调控
US10596379B2,C9,经颅聚焦刺激装置
US2022152392A1,C29,深部脑刺激调控
CN210843047U,C41,脑电电极采集装置
CN117398112A,C4,神经刺激调控系统
US8892208B2,C29,深部脑刺激调控
US8386007B2,C4,神经刺激调控系统
WO2011136870A1,C2,柔性电极采集装置
US10434302B2,C2,柔性电极采集装置
US20070100392A1,C8,神经刺激监测装置
US2019381317A1,C8,神经刺激监测装置
CN102886102A,C4,神经刺激调控系统
WO2007042999A2,C6,电极阵列植入制造
US9364659B1,C29,深部脑刺激调控
JP2024512411A,C4,神经刺激调控系统
US20070265489A1,C27,认知意识神经评估
WO2026060925A1,C13,多模态神经交互评估
US20100185256A1,C35,神经刺激参数优化
CN104689470A,C18,神经刺激同步递送
US20050256539A1,C8,神经刺激监测装置
US12102827B2,C24,闭环神经调控系统
US9220897B2,C18,神经刺激同步递送
CN121219043A,C11,睡眠脑电调控增强
US20210346699A1,C35,神经刺激参数优化
US9744356B2,C3,脑电状态检测评估
US7236830B2,C8,神经刺激监测装置
US2018221620A1,C8,神经刺激监测装置
US10946165B2,C17,神经反馈刺激分析
US9409030B2,C2,柔性电极采集装置
US20190091470A1,C15,心理生理反馈调节
CN107995874A,C4,神经刺激调控系统
CN113101517B,C35,神经刺激参数优化
WO2013011474A2,C26,神经刺激电极装置
US2018070847A1,C8,神经刺激监测装置
US2021031043A1,C17,神经反馈刺激分析
US9248280B2,C29,深部脑刺激调控
JP2024508562A,C29,深部脑刺激调控
US20110009922A1,C37,神经调节刺激控制
US2018132747A1,C17,神经反馈刺激分析
CN110381814A,C18,神经刺激同步递送
CN114515381A,C29,深部脑刺激调控
US8706241B2,C4,神经刺激调控系统
US11752342B2,C37,神经调节刺激控制
US20160008620A1,C18,神经刺激同步递送
CN112006685A,C43,癫痫监测预测干预
US20180117331A1,C43,癫痫监测预测干预
US6161045A,C35,神经刺激参数优化
WO2013117655A1,C4,神经刺激调控系统
US20140277258A,C6,电极阵列植入制造
US20130085361A,C26,神经刺激电极装置
US8774937B2,C6,电极阵列植入制造
WO2013117656A2,C18,神经刺激同步递送
US63564204P0,C6,电极阵列植入制造
US2015223718A1,C29,深部脑刺激调控
WO2025224540A1,C36,自适应神经刺激调控
US2016287126A1,C29,深部脑刺激调控
CN114849059B,C26,神经刺激电极装置
CN114849059A,C26,神经刺激电极装置
WO2016196790A1,C14,脑电信号采集处理
US9192767B2,C26,神经刺激电极装置
US8738154B2,C26,神经刺激电极装置
US6539263B1,C4,神经刺激调控系统
US20120277834A1,C26,神经刺激电极装置
US20110301665A1,C26,神经刺激电极装置
US12285613B2,C8,神经刺激监测装置
US8788064B2,C6,电极阵列植入制造
US11167134B2,C8,神经刺激监测装置
US20120310298A1,C37,神经调节刺激控制
US20060173510A1,C37,神经调节刺激控制
CN115485848A,C26,神经刺激电极装置
US11771898B2,C35,神经刺激参数优化
CA2428116C,C35,神经刺激参数优化
JP2020500567A,C11,睡眠脑电调控增强
US20100004705A1,C8,神经刺激监测装置
US20100003656A1,C30,脑电神经反馈康复训练
JP7688170B2,C29,深部脑刺激调控
US11883671B2,C4,神经刺激调控系统
US12168135B2,C4,神经刺激调控系统
CN101248992A,C6,电极阵列植入制造
CN115363591B,C6,电极阵列植入制造
CN115363591A,C6,电极阵列植入制造
CN101006920A,C2,柔性电极采集装置
CN102336386A,C2,柔性电极采集装置
CN112201324A,C19,脑机接口交互控制
WO2022226606A1,C4,神经刺激调控系统
US20060129205A1,C4,神经刺激调控系统
US20100145176A1,C43,癫痫监测预测干预
CN108744268A,C2,柔性电极采集装置
US62932906P0,C4,神经刺激调控系统
US20210361950A1,C4,神经刺激调控系统
US20220241596A1,C4,神经刺激调控系统
US20230302282A1,C4,神经刺激调控系统
US63062633P0,C4,神经刺激调控系统
WO2021092462A1,C4,神经刺激调控系统
CN115052657A,C4,神经刺激调控系统
US11672986B2,C4,神经刺激调控系统
US20250331928A1,C10,神经信息分析诊断
CN120420053A,C6,电极阵列植入制造
US10493297B2,C6,电极阵列植入制造
CN220385625U,C37,神经调节刺激控制
CN120616552A,C6,电极阵列植入制造
CN107024993A,C42,脑电听觉调控降噪
CN114642436A,C2,柔性电极采集装置
US10357649B2,C26,神经刺激电极装置
WO2018201779A1,C42,脑电听觉调控降噪
CN121059174A,C6,电极阵列植入制造
US10369352B2,C41,脑电电极采集装置
KR102128092B1,C26,神经刺激电极装置
CN120447729A,C4,神经刺激调控系统
CN116747429A,C2,柔性电极采集装置
CN113589941A,C19,脑机接口交互控制
KR20200016102A,C26,神经刺激电极装置
US9604051B2,C26,神经刺激电极装置
CN116747429B,C2,柔性电极采集装置
US20050075680A1,C8,神经刺激监测装置
US7302298B2,C9,经颅聚焦刺激装置
CN205252318U,C26,神经刺激电极装置
CN120066269A,C2,柔性电极采集装置
CN116269412A,C33,神经信号采集解码
WO2020249634A1,C6,电极阵列植入制造
CN109460144A,C19,脑机接口交互控制
CN117363481A,C6,电极阵列植入制造
CN110368577A,C2,柔性电极采集装置
US20080064946A1,C6,电极阵列植入制造
US20080288037A1,C2,柔性电极采集装置
CN120203592A,C2,柔性电极采集装置
US7107097B2,C6,电极阵列植入制造
US8078281B2,C35,神经刺激参数优化
US20120302856A1,C33,神经信号采集解码
US11684781B2,C8,神经刺激监测装置
US8116875B2,C37,神经调节刺激控制
US9179850B2,C9,经颅聚焦刺激装置
WO2024178317A2,C31,植入式神经接口系统
CN109260591B,C9,经颅聚焦刺激装置
CN109260591A,C9,经颅聚焦刺激装置
US20230277851A1,C24,闭环神经调控系统
CN119165965A,C14,脑电信号采集处理
CN223169743U,C2,柔性电极采集装置
CN119165965B,C14,脑电信号采集处理
US9433787B2,C6,电极阵列植入制造
CN120616550A,C2,柔性电极采集装置
WO2025227081A1,C14,脑电信号采集处理
CN120616550B,C2,柔性电极采集装置
CN120420053B,C6,电极阵列植入制造
US20250288242A1,C6,电极阵列植入制造
CN122004879A,C2,柔性电极采集装置
US9597494B2,C9,经颅聚焦刺激装置
US11298070B2,C8,神经刺激监测装置
US7231254B2,C24,闭环神经调控系统
CN118592963B,C2,柔性电极采集装置
US20090076567A1,C26,神经刺激电极装置
US6647296B2,C26,神经刺激电极装置
CN119868794A,C35,神经刺激参数优化
US12613624B2,C4,神经刺激调控系统
CN116077829B,C2,柔性电极采集装置
KR101610939B1,C4,神经刺激调控系统
US20070112393A1,C8,神经刺激监测装置
EP4000683A1,C29,深部脑刺激调控
US20030028072A1,C8,神经刺激监测装置
US11123548B2,C26,神经刺激电极装置
US10406350B2,C26,神经刺激电极装置
US20220240846A1,C24,闭环神经调控系统
US20230051757A1,C24,闭环神经调控系统
US2019262612A1,C33,神经信号采集解码
US11219766B2,C24,闭环神经调控系统
US10500399B2,C24,闭环神经调控系统
US8718777B2,C9,经颅聚焦刺激装置
US20090292344A1,C9,经颅聚焦刺激装置
US20190321639A1,C29,深部脑刺激调控
US11617887B2,C29,深部脑刺激调控
US8761889B2,C9,经颅聚焦刺激装置
US12515048B2,C4,神经刺激调控系统
US20090131995A1,C6,电极阵列植入制造
US10188860B2,C9,经颅聚焦刺激装置
US8538537B2,C8,神经刺激监测装置
US8965513B2,C9,经颅聚焦刺激装置
US10265525B2,C4,神经刺激调控系统
US20160228693A1,C29,深部脑刺激调控
US20070032834A1,C35,神经刺激参数优化
US20120109262A1,C35,神经刺激参数优化
US11766560B2,C26,神经刺激电极装置
US10695556B2,C26,神经刺激电极装置
CN113413157B,C19,脑机接口交互控制
CN113413157A,C19,脑机接口交互控制
EP1684861B1,C31,植入式神经接口系统
US20120296444A1,C8,神经刺激监测装置
WO2021194104A1,C36,自适应神经刺激调控
EP3915470A1,C37,神经调节刺激控制
US6459936B2,C37,神经调节刺激控制
US6360122B1,C10,神经信息分析诊断
US6134474A,C37,神经调节刺激控制
US6128538A,C37,神经调节刺激控制
US6016449A,C37,神经调节刺激控制
US20010056290A1,C37,神经调节刺激控制
US20010051819A1,C37,神经调节刺激控制
US2019269917A1,C4,神经刺激调控系统
ATE849235T1,C9,经颅聚焦刺激装置
DE602008047702T2,C9,经颅聚焦刺激装置
EP2205313B1,C9,经颅聚焦刺激装置
WO2021011401A1,C14,脑电信号采集处理
KR102035265B1,C9,经颅聚焦刺激装置
EP3731925A1,C8,神经刺激监测装置
US7532935B2,C8,神经刺激监测装置
US20070027500A1,C8,神经刺激监测装置
US20150374999A1,C35,神经刺激参数优化
US20170001017A9,C35,神经刺激参数优化
US20180117335A1,C35,神经刺激参数优化
US20100174329A1,C35,神经刺激参数优化
EP4084861A1,C13,多模态神经交互评估
US11529517B2,C8,神经刺激监测装置
CA2702944C,C9,经颅聚焦刺激装置
US20060106430A1,C26,神经刺激电极装置
US20090112278A1,C9,经颅聚焦刺激装置
US20110046470A1,C31,植入式神经接口系统
US6006124A,C9,经颅聚焦刺激装置
US7979105B2,C31,植入式神经接口系统
US8078252B2,C13,多模态神经交互评估
US8412302B2,C9,经颅聚焦刺激装置
WO2009067323A1,C9,经颅聚焦刺激装置
WO2024086346A1,C24,闭环神经调控系统
US20090112277A1,C9,经颅聚焦刺激装置
EP4015033A1,C26,神经刺激电极装置
EP4523731A1,C2,柔性电极采集装置
US2025251794A1,C2,柔性电极采集装置
WO2025166163A1,C2,柔性电极采集装置
US8954144B2,C33,神经信号采集解码
US20110264178A1,C26,神经刺激电极装置
US12239833B2,C18,神经刺激同步递送
WO2011067297A1,C6,电极阵列植入制造
US20110028859A1,C26,神经刺激电极装置
US8073546B2,C8,神经刺激监测装置
CN101058004A,C26,神经刺激电极装置
WO2008109298A2,C26,神经刺激电极装置
US12251557B2,C2,柔性电极采集装置
EP4445832A2,C29,深部脑刺激调控
WO2020099921A3,C6,电极阵列植入制造
US20150148869A1,C2,柔性电极采集装置
US12623080B2,C35,神经刺激参数优化
US20150088212A1,C8,神经刺激监测装置
US9242094B2,C35,神经刺激参数优化
US9211408B2,C37,神经调节刺激控制
US9878161B2,C29,深部脑刺激调控
WO2015153675A1,C29,深部脑刺激调控
US2020069959A1,C9,经颅聚焦刺激装置
US10758739B2,C4,神经刺激调控系统
US20040138578A1,C17,神经反馈刺激分析
US2014194771A1,C8,神经刺激监测装置
CA3098311A1,C31,植入式神经接口系统
KR102140137B1,C6,电极阵列植入制造
AU2024203319A1,C17,神经反馈刺激分析
WO2021141163A1,C29,深部脑刺激调控
JP2012508635A,C26,神经刺激电极装置
EP4424358A1,C4,神经刺激调控系统
CN118452935A,C6,电极阵列植入制造
EP1940508B1,C36,自适应神经刺激调控
US20090112279A1,C9,经颅聚焦刺激装置
US20110144716A1,C29,深部脑刺激调控
US11571576B2,C29,深部脑刺激调控
US62873745P0,C19,脑机接口交互控制
US10206597B2,C10,神经信息分析诊断
US20170020403A1,C31,植入式神经接口系统
US8364273B2,C35,神经刺激参数优化
CN120549502A,C2,柔性电极采集装置
US20050004621A1,C8,神经刺激监测装置
US20110092882A1,C4,神经刺激调控系统
US10953230B2,C18,神经刺激同步递送
US20040181263A1,C4,神经刺激调控系统
US20190001140A1,C35,神经刺激参数优化
US10709378B2,C4,神经刺激调控系统
US20220016415A1,C29,深部脑刺激调控
US11986649B2,C11,睡眠脑电调控增强
US20060212090A1,C8,神经刺激监测装置
US11998748B2,C35,神经刺激参数优化
US20170120043A1,C14,脑电信号采集处理
US20110307030A1,C14,脑电信号采集处理
WO2024229479A1,C37,神经调节刺激控制
US20080033503A1,C26,神经刺激电极装置
US20080046035A1,C9,经颅聚焦刺激装置
US9155892B2,C35,神经刺激参数优化
CN117547357A,C9,经颅聚焦刺激装置
US8762065B2,C24,闭环神经调控系统
US11691015B2,C33,神经信号采集解码
US20070142874A1,C35,神经刺激参数优化
US9949376B2,C15,心理生理反馈调节
US20180185649A1,C29,深部脑刺激调控
US20060058856A1,C4,神经刺激调控系统
US20190217116A1,C4,神经刺激调控系统
US8457747B2,C8,神经刺激监测装置
US20150297444A1,C18,神经刺激同步递送
US20150018898A1,C18,神经刺激同步递送
US20160022168A1,C2,柔性电极采集装置
US20140107728A1,C4,神经刺激调控系统
US20070027499A1,C29,深部脑刺激调控
US20210031034A1,C8,神经刺激监测装置
US20080269836A1,C35,神经刺激参数优化
US20130046358A1,C4,神经刺激调控系统
CN101522256A,C6,电极阵列植入制造
US6343226B1,C8,神经刺激监测装置
CN121360335B,C35,神经刺激参数优化
US2013090542A1,C6,电极阵列植入制造
US8958890B2,C31,植入式神经接口系统
CN121795928B,C8,神经刺激监测装置
US20150157862A1,C8,神经刺激监测装置
CN121795928A,C10,神经信息分析诊断
WO2019211314A1,C9,经颅聚焦刺激装置
US20030009207A1,C31,植入式神经接口系统
US20250366767A1,C6,电极阵列植入制造
US20170035316A1,C43,癫痫监测预测干预
JP2020074993A,C31,植入式神经接口系统
US7892182B2,C11,睡眠脑电调控增强
US7341562B2,C11,睡眠脑电调控增强
US20060265022A1,C11,睡眠脑电调控增强
US20060129204A1,C11,睡眠脑电调控增强
US20240408396A1,C26,神经刺激电极装置
CN104225790A,C24,闭环神经调控系统
JP2016510230A5,C11,睡眠脑电调控增强
US12605548B2,C17,神经反馈刺激分析
US11172864B2,C4,神经刺激调控系统
US9974455B2,C35,神经刺激参数优化
CA3082656A1,C33,神经信号采集解码
KR101356625B1,C36,自适应神经刺激调控
US20180133459A1,C2,柔性电极采集装置
US20150273206A1,C13,多模态神经交互评估
US8180460B2,C2,柔性电极采集装置
US8014878B2,C26,神经刺激电极装置
US20160144165A1,C6,电极阵列植入制造
US11363981B2,C35,神经刺激参数优化
US62758363P0,C31,植入式神经接口系统
US62640752P0,C31,植入式神经接口系统
US2018333587A1,C4,神经刺激调控系统
US9302110B2,C29,深部脑刺激调控
US9084896B2,C29,深部脑刺激调控
US20220355115A1,C37,神经调节刺激控制
US20030004429A1,C4,神经刺激调控系统
WO2009055127A1,C8,神经刺激监测装置
US20090105784A1,C35,神经刺激参数优化
US20050154426A1,C8,神经刺激监测装置
CN121371498B,C24,闭环神经调控系统
CN121371498A,C24,闭环神经调控系统
US20230071069A1,C18,神经刺激同步递送
CN118001586A,C35,神经刺激参数优化
WO2024204823A1,C29,深部脑刺激调控
US7422555B2,C8,神经刺激监测装置
US20250242167A1,C18,神经刺激同步递送
CN122097849A,C9,经颅聚焦刺激装置
CN120478839A,C37,神经调节刺激控制
JP2016510230A,C37,神经调节刺激控制
JP2023536763A,C29,深部脑刺激调控
WO2022226211A1,C29,深部脑刺激调控
CN119345607B,C24,闭环神经调控系统
CN119345607A,C24,闭环神经调控系统
WO2023250309A3,C34,脑电图像生成与映射
CA2428116A1,C2,柔性电极采集装置
US7561918B2,C37,神经调节刺激控制
US20060212093A1,C36,自适应神经刺激调控
US11944806B2,C29,深部脑刺激调控
US62948723P0,C25,脑电信号模式识别
US9326720B2,C0,脑电情绪识别分析
US12491359B2,C2,柔性电极采集装置
CN118948291A,C6,电极阵列植入制造
CN109222956A,C26,神经刺激电极装置
WO2020205677A1,C9,经颅聚焦刺激装置
US20210361235A1,C41,脑电电极采集装置
KR20200063478A,C3,脑电状态检测评估
WO2025253119A1,C2,柔性电极采集装置
KR102014516B1,C29,深部脑刺激调控
US10478086B2,C17,神经反馈刺激分析
JP7784741B2,C36,自适应神经刺激调控
US20130281890A1,C37,神经调节刺激控制
US8303480B2,C4,神经刺激调控系统
US7282021B2,C4,神经刺激调控系统
US9433789B2,C8,神经刺激监测装置
CN118592963A,C19,脑机接口交互控制
KR101645852B1,C28,脑波交互反馈系统
US20220007985A1,C6,电极阵列植入制造
US62948712P0,C6,电极阵列植入制造
WO2025034993A1,C8,神经刺激监测装置
CN114224366B,C33,神经信号采集解码
CN114224366A,C33,神经信号采集解码
US9878155B1,C4,神经刺激调控系统
EP4193909A1,C19,脑机接口交互控制
CN113426007A,C24,闭环神经调控系统
CN119200848A,C29,深部脑刺激调控
CN113057657A,C0,脑电情绪识别分析
CN113057657B,C0,脑电情绪识别分析
EP4569511A1,C8,神经刺激监测装置
WO2024036213A1,C33,神经信号采集解码
US63370920P0,C33,神经信号采集解码
US2025248636A1,C2,柔性电极采集装置
WO2025170999A1,C2,柔性电极采集装置
US63549722P0,C2,柔性电极采集装置
JP5041584B2,C26,神经刺激电极装置
CN110432900B,C5,眼动脑电视觉分析
CN110432900A,C5,眼动脑电视觉分析
IN202411020509A,C12,视觉脑电解码评估
IN202541038393A,C33,神经信号采集解码
CN120815287A,C35,神经刺激参数优化
CN114504730A,C36,自适应神经刺激调控
CN206507945U,C8,神经刺激监测装置
CN121846521A,C9,经颅聚焦刺激装置
CN111046764A,C14,脑电信号采集处理
CN119499546A,C37,神经调节刺激控制
CN119405966A,C36,自适应神经刺激调控
CN109364370A,C26,神经刺激电极装置
CN120679086A,C36,自适应神经刺激调控
CN120679086B,C36,自适应神经刺激调控
CN110755041A,C27,认知意识神经评估
CN110755041B,C27,认知意识神经评估
US12447349B2,C19,脑机接口交互控制
US2022176136A1,C19,脑机接口交互控制
CN111281379A,C11,睡眠脑电调控增强
CN120324785A,C0,脑电情绪识别分析
CN118177832A,C25,脑电信号模式识别
CN118177832B,C25,脑电信号模式识别
WO2022013827A2,C36,自适应神经刺激调控
US12572208B1,C19,脑机接口交互控制
US12144637B2,C8,神经刺激监测装置
CN118576215A,C35,神经刺激参数优化
CN113289249A,C37,神经调节刺激控制
CN121422395A,C12,视觉脑电解码评估
CN121422395B,C12,视觉脑电解码评估
US20030097161A1,C9,经颅聚焦刺激装置
US20020087201A1,C9,经颅聚焦刺激装置
US20060195155A1,C9,经颅聚焦刺激装置
US20140222113A1,C35,神经刺激参数优化
US20080071323A1,C26,神经刺激电极装置
CN115212422A,C11,睡眠脑电调控增强
CN115591113A,C0,脑电情绪识别分析
CN122075018A,C24,闭环神经调控系统
US20250114597A1,C37,神经调节刺激控制
CN117323537A,C37,神经调节刺激控制
CN115212455A,C29,深部脑刺激调控
CN114901351A,C8,神经刺激监测装置
CN115644892A,C43,癫痫监测预测干预
CN1977997A,C29,深部脑刺激调控
CN1985758A,C29,深部脑刺激调控
US20210007602A1,C6,电极阵列植入制造
US20060149337A1,C35,神经刺激参数优化
US7734340B2,C8,神经刺激监测装置
US2018333582A1,C29,深部脑刺激调控
US20140296646A1,C9,经颅聚焦刺激装置
CN113457008A,C4,神经刺激调控系统
US9339654B2,C8,神经刺激监测装置
US9272145B2,C8,神经刺激监测装置
US9089707B2,C8,神经刺激监测装置
US8934967B2,C8,神经刺激监测装置
US7623928B2,C4,神经刺激调控系统
US8862236B2,C8,神经刺激监测装置
US7974696B1,C37,神经调节刺激控制
US7403820B2,C37,神经调节刺激控制
US7324851B1,C24,闭环神经调控系统
US9138579B2,C8,神经刺激监测装置
CN116077829A,C4,神经刺激调控系统
WO2022112908A1,C6,电极阵列植入制造
US20200330749A1,C19,脑机接口交互控制
US9113801B2,C37,神经调节刺激控制
CN100536958C,C29,深部脑刺激调控
CN117653148A,C44,脑电频率识别分析
CN117653148B,C44,脑电频率识别分析
CN110585593A,C35,神经刺激参数优化
US11896852B2,C18,神经刺激同步递送
CN121371491A,C9,经颅聚焦刺激装置
US20250072811A1,C25,脑电信号模式识别
WO2021138543A1,C41,脑电电极采集装置
US20210196958A1,C25,脑电信号模式识别
US20220096841A1,C25,脑电信号模式识别
US20080215112A1,C9,经颅聚焦刺激装置
US7577481B2,C9,经颅聚焦刺激装置
JP2009202020A,C8,神经刺激监测装置
US20230414157A1,C6,电极阵列植入制造
US20180085573A1,C6,电极阵列植入制造
US20180014772A1,C8,神经刺激监测装置
US9854987B2,C33,神经信号采集解码
US8000794B2,C37,神经调节刺激控制
US20100004717A1,C8,神经刺激监测装置
WO2024175218A1,C4,神经刺激调控系统
US2018093093A1,C4,神经刺激调控系统
DE102012002436A1,C8,神经刺激监测装置
CN118723920B,C41,脑电电极采集装置
CN118723920A,C14,脑电信号采集处理
US20220347473A1,C37,神经调节刺激控制
CN110215605A,C9,经颅聚焦刺激装置
US9867978B1,C9,经颅聚焦刺激装置
US2025114024A1,C14,脑电信号采集处理
WO2019130248A1,C19,脑机接口交互控制
US2015045642A1,C4,神经刺激调控系统
WO2020095111A1,C33,神经信号采集解码
US12070603B2,C25,脑电信号模式识别
US8412335B2,C35,神经刺激参数优化
US20240285953A1,C29,深部脑刺激调控
US11738192B2,C20,脑控轮椅交互系统
US11464980B2,C24,闭环神经调控系统
JP2022521830A,C9,经颅聚焦刺激装置
CN109645991A,C6,电极阵列植入制造
US8914119B2,C44,脑电频率识别分析
US20070208212A1,C37,神经调节刺激控制
US20070167991A1,C8,神经刺激监测装置
US20060293720A1,C37,神经调节刺激控制
US20070161919A1,C8,神经刺激监测装置
US20070088403A1,C35,神经刺激参数优化
US20120035684A1,C8,神经刺激监测装置
US20110213266A1,C33,神经信号采集解码
US7974705B2,C26,神经刺激电极装置
US8639344B2,C26,神经刺激电极装置
EP4011438A1,C6,电极阵列植入制造
US2018178013A1,C14,脑电信号采集处理
US7636602B2,C24,闭环神经调控系统
US20030050549A1,C31,植入式神经接口系统
US2018235704A1,C6,电极阵列植入制造
US20020177882A1,C8,神经刺激监测装置
US2020222010A1,C33,神经信号采集解码
US10058263B2,C33,神经信号采集解码
US9320900B2,C17,神经反馈刺激分析
US10413724B2,C4,神经刺激调控系统
US10933243B2,C4,神经刺激调控系统
US20020002390A1,C10,神经信息分析诊断
US20080004676A1,C8,神经刺激监测装置
US20190217113A1,C35,神经刺激参数优化
US20250205489A1,C8,神经刺激监测装置
US20040073273A1,C37,神经调节刺激控制
US20030114886A1,C8,神经刺激监测装置
US11413460B2,C35,神经刺激参数优化
US20160001096A1,C37,神经调节刺激控制
US7006859B1,C2,柔性电极采集装置
US7551951B1,C2,柔性电极采集装置
US20080045775A1,C29,深部脑刺激调控
US20100262205A1,C8,神经刺激监测装置
US10413235B2,C4,神经刺激调控系统
US11890489B2,C34,脑电图像生成与映射
US2019143120A1,C8,神经刺激监测装置
US11344745B2,C35,神经刺激参数优化
US20210213279A1,C9,经颅聚焦刺激装置
EP4701716A1,C19,脑机接口交互控制
US20240390676A2,C24,闭环神经调控系统
US11944440B2,C8,神经刺激监测装置
US2017043167A1,C29,深部脑刺激调控
EP2939706A1,C44,脑电频率识别分析
US11697020B2,C29,深部脑刺激调控
US20110093052A1,C8,神经刺激监测装置
WO2026089575A1,C33,神经信号采集解码
CN113101517A,C35,神经刺激参数优化
US7548775B2,C13,多模态神经交互评估
US20110224752A1,C24,闭环神经调控系统
CN120549502B,C2,柔性电极采集装置
US10668283B2,C14,脑电信号采集处理
US9345880B1,C24,闭环神经调控系统
US12011591B2,C9,经颅聚焦刺激装置
US8332046B2,C6,电极阵列植入制造
CN114447725B,C19,脑机接口交互控制
CN222510401U,C6,电极阵列植入制造
CN121730831A,C41,脑电电极采集装置
WO2022020045A1,C9,经颅聚焦刺激装置
US6690974B2,C4,神经刺激调控系统
US6529774B1,C42,脑电听觉调控降噪
US2019247662A1,C28,脑波交互反馈系统
US12263336B2,C9,经颅聚焦刺激装置
US20030097159A1,C29,深部脑刺激调控
US10463860B2,C8,神经刺激监测装置
US2018345019A1,C8,神经刺激监测装置
WO2024124045A1,C8,神经刺激监测装置
US20070067003A1,C43,癫痫监测预测干预
US11826154B2,C29,深部脑刺激调控
US20080255582A1,C6,电极阵列植入制造
US20050070810A1,C33,神经信号采集解码
US11801004B2,C39,脑活动监测与解码
WO2011123150A2,C31,植入式神经接口系统
US20220409049A1,C6,电极阵列植入制造
US20100161017A1,C26,神经刺激电极装置
US20050143790A1,C26,神经刺激电极装置
DE102019209096A1,C35,神经刺激参数优化
US6591138B1,C8,神经刺激监测装置
US20240285937A1,C36,自适应神经刺激调控
US20220111222A1,C18,神经刺激同步递送
US2017020448A1,C4,神经刺激调控系统
US9486389B2,C18,神经刺激同步递送
CN103002947A,C29,深部脑刺激调控
US20070118197A1,C29,深部脑刺激调控
CN114431880A,C41,脑电电极采集装置
CN115253072A,C37,神经调节刺激控制
US20210196964A1,C29,深部脑刺激调控
CA2251852C,C37,神经调节刺激控制
US8874218B2,C8,神经刺激监测装置
EP3787735A1,C31,植入式神经接口系统
WO2022072341A1,C29,深部脑刺激调控
US2025311954A1,C31,植入式神经接口系统
KR101430557B1,C29,深部脑刺激调控
WO2004016165A1,C29,深部脑刺激调控
US9033861B2,C8,神经刺激监测装置
US2019358465A1,C4,神经刺激调控系统
US2019209856A1,C44,脑电频率识别分析
CN120305568B,C9,经颅聚焦刺激装置
WO2024223898A1,C4,神经刺激调控系统
US20230211159A1,C37,神经调节刺激控制
CN120305568A,C9,经颅聚焦刺激装置
US10478085B2,C41,脑电电极采集装置
EP4140533B1,C35,神经刺激参数优化
CN104324446A,C9,经颅聚焦刺激装置
US5938689A,C18,神经刺激同步递送
WO2010147599A1,C29,深部脑刺激调控
EP4196003A4,C29,深部脑刺激调控
CN111840803A,C26,神经刺激电极装置
US20160331968A1,C18,神经刺激同步递送
US11583656B2,C26,神经刺激电极装置
EP4364791A3,C2,柔性电极采集装置
KR102618142B1,C31,植入式神经接口系统
JP7529685B2,C9,经颅聚焦刺激装置
CN117042678A,C35,神经刺激参数优化
US20110021943A1,C8,神经刺激监测装置
US7127301B1,C6,电极阵列植入制造
US7308317B1,C6,电极阵列植入制造
US20180193647A1,C4,神经刺激调控系统
US6993392B2,C6,电极阵列植入制造
US20030176905A1,C6,电极阵列植入制造
US7983756B2,C6,电极阵列植入制造
KR20200022687A,C6,电极阵列植入制造
WO2012027791A1,C8,神经刺激监测装置
US2021015392A1,C20,脑控轮椅交互系统
CN112450939B,C26,神经刺激电极装置
US11998740B2,C37,神经调节刺激控制
US2018064950A1,C29,深部脑刺激调控
WO2008011721A1,C6,电极阵列植入制造
CN114129893B,C37,神经调节刺激控制
CN114129893A,C37,神经调节刺激控制
KR102552199B1,C29,深部脑刺激调控
JP2009512505A,C26,神经刺激电极装置
CN118948291B,C6,电极阵列植入制造
US20230166072A1,C8,神经刺激监测装置
CN117440778A,C8,神经刺激监测装置
US20090221896A1,C2,柔性电极采集装置
WO2020061517A1,C10,神经信息分析诊断
US10821285B2,C35,神经刺激参数优化
US20150297108A1,C35,神经刺激参数优化
IN202541042586A,C8,神经刺激监测装置
CN116212231B,C19,脑机接口交互控制
CN116212231A,C19,脑机接口交互控制
CN111870813A,C11,睡眠脑电调控增强
CN111939472A,C2,柔性电极采集装置
CN111973874A,C26,神经刺激电极装置
KR1020130119620A,C4,神经刺激调控系统
KR101325368B1,C24,闭环神经调控系统
CN111973874B,C26,神经刺激电极装置
US9119583B2,C37,神经调节刺激控制
CN121065412A,C24,闭环神经调控系统
US8983628B2,C8,神经刺激监测装置
US8918178B2,C8,神经刺激监测装置
US6466822B1,C18,神经刺激同步递送
US10688298B2,C2,柔性电极采集装置
WO2022266953A1,C2,柔性电极采集装置
US12645297B2,C6,电极阵列植入制造
CN121918688A,C6,电极阵列植入制造
CN113589941B,C14,脑电信号采集处理
US20140094674A1,C35,神经刺激参数优化
US5178161A,C4,神经刺激调控系统
US5314495A,C4,神经刺激调控系统
US7706888B2,C26,神经刺激电极装置
US9215298B2,C8,神经刺激监测装置
US9872990B2,C37,神经调节刺激控制
US2021267523A1,C6,电极阵列植入制造
KR101817016B1,C29,深部脑刺激调控
US2018020972A1,C35,神经刺激参数优化
US63321650P0,C17,神经反馈刺激分析
US63325973P0,C17,神经反馈刺激分析
CN118902466A,C9,经颅聚焦刺激装置
US20230363690A1,C39,脑活动监测与解码
EP1534125A2,C2,柔性电极采集装置
CN113436170B,C9,经颅聚焦刺激装置
IN202541039300A,C33,神经信号采集解码
KR1020240074637A,C27,认知意识神经评估
CN117972412A,C11,睡眠脑电调控增强
CN120162567A,C14,脑电信号采集处理
US2017340262A1,C0,脑电情绪识别分析
IN202441085806A,C11,睡眠脑电调控增强
IN202541115913A,C11,睡眠脑电调控增强
CN121502352A,C16,事件相关电位检测
CN117093877A,C0,脑电情绪识别分析
CA3038970A1,C4,神经刺激调控系统
CN116746929A,C0,脑电情绪识别分析
US20200029849A1,C43,癫痫监测预测干预
US12193827B1,C0,脑电情绪识别分析
US20250000426A1,C0,脑电情绪识别分析
CN119587890A,C37,神经调节刺激控制
CN119587890B,C37,神经调节刺激控制
US20070233192A1,C18,神经刺激同步递送
US20120191158A1,C18,神经刺激同步递送
US8150508B2,C18,神经刺激同步递送
US8280505B2,C18,神经刺激同步递送
US9289599B2,C18,神经刺激同步递送
CN114306944A,C4,神经刺激调控系统
CN115212454B,C11,睡眠脑电调控增强
CN115212454A,C11,睡眠脑电调控增强
KR102055558B1,C17,神经反馈刺激分析
KR101470588B1,C42,脑电听觉调控降噪
KR20140137870A,C42,脑电听觉调控降噪
US12214140B2,C13,多模态神经交互评估
CN120459532A,C24,闭环神经调控系统
KR1020230171533A,C11,睡眠脑电调控增强
WO2018182827A1,C11,睡眠脑电调控增强
IN202521020645A,C36,自适应神经刺激调控
IN202341046071A,C12,视觉脑电解码评估
US10736561B2,C11,睡眠脑电调控增强
IN202411028052A,C4,神经刺激调控系统
IN202641049330A,C31,植入式神经接口系统
EP3602287A1,C11,睡眠脑电调控增强
CN111832416A,C1,脑电特征提取分类
CN111832416B,C1,脑电特征提取分类
CN112545532B,C11,睡眠脑电调控增强
CN112545532A,C11,睡眠脑电调控增强
CN114841192A,C0,脑电情绪识别分析
US12586479B2,C25,脑电信号模式识别
WO2020218013A1,C34,脑电图像生成与映射
CN201275369Y,C29,深部脑刺激调控
US20140057232A1,C11,睡眠脑电调控增强
IN202541098688A,C19,脑机接口交互控制
CN120636693A,C37,神经调节刺激控制
US10932688B2,C24,闭环神经调控系统
US2019069796A1,C11,睡眠脑电调控增强
KR102743336B1,C44,脑电频率识别分析
US11369770B2,C11,睡眠脑电调控增强
US20200139113A1,C29,深部脑刺激调控
CN109963609A,C28,脑波交互反馈系统
IN202641050100A,C25,脑电信号模式识别
IN202421079453A,C19,脑机接口交互控制
CN120544439A,C30,脑电神经反馈康复训练
IN202541125967A,C33,神经信号采集解码
US2018146916A1,C11,睡眠脑电调控增强
IN202411023369A,C4,神经刺激调控系统
US20110046502A1,C8,神经刺激监测装置
US20110046504A1,C17,神经反馈刺激分析
US20090030930A1,C10,神经信息分析诊断
US20090036756A1,C17,神经反馈刺激分析
US20090036755A1,C27,认知意识神经评估
US20110046503A1,C41,脑电电极采集装置
US8392251B2,C4,神经刺激调控系统
US20090030303A1,C13,多模态神经交互评估
US20090082643A1,C17,神经反馈刺激分析
US2018353096A1,C41,脑电电极采集装置
CN121731667A,C29,深部脑刺激调控
CN121731667B,C29,深部脑刺激调控
US2024036649A1,C33,神经信号采集解码
KR101939537B1,C29,深部脑刺激调控
KR102149615B1,C19,脑机接口交互控制
CN120673986A,C24,闭环神经调控系统
US10596382B2,C8,神经刺激监测装置
US20180169412A1,C8,神经刺激监测装置
US20090062629A1,C17,神经反馈刺激分析
US20090063256A1,C13,多模态神经交互评估
US10842404B2,C41,脑电电极采集装置
KR1020150036904A,C41,脑电电极采集装置
CN104799853A,C2,柔性电极采集装置
US10140628B2,C17,神经反馈刺激分析
US20140288406A1,C2,柔性电极采集装置
US2023346284A1,C26,神经刺激电极装置
CN112541668A,C5,眼动脑电视觉分析
CN102334989A,C6,电极阵列植入制造
US12340018B2,C33,神经信号采集解码
EP3753486A3,C41,脑电电极采集装置
US2023359275A1,C7,视觉刺激脑电分析
US12422927B2,C7,视觉刺激脑电分析
US7546158B2,C19,脑机接口交互控制
WO2024050545A3,C17,神经反馈刺激分析
US2016242669A1,C27,认知意识神经评估
US2016242699A1,C1,脑电特征提取分类
US12236014B2,C0,脑电情绪识别分析
KR20210045467A,C33,神经信号采集解码
US20260083375A1,C32,脑电信号评估分析
JP2020502683A,C10,神经信息分析诊断
JP2020502683A5,C10,神经信息分析诊断
US9558499B2,C27,认知意识神经评估
US2019294915A1,C8,神经刺激监测装置
US2025213170A1,C21,多模态脑电融合分析
WO2013080992A1,C21,多模态脑电融合分析
CN120392104A,C2,柔性电极采集装置
US2019090776A1,C17,神经反馈刺激分析
US20190269328A1,C39,脑活动监测与解码
EP3304255B1,C8,神经刺激监测装置
KR20250107978A,C7,视觉刺激脑电分析
US20260064204A1,C7,视觉刺激脑电分析
US20250341894A1,C7,视觉刺激脑电分析
KR20250090371A,C8,神经刺激监测装置
US20110144519A1,C32,脑电信号评估分析
US9798796B2,C16,事件相关电位检测
CN121306437A,C17,神经反馈刺激分析
US20210090460A1,C29,深部脑刺激调控
US2023032492A1,C17,神经反馈刺激分析
AU2020102578A4,C2,柔性电极采集装置
KR20170074427A,C14,脑电信号采集处理
WO2025160631A1,C12,视觉脑电解码评估
WO2023232268A1,C16,事件相关电位检测
GR1010460B,C20,脑控轮椅交互系统
US2025344989A1,C20,脑控轮椅交互系统
EP4531786A1,C20,脑控轮椅交互系统
US2022334641A1,C7,视觉刺激脑电分析
US11556175B2,C28,脑波交互反馈系统
KR1020200072099A,C8,神经刺激监测装置
US9885869B2,C20,脑控轮椅交互系统
US2014303511A1,C19,脑机接口交互控制
US2020281530A1,C20,脑控轮椅交互系统
US2021015393A1,C41,脑电电极采集装置
US5649066A1,C5,眼动脑电视觉分析
CN108968955A,C2,柔性电极采集装置
WO2016193979A1,C25,脑电信号模式识别
EP3151742A1,C26,神经刺激电极装置
WO9518565A1,C3,脑电状态检测评估
US2017123495A1,C2,柔性电极采集装置
WO2018230445A1,C2,柔性电极采集装置
JP2016501049A,C2,柔性电极采集装置
CN109483572B,C19,脑机接口交互控制
CN109483572A,C19,脑机接口交互控制
CN106030642A,C33,神经信号采集解码
CN115358777A,C5,眼动脑电视觉分析
CN115358777B,C5,眼动脑电视觉分析
US4861154A,C16,事件相关电位检测
US5052401A,C16,事件相关电位检测
US20230029127A1,C14,脑电信号采集处理
US11701053B2,C14,脑电信号采集处理
CN111343917A,C14,脑电信号采集处理
US20040059241A1,C32,脑电信号评估分析
CN118742876A,C17,神经反馈刺激分析
WO0027279A1,C41,脑电电极采集装置
CN111938633B,C2,柔性电极采集装置
CN111938633A,C2,柔性电极采集装置
US5243517A,C5,眼动脑电视觉分析
GB2221759B,C5,眼动脑电视觉分析
CN108537574A,C5,眼动脑电视觉分析
CN108960937A,C5,眼动脑电视觉分析
US20120078820A1,C28,脑波交互反馈系统
CN110178102A,C5,眼动脑电视觉分析
US2019377477A1,C5,眼动脑电视觉分析
EP3545388A1,C5,眼动脑电视觉分析
CN105578954A,C30,脑电神经反馈康复训练
WO2018174854A1,C5,眼动脑电视觉分析
WO2025216156A1,C44,脑电频率识别分析
EP3545388A4,C5,眼动脑电视觉分析
EP3545388B1,C5,眼动脑电视觉分析
KR1020250041363A,C15,心理生理反馈调节
US4498080A,C34,脑电图像生成与映射
US20030158495A1,C21,多模态脑电融合分析
US20040210156A1,C21,多模态脑电融合分析
US6795724B2,C21,多模态脑电融合分析
US7035686B2,C21,多模态脑电融合分析
CN115249379A,C5,眼动脑电视觉分析
KR20250067418A,C30,脑电神经反馈康复训练
KR101788969B1,C5,眼动脑电视觉分析
WO2021141262A1,C32,脑电信号评估分析
WO2019240564A1,C12,视觉脑电解码评估
WO2020159093A1,C15,心理生理反馈调节
US2022067376A1,C15,心理生理反馈调节
CN119509540A,C5,眼动脑电视觉分析
US20220175275A1,C32,脑电信号评估分析
US20020117176A1,C21,多模态脑电融合分析
US10524683B2,C25,脑电信号模式识别
US2016192858A1,C44,脑电频率识别分析
US4579125A,C21,多模态脑电融合分析
WO2023214413A1,C30,脑电神经反馈康复训练
CN112860073A,C5,眼动脑电视觉分析
CN120129492A,C34,脑电图像生成与映射
WO2024107111A1,C27,认知意识神经评估
KR20170013092A,C44,脑电频率识别分析
US5119816A,C41,脑电电极采集装置
CN122048449A,C5,眼动脑电视觉分析
KR102358741B1,C15,心理生理反馈调节
JP2004275619A,C35,神经刺激参数优化
US11432757B2,C14,脑电信号采集处理
CN105578954B,C30,脑电神经反馈康复训练
IN467517B,C30,脑电神经反馈康复训练
US10877647B2,C5,眼动脑电视觉分析
US2020329884A1,C18,神经刺激同步递送
US2020077915A1,C39,脑活动监测与解码
EP3714353A1,C23,生物信号虚拟交互
US2019155226A1,C23,生物信号虚拟交互
WO2019103841A1,C23,生物信号虚拟交互
CN103052351A,C28,脑波交互反馈系统
US20250349092A1,C34,脑电图像生成与映射
KR20170096284A,C28,脑波交互反馈系统
GB2564865A,C30,脑电神经反馈康复训练
US6654633B2,C33,神经信号采集解码
CN111798974A,C32,脑电信号评估分析
CN309976664S,C12,视觉脑电解码评估
CN108836320A,C32,脑电信号评估分析
US2021142657A1,C23,生物信号虚拟交互
US11727792B2,C23,生物信号虚拟交互
WO2021096559A1,C23,生物信号虚拟交互
US20090062681A1,C17,神经反馈刺激分析
US8386312B2,C10,神经信息分析诊断
US8386313B2,C8,神经刺激监测装置
US20110105937A1,C10,神经信息分析诊断
US9336535B2,C8,神经刺激监测装置
US20140164095A1,C8,神经刺激监测装置
WO2020014780A1,C27,认知意识神经评估
CA3102455A1,C27,认知意识神经评估
US20250370541A1,C29,深部脑刺激调控
US2025217676A1,C14,脑电信号采集处理
US20140164056A1,C5,眼动脑电视觉分析
US2024304098A1,C33,神经信号采集解码
JPWO2020138012A1,C16,事件相关电位检测
US20110004412A1,C33,神经信号采集解码
CN109923529A,C32,脑电信号评估分析
US12511872B2,C34,脑电图像生成与映射
US20110313308A1,C39,脑活动监测与解码
KR102191966B1,C28,脑波交互反馈系统
US9730642B2,C10,神经信息分析诊断
US10772527B2,C15,心理生理反馈调节
US12045389B2,C33,神经信号采集解码
US2023116214A1,C28,脑波交互反馈系统
US2018192907A1,C3,脑电状态检测评估
CN118340502A,C27,认知意识神经评估
US20220125368A1,C22,脑机虚拟交互控制
WO2012145142A3,C33,神经信号采集解码
CN119759205A,C7,视觉刺激脑电分析
US20190138885A1,C25,脑电信号模式识别
EP3304255A1,C10,神经信息分析诊断
WO2024050545A2,C17,神经反馈刺激分析
US10653330B2,C33,神经信号采集解码
EP3994554A1,C33,神经信号采集解码
CN114207556B,C33,神经信号采集解码
US20150005839A1,C8,神经刺激监测装置
US5571057A,C22,脑机虚拟交互控制
KR20240116093A,C14,脑电信号采集处理
RU2742071C1,C30,脑电神经反馈康复训练
KR20220011573A,C0,脑电情绪识别分析
CN121614026A,C34,脑电图像生成与映射
CA2909017C,C0,脑电情绪识别分析
IN499659A1,C0,脑电情绪识别分析
CA2909017A1,C0,脑电情绪识别分析
CN116712085B,C34,脑电图像生成与映射
CN110495881A,C1,脑电特征提取分类
KR20210051055A,C34,脑电图像生成与映射
US2015071600A1,C28,脑波交互反馈系统
CN122066822A,C1,脑电特征提取分类
US2021076970A1,C16,事件相关电位检测
KR20220098533A,C1,脑电特征提取分类
KR102758528B1,C34,脑电图像生成与映射
KR101797375B1,C41,脑电电极采集装置
KR20180130172A,C40,脑电虚拟现实交互
KR20190062285A,C1,脑电特征提取分类
CN108334766A,C0,脑电情绪识别分析
JP7781766B2,C33,神经信号采集解码
JP2023519968A,C33,神经信号采集解码
US8350804B1,C29,深部脑刺激调控
US20130204153A1,C39,脑活动监测与解码
CN119274789A,C27,认知意识神经评估
US10542904B2,C10,神经信息分析诊断
US11609633B2,C25,脑电信号模式识别
US2015079560A1,C11,睡眠脑电调控增强
US2017340230A1,C34,脑电图像生成与映射
US2016282940A1,C29,深部脑刺激调控
KR20210058496A,C34,脑电图像生成与映射
IN2015MN02988A,C0,脑电情绪识别分析
KR20260000942A,C5,眼动脑电视觉分析
KR102363723B1,C34,脑电图像生成与映射
KR1020220051613A,C1,脑电特征提取分类
CN102389306A,C0,脑电情绪识别分析
RU2467384C1,C0,脑电情绪识别分析
CN113436728A,C3,脑电状态检测评估
JP7675526B2,C16,事件相关电位检测
KR1020180065709A,C30,脑电神经反馈康复训练
CN113435234A,C7,视觉刺激脑电分析
CN116712085A,C34,脑电图像生成与映射
WO2014170897A1,C7,视觉刺激脑电分析
CN114601476A,C0,脑电情绪识别分析
CN121564129A,C34,脑电图像生成与映射
KR20200054069A,C0,脑电情绪识别分析
KR20210052986A,C34,脑电图像生成与映射
US2020357303A1,C42,脑电听觉调控降噪
US9503772B2,C28,脑波交互反馈系统
CN119847336A,C14,脑电信号采集处理
KR102366534B1,C34,脑电图像生成与映射
KR101566788B1,C29,深部脑刺激调控
CN108334766B,C0,脑电情绪识别分析
GB2514726A,C28,脑波交互反馈系统
CN119847336B,C14,脑电信号采集处理
KR20210051056A,C34,脑电图像生成与映射
US11468789B2,C42,脑电听觉调控降噪
IN202431034971A,C1,脑电特征提取分类
IN202531120857A,C14,脑电信号采集处理
KR1020220098533A,C34,脑电图像生成与映射
KR1020190062285A,C1,脑电特征提取分类
WO2023098303A1,C43,癫痫监测预测干预
CN114767130A,C0,脑电情绪识别分析
KR102365613B1,C30,脑电神经反馈康复训练
US11642068B2,C3,脑电状态检测评估
CN114242202A,C0,脑电情绪识别分析
JP2022099933A,C12,视觉脑电解码评估
CN114242202B,C0,脑电情绪识别分析
JP7563745B2,C12,视觉脑电解码评估
US9489732B1,C5,眼动脑电视觉分析
CN108852350A,C14,脑电信号采集处理
CN108852350B,C14,脑电信号采集处理
CN109190658A,C12,视觉脑电解码评估
CN112200912A,C34,脑电图像生成与映射
CN112203083A,C12,视觉脑电解码评估
CN112203083B,C12,视觉脑电解码评估
CN121814971A,C12,视觉脑电解码评估
KR1020220011573A,C34,脑电图像生成与映射
US20080082019A1,C43,癫痫监测预测干预
US20080226255A1,C0,脑电情绪识别分析
CN109816630B,C33,神经信号采集解码
CN119205731A,C12,视觉脑电解码评估
CN119205731B,C12,视觉脑电解码评估
US8392255B2,C17,神经反馈刺激分析
US2020364741A1,C12,视觉脑电解码评估
US20130073396A1,C5,眼动脑电视觉分析
US10303971B2,C7,视觉刺激脑电分析
KR20190090577A,C39,脑活动监测与解码
CN107595283B,C41,脑电电极采集装置
WO2014116826A1,C17,神经反馈刺激分析
US20200012346A1,C7,视觉刺激脑电分析
US2019290211A1,C28,脑波交互反馈系统
US2021030297A1,C14,脑电信号采集处理
WO2019173558A1,C13,多模态神经交互评估
KR20150036904A,C41,脑电电极采集装置
US4537198A,C26,神经刺激电极装置
AU2015200496A1,C27,认知意识神经评估
US2019294244A1,C22,脑机虚拟交互控制
WO2017200891A1,C2,柔性电极采集装置
US20150310750A1,C10,神经信息分析诊断
US20090281446A2,C43,癫痫监测预测干预
US7885706B2,C43,癫痫监测预测干预
WO2019046799A1,C21,多模态脑电融合分析
CN112233199A,C12,视觉脑电解码评估
CN112233199B,C12,视觉脑电解码评估
KR1020220022390A,C12,视觉脑电解码评估
RU2013110218A,C21,多模态脑电融合分析
US20220160291A1,C43,癫痫监测预测干预
WO2013057928A1,C16,事件相关电位检测
CN109816630A,C33,神经信号采集解码
EP3229678A1,C32,脑电信号评估分析
IL256068A,C33,神经信号采集解码
US11763340B2,C16,事件相关电位检测
KR20200057214A,C7,视觉刺激脑电分析
US2021321897A,C0,脑电情绪识别分析
EP4650916A1,C0,脑电情绪识别分析
US8391966B2,C29,深部脑刺激调控
US2020390358A1,C7,视觉刺激脑电分析
US2019246929A1,C33,神经信号采集解码
JP2013166005A,C41,脑电电极采集装置
US11324436B2,C4,神经刺激调控系统
DE602020044142T2,C7,视觉刺激脑电分析
ATE1756927T1,C7,视觉刺激脑电分析
DE602020066949T2,C7,视觉刺激脑电分析
CN2930616Y,C41,脑电电极采集装置
EP3558102A4,C10,神经信息分析诊断
EP3558102B1,C10,神经信息分析诊断
US2022276707A1,C33,神经信号采集解码
EP3903323A4,C22,脑机虚拟交互控制
US20220142546A1,C32,脑电信号评估分析
CN113974637B,C2,柔性电极采集装置
CN113974637A,C2,柔性电极采集装置
CN115607163A,C6,电极阵列植入制造
CN107788977A,C41,脑电电极采集装置
CN112043267A,C6,电极阵列植入制造
US2017095176A1,C2,柔性电极采集装置
US10921888B2,C11,睡眠脑电调控增强
CN114176608A,C2,柔性电极采集装置
WO2020056925A1,C2,柔性电极采集装置
CN108937924A,C33,神经信号采集解码
US8635105B2,C13,多模态神经交互评估
US20090063255A1,C17,神经反馈刺激分析
US20090025023A1,C13,多模态神经交互评估
JP2010537738A5,C17,神经反馈刺激分析
US20090327068A1,C8,神经刺激监测装置
US9314185B2,C6,电极阵列植入制造
US9314184B2,C2,柔性电极采集装置
US2018348863A1,C23,生物信号虚拟交互
EP4492343A2,C7,视觉刺激脑电分析
AU2014275189A1,C22,脑机虚拟交互控制
AU2024267113A1,C41,脑电电极采集装置
CN217408826U,C41,脑电电极采集装置
CN118576224A,C14,脑电信号采集处理
CN117204865A,C12,视觉脑电解码评估
US9078584B2,C41,脑电电极采集装置
CN121891024A,C25,脑电信号模式识别
CN119279589A,C41,脑电电极采集装置
CN114003129B,C22,脑机虚拟交互控制
CN114003129A,C14,脑电信号采集处理
US8392250B2,C40,脑电虚拟现实交互
WO2014197392A1,C22,脑机虚拟交互控制
US9996155B2,C19,脑机接口交互控制
EP3629912A1,C19,脑机接口交互控制
US2023248936A1,C15,心理生理反馈调节
CN106933348A,C30,脑电神经反馈康复训练
US2023012960A1,C15,心理生理反馈调节
IL274608B1,C19,脑机接口交互控制
US12147603B2,C19,脑机接口交互控制
US20180136725A1,C28,脑波交互反馈系统
JP5277405B2,C2,柔性电极采集装置
EP4078341A1,C8,神经刺激监测装置
US9383819B2,C22,脑机虚拟交互控制
CA2986204A1,C16,事件相关电位检测
US2016246371A1,C22,脑机虚拟交互控制
CN106406522B,C28,脑波交互反馈系统
US2003176806A1,C14,脑电信号采集处理
CN115299961A,C2,柔性电极采集装置
KR1020240024856A,C0,脑电情绪识别分析
CN107595283A,C2,柔性电极采集装置
CN122075001A,C2,柔性电极采集装置
US12186087B2,C2,柔性电极采集装置
US12023164B2,C2,柔性电极采集装置
JP2006094979A,C41,脑电电极采集装置
US20200356171A1,C19,脑机接口交互控制
CN107773254A,C40,脑电虚拟现实交互
EP4500308A4,C29,深部脑刺激调控
US20260080621A1,C29,深部脑刺激调控
WO2023224433A1,C29,深部脑刺激调控
JP2011120866A,C2,柔性电极采集装置
US2019294245A1,C33,神经信号采集解码
KR20160055103A,C13,多模态神经交互评估
US2015216439A1,C7,视觉刺激脑电分析
US11580409B2,C10,神经信息分析诊断
WO2012145142A2,C33,神经信号采集解码
EP3863276A1,C22,脑机虚拟交互控制
CN108478224A,C32,脑电信号评估分析
US10955917B2,C43,癫痫监测预测干预
US2022274010A1,C39,脑活动监测与解码
US2014058241A1,C12,视觉脑电解码评估
US2025208710A1,C28,脑波交互反馈系统
US20110237923A1,C21,多模态脑电融合分析
US11660419B2,C15,心理生理反馈调节
US12097332B2,C12,视觉脑电解码评估
WO2023288089A1,C15,心理生理反馈调节
WO2020255142A3,C21,多模态脑电融合分析
US20220313135A1,C21,多模态脑电融合分析
CN110414856A,C5,眼动脑电视觉分析
EP4395641B1,C42,脑电听觉调控降噪
US2025217465A1,C14,脑电信号采集处理
WO2016096743A1,C3,脑电状态检测评估
US8442626B2,C39,脑活动监测与解码
US20220031225A1,C39,脑活动监测与解码
US20200337624A1,C39,脑活动监测与解码
US9354702B2,C19,脑机接口交互控制
US11612808B2,C28,脑波交互反馈系统
EP4492343A3,C7,视觉刺激脑电分析
US2020107741A1,C41,脑电电极采集装置
US2023218856A1,C28,脑波交互反馈系统
US11517709B1,C28,脑波交互反馈系统
CN120000238B,C0,脑电情绪识别分析
WO2023039572A1,C27,认知意识神经评估
KR20250067429A,C19,脑机接口交互控制
CN120130925A,C13,多模态神经交互评估
RU2768172C1,C29,深部脑刺激调控
CN114098767A,C7,视觉刺激脑电分析
IN202411002741A,C12,视觉脑电解码评估
IN202411089196A,C12,视觉脑电解码评估
IN202641061373A,C36,自适应神经刺激调控
CN112493998A,C32,脑电信号评估分析
CN112493998B,C32,脑电信号评估分析
US11141088B2,C13,多模态神经交互评估
US2022091671A1,C12,视觉脑电解码评估
US9996983B2,C19,脑机接口交互控制
KR102820566B1,C33,神经信号采集解码
JP2021504853A,C19,脑机接口交互控制
US20170109437A1,C14,脑电信号采集处理
CN113712570A,C27,认知意识神经评估
US11253187B2,C30,脑电神经反馈康复训练
US20050177058A1,C0,脑电情绪识别分析
CN106560765A,C40,脑电虚拟现实交互
KR20240024856A,C0,脑电情绪识别分析
RU2009104463A,C29,深部脑刺激调控
KR102313622B1,C23,生物信号虚拟交互
CN115067971A,C17,神经反馈刺激分析
IDP00202501303A,C17,神经反馈刺激分析
US9764109B2,C17,神经反馈刺激分析
US111326325B1,C39,脑活动监测与解码
IN202444048931A,C34,脑电图像生成与映射
US20250134447A1,C27,认知意识神经评估
CN113995411A,C23,生物信号虚拟交互
US2014354532A1,C19,脑机接口交互控制
CN114756121A,C0,脑电情绪识别分析
US12053291B2,C33,神经信号采集解码
US11172869B2,C39,脑活动监测与解码
CN115904084B,C14,脑电信号采集处理
CN115904084A,C14,脑电信号采集处理
US63374509P0,C17,神经反馈刺激分析
JP2003522580A,C32,脑电信号评估分析
WO03005899A2,C10,神经信息分析诊断
IN202641017292A,C25,脑电信号模式识别
US2014228702A1,C33,神经信号采集解码
WO2019092456A1,C33,神经信号采集解码
US2021365114A1,C37,神经调节刺激控制
CN100366215C,C32,脑电信号评估分析
WO03073175A2,C19,脑机接口交互控制
US11771955B2,C32,脑电信号评估分析
KR20210115129A,C40,脑电虚拟现实交互
KR101710013B1,C42,脑电听觉调控降噪
US2014354534A1,C22,脑机虚拟交互控制
US2022326771A1,C19,脑机接口交互控制
CN112587136A,C32,脑电信号评估分析
CN112587136B,C32,脑电信号评估分析
CN204765635U,C14,脑电信号采集处理
US10795441B2,C25,脑电信号模式识别
US2019121431A1,C25,脑电信号模式识别
US4557270A,C23,生物信号虚拟交互
US20040152995A1,C32,脑电信号评估分析
US20230050715A1,C9,经颅聚焦刺激装置
WO2008077178A1,C5,眼动脑电视觉分析
KR20190045041A,C25,脑电信号模式识别
NL2038199B1,C32,脑电信号评估分析
NL2038199A,C32,脑电信号评估分析
US11609632B2,C23,生物信号虚拟交互
US20210055794A1,C23,生物信号虚拟交互
US12433527B1,C33,神经信号采集解码
CN109875501A,C30,脑电神经反馈康复训练
CN109875501B,C30,脑电神经反馈康复训练
WO2022240355A1,C37,神经调节刺激控制
US6475161B1,C16,事件相关电位检测
KR1020250067429A,C12,视觉脑电解码评估
WO2023137293A1,C28,脑波交互反馈系统
KR102029219B1,C25,脑电信号模式识别
KR102072444B1,C23,生物信号虚拟交互
KR1020190045041A,C25,脑电信号模式识别
US11793970B2,C28,脑波交互反馈系统
US20230218854A1,C28,脑波交互反馈系统
IN554543B,C7,视觉刺激脑电分析
CN118609812A,C40,脑电虚拟现实交互
US20100262377A1,C14,脑电信号采集处理
JP2008229238A,C39,脑活动监测与解码
BR112021023808A2,C32,脑电信号评估分析
CN107274223A,C5,眼动脑电视觉分析
CN107274223B,C5,眼动脑电视觉分析
CN114048780A,C0,脑电情绪识别分析
WO2023082406A1,C0,脑电情绪识别分析
CN114048780B,C0,脑电情绪识别分析
US20090156954A1,C21,多模态脑电融合分析
US7403814B2,C21,多模态脑电融合分析
US8340752B2,C21,多模态脑电融合分析
US2018049636A1,C7,视觉刺激脑电分析
US2020345287A1,C3,脑电状态检测评估
US9060702B2,C12,视觉脑电解码评估
EP3981327A1,C32,脑电信号评估分析
KR20200014861A,C30,脑电神经反馈康复训练
US2015038869A1,C14,脑电信号采集处理
CA3142060A1,C32,脑电信号评估分析
US2009049089A1,C16,事件相关电位检测
CN120392116A,C32,脑电信号评估分析
US2022273226A1,C32,脑电信号评估分析
US7945865B2,C16,事件相关电位检测
CN116439705A,C5,眼动脑电视觉分析
CN114732421A,C12,视觉脑电解码评估
CN114732421B,C12,视觉脑电解码评估
CN111714120A,C27,认知意识神经评估
AT520461B1,C3,脑电状态检测评估
US2015313528A1,C12,视觉脑电解码评估
WO2019051515A1,C3,脑电状态检测评估
US2016220136A1,C26,神经刺激电极装置
AT520461A1,C3,脑电状态检测评估
US12514483B2,C32,脑电信号评估分析
EP3962348A4,C3,脑电状态检测评估
US8494610B2,C13,多模态神经交互评估
CN101711388A,C7,视觉刺激脑电分析
US8392253B2,C8,神经刺激监测装置
WO2008137579A1,C10,神经信息分析诊断
JP2010522941A,C13,多模态神经交互评估
US8392254B2,C32,脑电信号评估分析
CN112043266A,C41,脑电电极采集装置
WO2016166740A1,C2,柔性电极采集装置
US12131659B2,C33,神经信号采集解码
EP4531685A4,C3,脑电状态检测评估
CN109846478A,C32,脑电信号评估分析
CN109846478B,C4,神经刺激调控系统
CN118925061A,C11,睡眠脑电调控增强
CN118925061B,C11,睡眠脑电调控增强
KR1020230096378A,C32,脑电信号评估分析
WO2024262759A1,C16,事件相关电位检测
CN113392733A,C14,脑电信号采集处理
CN113392733B,C14,脑电信号采集处理
CN113993449A,C32,脑电信号评估分析
CN114981759A,C8,神经刺激监测装置
WO2021140247A1,C7,视觉刺激脑电分析
WO2020037332A3,C11,睡眠脑电调控增强
WO2021125693A1,C33,神经信号采集解码
CN107088065B,C41,脑电电极采集装置
US20020188217A1,C32,脑电信号评估分析
KR102397139B1,C2,柔性电极采集装置
WO2022251696A1,C0,脑电情绪识别分析
US2019290157A1,C14,脑电信号采集处理
KR102239984B1,C32,脑电信号评估分析
US20090118636A1,C30,脑电神经反馈康复训练
US9901278B1,C41,脑电电极采集装置
US2021022636A1,C23,生物信号虚拟交互
US7844324B2,C27,认知意识神经评估
US2021085207A1,C2,柔性电极采集装置
KR101748133B1,C2,柔性电极采集装置
US2022054032A1,C28,脑波交互反馈系统
US6445940B1,C2,柔性电极采集装置
GB2447640A,C11,睡眠脑电调控增强
CN119606388A,C41,脑电电极采集装置
US2015018705A1,C1,脑电特征提取分类
US10322295B2,C4,神经刺激调控系统
US5730146A,C14,脑电信号采集处理
US11490851B2,C39,脑活动监测与解码
WO2024246871A1,C32,脑电信号评估分析
WO02100241A2,C3,脑电状态检测评估
US20150026195A1,C7,视觉刺激脑电分析
CA2809827C,C27,认知意识神经评估
US20230127669A1,C13,多模态神经交互评估
US20170258389A1,C13,多模态神经交互评估
US12611132B2,C2,柔性电极采集装置
US2018184936A1,C30,脑电神经反馈康复训练
US11751796B2,C30,脑电神经反馈康复训练
US20130185142A1,C5,眼动脑电视觉分析
IN202441101346A,C19,脑机接口交互控制
WO2021086218A1,C0,脑电情绪识别分析
KR102492342B1,C34,脑电图像生成与映射
KR102670028B1,C0,脑电情绪识别分析
KR20230120957A,C0,脑电情绪识别分析
US2023248317A1,C0,脑电情绪识别分析
US5363858A,C0,脑电情绪识别分析
US20100016753A1,C14,脑电信号采集处理
US10390722B2,C16,事件相关电位检测
US20190110726A1,C27,认知意识神经评估
US20150079578A1,C32,脑电信号评估分析
US8224433B2,C42,脑电听觉调控降噪
US2024211033A1,C7,视觉刺激脑电分析
JP2017076193A,C30,脑电神经反馈康复训练
US20150112409A1,C37,神经调节刺激控制
US20150051663A1,C37,神经调节刺激控制
KR20190130808A,C0,脑电情绪识别分析
US2019175040A1,C0,脑电情绪识别分析
KR20200030937A,C11,睡眠脑电调控增强
KR102184325B1,C3,脑电状态检测评估
US2022015659A1,C1,脑电特征提取分类
CN109770896A,C12,视觉脑电解码评估
CN106691378A,C0,脑电情绪识别分析
CN113288147A,C32,脑电信号评估分析
CN105816170A,C32,脑电信号评估分析
US12138064B2,C43,癫痫监测预测干预
KR1020230120957A,C21,多模态脑电融合分析
US20060161072A1,C14,脑电信号采集处理
US7460905B2,C14,脑电信号采集处理
US20130332259A1,C16,事件相关电位检测
CN115736920B,C13,多模态神经交互评估
CN115736920A,C13,多模态神经交互评估
CN110602852A,C28,脑波交互反馈系统
CN121943344A,C14,脑电信号采集处理
CN110251124A,C0,脑电情绪识别分析
CN121287143A,C13,多模态神经交互评估
KR20210090900A,C22,脑机虚拟交互控制
US10966625B2,C5,眼动脑电视觉分析
US20220101997A1,C14,脑电信号采集处理
US20070255127A1,C2,柔性电极采集装置
WO2008115189A2,C41,脑电电极采集装置
US2022015657A1,C14,脑电信号采集处理
KR20220064851A,C34,脑电图像生成与映射
CN118830845A,C14,脑电信号采集处理
KR20260011017A,C37,神经调节刺激控制
CN106709244A,C12,视觉脑电解码评估
JP2019093008A5,C34,脑电图像生成与映射
CN110188836A,C14,脑电信号采集处理
CN119440250A,C13,多模态神经交互评估
WO2017008926A1,C14,脑电信号采集处理
KR20200142441A,C43,癫痫监测预测干预
EP3320480A1,C14,脑电信号采集处理
CN110236534B,C14,脑电信号采集处理
CN110236534A,C14,脑电信号采集处理
CN113558635A,C32,脑电信号评估分析
CN113558635B,C32,脑电信号评估分析
CN116153522A,C3,脑电状态检测评估
KR102146973B1,C1,脑电特征提取分类
CN120852569A,C34,脑电图像生成与映射
CN120852569B,C34,脑电图像生成与映射
CN114677379A,C34,脑电图像生成与映射
CN114677379B,C34,脑电图像生成与映射
US20090024049A1,C13,多模态神经交互评估
US20090024447A1,C32,脑电信号评估分析
WO2009018374A1,C8,神经刺激监测装置
JP2010537738A,C17,神经反馈刺激分析
US5846208A,C21,多模态脑电融合分析
CN103325119A,C3,脑电状态检测评估
US10588561B1,C21,多模态脑电融合分析
CN118335312A,C27,认知意识神经评估
IN202541058441A,C33,神经信号采集解码
US2022354411A1,C21,多模态脑电融合分析
CN111528836A,C1,脑电特征提取分类
CN111528836B,C1,脑电特征提取分类
US20130150748A1,C27,认知意识神经评估
CN119344734A,C7,视觉刺激脑电分析
CN119344734B,C32,脑电信号评估分析
CN114947882A,C32,脑电信号评估分析
CN118537654A,C34,脑电图像生成与映射
US6272378B1,C11,睡眠脑电调控增强
KR20030017124A,C28,脑波交互反馈系统
WO2025189195A1,C3,脑电状态检测评估
EP3718473A4,C14,脑电信号采集处理
WO2019102901A1,C14,脑电信号采集处理
IN202521049991A,C13,多模态神经交互评估
JP2019093008A,C39,脑活动监测与解码
US2023368684A1,C33,神经信号采集解码
CN121287145A,C13,多模态神经交互评估
US2020077902A1,C10,神经信息分析诊断
KR102275436B1,C13,多模态神经交互评估
CN108056774A,C40,脑电虚拟现实交互
WO0101856A1,C2,柔性电极采集装置
WO2020074972A1,C10,神经信息分析诊断
US2018192936A1,C3,脑电状态检测评估
US8706205B2,C33,神经信号采集解码
CN107951486A,C41,脑电电极采集装置
IT201900007407A1,C2,柔性电极采集装置
CN105592788A,C13,多模态神经交互评估
CA2904264A1,C13,多模态神经交互评估
AU2014225626B2,C13,多模态神经交互评估
WO2016080341A1,C22,脑机虚拟交互控制
WO2025141520A1,C14,脑电信号采集处理
US12380193B2,C14,脑电信号采集处理
US12386938B2,C14,脑电信号采集处理
CN119069081A,C13,多模态神经交互评估
CN119357784A,C13,多模态神经交互评估
US20110046473A1,C7,视觉刺激脑电分析
US20100249636A1,C17,神经反馈刺激分析
CN116400802A,C13,多模态神经交互评估
US20210250638A1,C19,脑机接口交互控制
CN114091599A,C13,多模态神经交互评估
EP2964084A4,C13,多模态神经交互评估
JP2016513497A,C13,多模态神经交互评估
WO2021001851A1,C8,神经刺激监测装置
KR102832583B1,C7,视觉刺激脑电分析
IN202541056438A,C13,多模态神经交互评估
CN118312857A,C13,多模态神经交互评估
CN113095428B,C0,脑电情绪识别分析
CN203914913U,C41,脑电电极采集装置
IN202521116153A,C0,脑电情绪识别分析
US10824933B2,C8,神经刺激监测装置
CN114795209A,C13,多模态神经交互评估
IN202511080092A,C28,脑波交互反馈系统
CN119949829A,C13,多模态神经交互评估
CN113095428A,C44,脑电频率识别分析
WO2023033647A1,C8,神经刺激监测装置
US20040143170A1,C15,心理生理反馈调节
CN111616721A,C0,脑电情绪识别分析
CN120849913A,C13,多模态神经交互评估
CN117058514B,C39,脑活动监测与解码
KR101618275B1,C0,脑电情绪识别分析
KR102247100B1,C0,脑电情绪识别分析
CN121730843B,C13,多模态神经交互评估
US20160196765A1,C30,脑电神经反馈康复训练
ATE1793294T1,C25,脑电信号模式识别
WO2015044851A2,C15,心理生理反馈调节
CN118503914A,C13,多模态神经交互评估
KR20180058870A,C23,生物信号虚拟交互
CN118924298A,C27,认知意识神经评估
US10786173B2,C39,脑活动监测与解码
GB2567506A,C4,神经刺激调控系统
US20220000426A1,C25,脑电信号模式识别
CN115517687A,C13,多模态神经交互评估
US12496426B2,C17,神经反馈刺激分析
WO2022169424A1,C13,多模态神经交互评估
KR20200042372A,C0,脑电情绪识别分析
CN116430994A,C5,眼动脑电视觉分析
CN101583308A,C32,脑电信号评估分析
CN119964819B,C37,神经调节刺激控制
US20200228859A1,C0,脑电情绪识别分析
US12357828B2,C37,神经调节刺激控制
CN115868565A,C42,脑电听觉调控降噪
US8958882B1,C37,神经调节刺激控制
CN119113329A,C17,神经反馈刺激分析
EP3047475B1,C3,脑电状态检测评估
CN120242328A,C13,多模态神经交互评估
WO2023172791A1,C7,视觉刺激脑电分析
US8244475B2,C0,脑电情绪识别分析
US11025981B2,C19,脑机接口交互控制
CN103137157A,C28,脑波交互反馈系统
JP7276354B2,C16,事件相关电位检测
CN116421199A,C17,神经反馈刺激分析
CN119454026A,C0,脑电情绪识别分析
WO2023227376A1,C7,视觉刺激脑电分析
DE602021022375T2,C8,神经刺激监测装置
ATE1746300T1,C8,神经刺激监测装置
CN111616721B,C0,脑电情绪识别分析
US2016015289A1,C13,多模态神经交互评估
CN121524719A,C14,脑电信号采集处理
JP2021079041A,C27,认知意识神经评估
CN119867782A,C29,深部脑刺激调控
CN118436347A,C0,脑电情绪识别分析
JP2022502231A,C10,神经信息分析诊断
CN120437460A,C12,视觉脑电解码评估
US7269456B2,C17,神经反馈刺激分析
WO2024197268A1,C17,神经反馈刺激分析
WO2015178549A1,C28,脑波交互反馈系统
US7123955B1,C29,深部脑刺激调控
US20080045853A1,C13,多模态神经交互评估
US20020058867A1,C29,深部脑刺激调控
US20250273078A1,C19,脑机接口交互控制
US7689272B2,C3,脑电状态检测评估
US9345418B2,C2,柔性电极采集装置
DE602016092178T2,C7,视觉刺激脑电分析
KR20200091261A,C14,脑电信号采集处理
CN119069081B,C13,多模态神经交互评估
WO2024137287A1,C37,神经调节刺激控制
CN121561819A,C24,闭环神经调控系统
CN120045917A,C14,脑电信号采集处理
US20260141815A1,C13,多模态神经交互评估
IN202521132671A,C0,脑电情绪识别分析
US2022091669A1,C14,脑电信号采集处理
WO0045701A1,C41,脑电电极采集装置
US6381481B1,C2,柔性电极采集装置
US6161030A,C41,脑电电极采集装置
EP4133995A1,C41,脑电电极采集装置
EP270535B1,C21,多模态脑电融合分析
RU2702728C1,C44,脑电频率识别分析
JP63500434A,C21,多模态脑电融合分析
KR20190067635A,C1,脑电特征提取分类
KR20230040041A,C25,脑电信号模式识别
US20140058483A1,C12,视觉脑电解码评估
US20230414158A1,C41,脑电电极采集装置
JP2012183215A,C14,脑电信号采集处理
US11464442B2,C12,视觉脑电解码评估
KR20220165941A,C1,脑电特征提取分类
US7299088B1,C0,脑电情绪识别分析
KR102570170B1,C25,脑电信号模式识别
US2017352283A1,C15,心理生理反馈调节
US8577451B2,C32,脑电信号评估分析
CN120219765A,C34,脑电图像生成与映射
CN119478100A,C34,脑电图像生成与映射
IN202424100061A,C19,脑机接口交互控制
US20250216942A1,C19,脑机接口交互控制
EP4579401A1,C19,脑机接口交互控制
CN120973228A,C0,脑电情绪识别分析
US9179854B2,C34,脑电图像生成与映射
US20100042011A1,C34,脑电图像生成与映射
KR20190074606A,C30,脑电神经反馈康复训练
US2015065907A1,C14,脑电信号采集处理
KR1020170143062A,C19,脑机接口交互控制
CN108537200A,C42,脑电听觉调控降噪
CN108537200B,C42,脑电听觉调控降噪
CN121743838A,C39,脑活动监测与解码
CN121743838B,C39,脑活动监测与解码
CN117171662A,C7,视觉刺激脑电分析
CN120196869A,C21,多模态脑电融合分析
KR20150104781A,C5,眼动脑电视觉分析
US2019059770A1,C14,脑电信号采集处理
KR101910021B1,C13,多模态神经交互评估
CN119302671A,C43,癫痫监测预测干预
US20060149160A1,C2,柔性电极采集装置
CN115120249A,C32,脑电信号评估分析
CN115120249B,C32,脑电信号评估分析
CN115211868A,C21,多模态脑电融合分析
CN115211868B,C21,多模态脑电融合分析
CN118787367A,C2,柔性电极采集装置
CN118787367B,C2,柔性电极采集装置
US7809434B2,C3,脑电状态检测评估
CN106874672A,C18,神经刺激同步递送
CN106874672B,C18,神经刺激同步递送
CN106559625A,C12,视觉脑电解码评估
CN109875583A,C12,视觉脑电解码评估
US5443076A,C3,脑电状态检测评估
TR202002077A2,C11,睡眠脑电调控增强
EP1885241B1,C34,脑电图像生成与映射
US2018103887A1,C34,脑电图像生成与映射
JP6742628B2,C34,脑电图像生成与映射
US10959656B2,C34,脑电图像生成与映射
US5445162A,C21,多模态脑电融合分析
KR102585149B1,C7,视觉刺激脑电分析
KR20200049203A,C41,脑电电极采集装置
CA2606870C,C34,脑电图像生成与映射
KR1020140009635A,C1,脑电特征提取分类
CN120085760A,C13,多模态神经交互评估
CN120085760B,C13,多模态神经交互评估
WO2014172775A1,C14,脑电信号采集处理
CN109726751B,C0,脑电情绪识别分析
CN109726751A,C1,脑电特征提取分类
IN202111017446A,C19,脑机接口交互控制
US2019357797A1,C5,眼动脑电视觉分析
US10925509B2,C5,眼动脑电视觉分析
WO2006122398A1,C34,脑电图像生成与映射
CN117075741A,C14,脑电信号采集处理
KR20180000768A,C20,脑控轮椅交互系统
US10327701B2,C34,脑电图像生成与映射
CN120523316A,C38,事件相关电位分析
CN117075741B,C14,脑电信号采集处理
IN202541125672A,C20,脑控轮椅交互系统
CN106355189A,C21,多模态脑电融合分析
CN112587155A,C3,脑电状态检测评估
CN109222965A,C21,多模态脑电融合分析
KR102362491B1,C28,脑波交互反馈系统
US20080306397A1,C34,脑电图像生成与映射
US20020183644A1,C0,脑电情绪识别分析
US6496724B1,C30,脑电神经反馈康复训练
US6625485B2,C21,多模态脑电融合分析
CN120585287A,C13,多模态神经交互评估
CN120585287B,C13,多模态神经交互评估
US9149202B2,C16,事件相关电位检测
US20110188664A1,C16,事件相关电位检测
US10068248B2,C10,神经信息分析诊断
US2017039591A1,C7,视觉刺激脑电分析
US20120271375A1,C29,深部脑刺激调控
CN113545784A,C2,柔性电极采集装置
CN104434140B,C32,脑电信号评估分析
US10299695B2,C27,认知意识神经评估
CN104287727A,C41,脑电电极采集装置
CN107411735A,C2,柔性电极采集装置
CN106073768A,C14,脑电信号采集处理
CN107374622A,C26,神经刺激电极装置
US9996154B2,C14,脑电信号采集处理
KR20140133767A,C28,脑波交互反馈系统
US2014333529A1,C29,深部脑刺激调控
JP6998959B2,C10,神经信息分析诊断
US2017270411A1,C15,心理生理反馈调节
CN101973508A,C2,柔性电极采集装置
CN213606414U,C41,脑电电极采集装置
US12144646B2,C9,经颅聚焦刺激装置
US2012150545A1,C32,脑电信号评估分析
EP2474263B1,C41,脑电电极采集装置
KR20160047746A,C0,脑电情绪识别分析
EP4410210A3,C29,深部脑刺激调控
GB2581455A,C3,脑电状态检测评估
CA3214642A1,C19,脑机接口交互控制
US2017224245A1,C14,脑电信号采集处理
WO2018164960A1,C29,深部脑刺激调控
US11759146B2,C3,脑电状态检测评估
US20200193299A1,C10,神经信息分析诊断
US8239000B1,C27,认知意识神经评估
CN113057639A,C2,柔性电极采集装置
EP444150B1,C4,神经刺激调控系统
CN114176608B,C2,柔性电极采集装置
CN106725464B,C14,脑电信号采集处理
JP2024526030A,C44,脑电频率识别分析
WO2023099962A1,C41,脑电电极采集装置
US20170189639A1,C4,神经刺激调控系统
US20120245474A1,C3,脑电状态检测评估
US20210282687A1,C16,事件相关电位检测
JP4465414B2,C14,脑电信号采集处理
US10888241B2,C16,事件相关电位检测
WO2018026710A1,C27,认知意识神经评估
CA2675507C,C14,脑电信号采集处理
IL199953A,C42,脑电听觉调控降噪
CN113180663A,C0,脑电情绪识别分析
CN107007280A,C6,电极阵列植入制造
CN110139597B,C10,神经信息分析诊断
US12193824B2,C2,柔性电极采集装置
US12599332B2,C10,神经信息分析诊断
CN118680581A,C25,脑电信号模式识别
US8437843B1,C11,睡眠脑电调控增强
US2018075772A1,C17,神经反馈刺激分析
US10413208B2,C14,脑电信号采集处理
AU2018363296A1,C37,神经调节刺激控制
EP3710989A1,C33,神经信号采集解码
US2014148657A1,C44,脑电频率识别分析
US20030171689A1,C25,脑电信号模式识别
CN114010197A,C2,柔性电极采集装置
WO2018204119A1,C29,深部脑刺激调控
CN109044349A,C34,脑电图像生成与映射
CN108992065A,C34,脑电图像生成与映射
US20230190175A1,C2,柔性电极采集装置
ES2318933B2,C12,视觉脑电解码评估
KR101348233B1,C12,视觉脑电解码评估
US9886981B2,C17,神经反馈刺激分析
US12102434B2,C13,多模态神经交互评估
US10948990B2,C7,视觉刺激脑电分析
EP4395641C0,C32,脑电信号评估分析
US12386421B2,C7,视觉刺激脑电分析
WO2021099148A1,C7,视觉刺激脑电分析
CN114698389A,C33,神经信号采集解码
US20250251796A1,C33,神经信号采集解码
WO2021019088A1,C33,神经信号采集解码
NL2029113B1,C32,脑电信号评估分析
US11556809B2,C3,脑电状态检测评估
US10986992B2,C32,脑电信号评估分析
CN102293647B,C13,多模态神经交互评估
WO0132078A1,C7,视觉刺激脑电分析
US11992684B2,C8,神经刺激监测装置
KR20220109470A,C8,神经刺激监测装置
US20190159715A1,C27,认知意识神经评估
US2014163408A1,C39,脑活动监测与解码
US10722164B2,C27,认知意识神经评估
US20210001147A1,C42,脑电听觉调控降噪
US20240408405A1,C29,深部脑刺激调控
KR1020220109470A,C8,神经刺激监测装置
CN115886841A,C0,脑电情绪识别分析
CN115886841B,C0,脑电情绪识别分析
CN117493774B,C19,脑机接口交互控制
CN117493774A,C19,脑机接口交互控制
CN112070141B,C13,多模态神经交互评估
CN112070141A,C13,多模态神经交互评估
CN113729710A,C13,多模态神经交互评估
CN116595329A,C13,多模态神经交互评估
CN116595329B,C13,多模态神经交互评估
CN122263043A,C13,多模态神经交互评估
US2016235323A1,C12,视觉脑电解码评估
US10827981B2,C32,脑电信号评估分析
WO2008091323A1,C32,脑电信号评估分析
JP6643771B2,C25,脑电信号模式识别
US2013324880A1,C11,睡眠脑电调控增强
CN114343573A,C36,自适应神经刺激调控
WO2025213015A1,C3,脑电状态检测评估
EP4519888A4,C30,脑电神经反馈康复训练
US2014163410A1,C17,神经反馈刺激分析
ATE1625331T1,C19,脑机接口交互控制
WO2016069058A1,C13,多模态神经交互评估
US9101276B2,C32,脑电信号评估分析
CN112512423A,C17,神经反馈刺激分析
US12167066B2,C19,脑机接口交互控制
US11558653B2,C19,脑机接口交互控制
WO2018088187A1,C32,脑电信号评估分析
US9824607B1,C22,脑机虚拟交互控制
US2016371721A1,C5,眼动脑电视觉分析
JP2021502135A,C3,脑电状态检测评估
GB2581455B,C3,脑电状态检测评估
RU226130U1,C14,脑电信号采集处理
CN104434092A,C14,脑电信号采集处理
US20220079527A1,C0,脑电情绪识别分析
CN114652532A,C20,脑控轮椅交互系统
CN114652532B,C20,脑控轮椅交互系统
CN115481650A,C33,神经信号采集解码
CN116027890B,C0,脑电情绪识别分析
CN116027890A,C0,脑电情绪识别分析
CN204863182U,C14,脑电信号采集处理
US20220071544A1,C14,脑电信号采集处理
CN116098634A,C32,脑电信号评估分析
WO2023161861A1,C13,多模态神经交互评估
EP4482392A4,C13,多模态神经交互评估
US9986933B2,C37,神经调节刺激控制
WO2008025048A3,C18,神经刺激同步递送
EP2679151A1,C39,脑活动监测与解码
US20170351958A1,C7,视觉刺激脑电分析
WO2018127087A1,C4,神经刺激调控系统
CN107479709A,C28,脑波交互反馈系统
US2023344907A1,C10,神经信息分析诊断
JP2022546345A,C12,视觉脑电解码评估
US2019104960A1,C21,多模态脑电融合分析
WO2025215147A1,C4,神经刺激调控系统
EP3430997A4,C21,多模态脑电融合分析
CN109069052A,C21,多模态脑电融合分析
US12343157B2,C16,事件相关电位检测
US20210315508A1,C11,睡眠脑电调控增强
JP2013507174A,C4,神经刺激调控系统
JP2013507174A5,C4,神经刺激调控系统
US20220110578A1,C21,多模态脑电融合分析
US20090328089A1,C17,神经反馈刺激分析
US8655428B2,C10,神经信息分析诊断
US20120036004A1,C40,脑电虚拟现实交互
WO2008141340A1,C17,神经反馈刺激分析
US20090024449A1,C7,视觉刺激脑电分析
CN116823408A,C15,心理生理反馈调节
US20220211313A1,C2,柔性电极采集装置
WO2017215177A1,C22,脑机虚拟交互控制
US6099319A,C4,神经刺激调控系统
US2020163571A1,C10,神经信息分析诊断
IT202200023925A1,C8,神经刺激监测装置
US2022248996A1,C4,神经刺激调控系统
EP4004691A1,C33,神经信号采集解码
JP2010279452A,C2,柔性电极采集装置
CN113057639B,C2,柔性电极采集装置
US8326396B2,C4,神经刺激调控系统
US20120108995A1,C17,神经反馈刺激分析
CN115067971B,C17,神经反馈刺激分析
US63225152P0,C15,心理生理反馈调节
US63222873P0,C15,心理生理反馈调节
US63245625P0,C29,深部脑刺激调控
US12248630B2,C23,生物信号虚拟交互
AU2014275184A1,C22,脑机虚拟交互控制
US12638918B2,C18,神经刺激同步递送
US2020019243A1,C23,生物信号虚拟交互
US11520404B2,C23,生物信号虚拟交互
US2025208711A1,C23,生物信号虚拟交互
US2024045503A1,C23,生物信号虚拟交互
US2024316310A1,C8,神经刺激监测装置
CN106406522A,C28,脑波交互反馈系统
CN119311124A,C30,脑电神经反馈康复训练
CN121015207A,C40,脑电虚拟现实交互
US2019357798A1,C16,事件相关电位检测
US2016275726A1,C11,睡眠脑电调控增强
EP3005682A1,C11,睡眠脑电调控增强
US10942568B2,C23,生物信号虚拟交互
US2019090772A1,C33,神经信号采集解码
WO2021045637A1,C30,脑电神经反馈康复训练
CN114698389B,C8,神经刺激监测装置
KR20220093380A,C7,视觉刺激脑电分析
US5467777A,C16,事件相关电位检测
US5295491A,C3,脑电状态检测评估
US12070320B2,C39,脑活动监测与解码
CN109859570A,C17,神经反馈刺激分析
WO2023228131A1,C10,神经信息分析诊断
WO2021037617A1,C14,脑电信号采集处理
WO2020023190A1,C7,视觉刺激脑电分析
US10893822B2,C44,脑电频率识别分析
KR20220036368A,C33,神经信号采集解码
US11278230B2,C27,认知意识神经评估
EP4193912B1,C33,神经信号采集解码
WO2023097240A1,C13,多模态神经交互评估
US2024152208A1,C33,神经信号采集解码
US20080097235A1,C3,脑电状态检测评估
CN114830069A,C8,神经刺激监测装置
CN114830069B,C8,神经刺激监测装置
CN104783788A,C16,事件相关电位检测
KR20170014050A,C5,眼动脑电视觉分析
US2023259208A1,C19,脑机接口交互控制
IL274608B2,C19,脑机接口交互控制
RU2693217C1,C32,脑电信号评估分析
US11921921B2,C28,脑波交互反馈系统
US20240168552A1,C28,脑波交互反馈系统
WO2014197387A1,C14,脑电信号采集处理
AU2014275184B2,C28,脑波交互反馈系统
IL274608A0,C19,脑机接口交互控制
US10452144B2,C23,生物信号虚拟交互
CN109828656A,C33,神经信号采集解码
US20180088669A1,C43,癫痫监测预测干预
US10067565B2,C10,神经信息分析诊断
WO2022182526A1,C39,脑活动监测与解码
US10386924B2,C33,神经信号采集解码
US2023070122A1,C23,生物信号虚拟交互
US12494015B2,C29,深部脑刺激调控
EP4500308A1,C29,深部脑刺激调控
JP2022530143A,C39,脑活动监测与解码
JP7478752B2,C33,神经信号采集解码
CN109893129B,C2,柔性电极采集装置
US2015018657A1,C2,柔性电极采集装置
US20020029005A1,C41,脑电电极采集装置
US5392788A,C32,脑电信号评估分析
US2020245890A1,C40,脑电虚拟现实交互
FR3161102A1,C25,脑电信号模式识别
US20230190185A1,C11,睡眠脑电调控增强
US10394323B2,C27,认知意识神经评估
US20200082735A1,C30,脑电神经反馈康复训练
CN121265938A,C40,脑电虚拟现实交互
US61589748P0,C39,脑活动监测与解码
IL274608A,C19,脑机接口交互控制
US11662816B2,C19,脑机接口交互控制
CN109893129A,C2,柔性电极采集装置
US2016120436A1,C12,视觉脑电解码评估
WO2011150407A3,C19,脑机接口交互控制
JP7543450B2,C15,心理生理反馈调节
US6236885B1,C21,多模态脑电融合分析
US11237633B2,C31,植入式神经接口系统
WO2019104008A1,C19,脑机接口交互控制
US63510423P0,C34,脑电图像生成与映射
US10896431B2,C27,认知意识神经评估
US10743790B2,C21,多模态脑电融合分析
WO2024249822A1,C32,脑电信号评估分析
KR102646182B1,C38,事件相关电位分析
US20120136273A1,C28,脑波交互反馈系统
AU2015200496B2,C27,认知意识神经评估
US11647936B2,C2,柔性电极采集装置
US2023377255A1,C29,深部脑刺激调控
KR1020250090382A,C17,神经反馈刺激分析
KR1020220036368A,C33,神经信号采集解码
US20150105837A1,C8,神经刺激监测装置
RU2704562C1,C11,睡眠脑电调控增强
US62894578P0,C27,认知意识神经评估
US62839405P0,C27,认知意识神经评估
US2017188932A1,C39,脑活动监测与解码
US10463272B1,C41,脑电电极采集装置
US9050015B2,C41,脑电电极采集装置
CN104503571A,C14,脑电信号采集处理
US10130278B2,C41,脑电电极采集装置
KR20170051699A,C2,柔性电极采集装置
US8548554B2,C41,脑电电极采集装置
US20100198042A1,C41,脑电电极采集装置
EP4485395A1,C34,脑电图像生成与映射
US2018341331A1,C31,植入式神经接口系统
KR1020220119161A,C8,神经刺激监测装置
CN110221701A,C40,脑电虚拟现实交互
KR20170085000A,C31,植入式神经接口系统
US2020373001A1,C33,神经信号采集解码
US11524209B1,C28,脑波交互反馈系统
WO2020056190A1,C30,脑电神经反馈康复训练
CN114401670A,C33,神经信号采集解码
WO2020219402A1,C39,脑活动监测与解码
KR20200009940A,C2,柔性电极采集装置
WO2023230133A3,C2,柔性电极采集装置
US11633139B2,C21,多模态脑电融合分析
EP3986268A4,C3,脑电状态检测评估
US2021000367A1,C42,脑电听觉调控降噪
CN111295673A,C25,脑电信号模式识别
US12093456B2,C8,神经刺激监测装置
US2013184558A1,C39,脑活动监测与解码
CN120994068A,C33,神经信号采集解码
KR20180113511A,C0,脑电情绪识别分析
US11635815B2,C33,神经信号采集解码
US2024411368A1,C30,脑电神经反馈康复训练
KR102511641B1,C34,脑电图像生成与映射
US2017340855A1,C11,睡眠脑电调控增强
WO2019101931A1,C21,多模态脑电融合分析
US11009952B2,C21,多模态脑电融合分析
WO2019136555A1,C41,脑电电极采集装置
US10537737B2,C36,自适应神经刺激调控
US12178616B2,C21,多模态脑电融合分析
EP3694410A4,C17,神经反馈刺激分析
WO2022117395A1,C17,神经反馈刺激分析
US20240001067A1,C4,神经刺激调控系统
EP4009333A1,C17,神经反馈刺激分析
US5299118A,C33,神经信号采集解码
CN103955269A,C19,脑机接口交互控制
CN109316196A,C40,脑电虚拟现实交互
CN109316196B,C40,脑电虚拟现实交互
CN110522427A,C40,脑电虚拟现实交互
KR20170114371A,C28,脑波交互反馈系统
KR101799980B1,C28,脑波交互反馈系统
AU2022203926B2,C17,神经反馈刺激分析
US8165684B2,C33,神经信号采集解码
WO2013017169A1,C42,脑电听觉调控降噪
CN111447536B,C23,生物信号虚拟交互
CN111447536A,C23,生物信号虚拟交互
US20220313943A1,C28,脑波交互反馈系统
WO9001897A1,C17,神经反馈刺激分析
US11109795B2,C16,事件相关电位检测
US8700142B2,C9,经颅聚焦刺激装置
US20110184307A1,C21,多模态脑电融合分析
CN101234224A,C40,脑电虚拟现实交互
CN105893780A,C40,脑电虚拟现实交互
CN105893780B,C40,脑电虚拟现实交互
CN107479696A,C22,脑机虚拟交互控制
CN116530938B,C8,神经刺激监测装置
CN116530938A,C8,神经刺激监测装置
KR100943396B1,C1,脑电特征提取分类
US2019059814A1,C2,柔性电极采集装置
WO2018083211A1,C1,脑电特征提取分类
EP3535644A1,C1,脑电特征提取分类
CN113126766A,C30,脑电神经反馈康复训练
WO2026018957A1,C11,睡眠脑电调控增强
CN115061567B,C40,脑电虚拟现实交互
CN115061567A,C14,脑电信号采集处理
CN113900520A,C14,脑电信号采集处理
CN113900520B,C13,多模态神经交互评估
CN118749999A,C17,神经反馈刺激分析
CN113057652A,C3,脑电状态检测评估
WO2026020581A1,C3,脑电状态检测评估
CN103366618A,C30,脑电神经反馈康复训练
CN107329571A,C22,脑机虚拟交互控制
CN107329571B,C22,脑机虚拟交互控制
CN204990187U,C34,脑电图像生成与映射
CN108970109A,C19,脑机接口交互控制
KR1020210022944A,C23,生物信号虚拟交互
KR20210022944A,C23,生物信号虚拟交互
KR20250056522A,C30,脑电神经反馈康复训练
CN108417248A,C30,脑电神经反馈康复训练
CN105487676A,C23,生物信号虚拟交互
CN116880701B,C13,多模态神经交互评估
CN116880701A,C13,多模态神经交互评估
EP3520428A4,C43,癫痫监测预测干预
US12564649B2,C23,生物信号虚拟交互
CN108379713A,C28,脑波交互反馈系统
KR1020180006573A,C19,脑机接口交互控制
KR102439557B1,C23,生物信号虚拟交互
CN116841387A,C22,脑机虚拟交互控制
CN114637396A,C22,脑机虚拟交互控制
US12569159B2,C4,神经刺激调控系统
EP4463061A1,C4,神经刺激调控系统
EP4212092A1,C32,脑电信号评估分析
KR20190089585A,C28,脑波交互反馈系统
CN116522280B,C0,脑电情绪识别分析
CN110502101A,C22,脑机虚拟交互控制
CN206147520U,C33,神经信号采集解码
CN119718073A,C34,脑电图像生成与映射
CN107291248A,C40,脑电虚拟现实交互
CN110442244A,C19,脑机接口交互控制
CN108433721A,C14,脑电信号采集处理
CN110680314B,C11,睡眠脑电调控增强
CN109171770B,C30,脑电神经反馈康复训练
CN121059966A,C19,脑机接口交互控制
CN109696745A,C42,脑电听觉调控降噪
CN116522280A,C13,多模态神经交互评估
CN110680314A,C11,睡眠脑电调控增强
KR102165592B1,C5,眼动脑电视觉分析
CN119548094B,C5,眼动脑电视觉分析
KR101703923B1,C5,眼动脑电视觉分析
CN118319329A,C11,睡眠脑电调控增强
KR20250047254A,C28,脑波交互反馈系统
WO2008121651A1,C4,神经刺激调控系统
US20110282232A1,C17,神经反馈刺激分析
US10987015B2,C2,柔性电极采集装置
US8533042B2,C8,神经刺激监测装置
KR101464397B1,C4,神经刺激调控系统
CN115844413B,C41,脑电电极采集装置
CN115844413A,C41,脑电电极采集装置
US20110282231A1,C17,神经反馈刺激分析
EP3047475A4,C3,脑电状态检测评估
KR1020250107978A,C7,视觉刺激脑电分析
TW201117771A,C4,神经刺激调控系统
US2011040202A1,C4,神经刺激调控系统
CN102647942A,C4,神经刺激调控系统
CN102647942B,C4,神经刺激调控系统
CN217470227U,C28,脑波交互反馈系统
WO2008025048A2,C4,神经刺激调控系统
US20110270620A1,C17,神经反馈刺激分析
CN113396422A,C27,认知意识神经评估
US20220317215A1,C21,多模态脑电融合分析
EP4021291B1,C21,多模态脑电融合分析
KR20180045278A,C19,脑机接口交互控制
CN106406534A,C28,脑波交互反馈系统
US2025090040A1,C34,脑电图像生成与映射
CN119548094A,C5,眼动脑电视觉分析
KR20210016948A,C12,视觉脑电解码评估
CN118541083A,C34,脑电图像生成与映射
CN107544675A,C1,脑电特征提取分类
KR102113684B1,C14,脑电信号采集处理
US8484081B2,C17,神经反馈刺激分析
US20120036005A1,C8,神经刺激监测装置
EP4021291A1,C12,视觉脑电解码评估
US20200015696A1,C32,脑电信号评估分析
US20230121616A1,C19,脑机接口交互控制
US2015164361A1,C11,睡眠脑电调控增强
CN119258400A,C13,多模态神经交互评估
IL267518B1,C10,神经信息分析诊断
IL267518B2,C10,神经信息分析诊断
US20190120918A1,C34,脑电图像生成与映射
CN120000238A,C3,脑电状态检测评估
CN122140264A,C26,神经刺激电极装置
US20240090810A1,C17,神经反馈刺激分析
EP3785625A1,C21,多模态脑电融合分析
CN114449949A,C21,多模态脑电融合分析
US61349799P0,C14,脑电信号采集处理
US2020029851A1,C16,事件相关电位检测
US2018116514A1,C1,脑电特征提取分类
WO2023103265A1,C28,脑波交互反馈系统
US60476507P0,C19,脑机接口交互控制
WO2023114767A1,C32,脑电信号评估分析
EP4637891A1,C35,神经刺激参数优化
CN114617561A,C41,脑电电极采集装置
CN121306437B,C30,脑电神经反馈康复训练
US2024288940A1,C19,脑机接口交互控制
CN110569880A,C12,视觉脑电解码评估
EP3048955A2,C22,脑机虚拟交互控制
WO2004034870A2,C21,多模态脑电融合分析
US6230049B1,C33,神经信号采集解码
CN103989482A,C4,神经刺激调控系统
US20030225340A1,C7,视觉刺激脑电分析
US62009488P0,C41,脑电电极采集装置
CN115844325A,C14,脑电信号采集处理
CN115844325B,C14,脑电信号采集处理
US4955388A,C21,多模态脑电融合分析
US2020352464A1,C21,多模态脑电融合分析
CN101631496A,C12,视觉脑电解码评估
US20100094702A1,C12,视觉脑电解码评估
US20140207558A1,C12,视觉脑电解码评估
ES2342249B1,C18,神经刺激同步递送
CN110572444A,C4,神经刺激调控系统
CN110572444B,C4,神经刺激调控系统
US20250148123A1,C31,植入式神经接口系统
WO2017221082A1,C27,认知意识神经评估
US2019216353A1,C11,睡眠脑电调控增强
US62615108P0,C14,脑电信号采集处理
CN104853287A,C22,脑机虚拟交互控制
IN202441102559A,C3,脑电状态检测评估
WO2024259443A1,C3,脑电状态检测评估
CN113918008A,C34,脑电图像生成与映射
CN113918008B,C34,脑电图像生成与映射
CN121747384A,C30,脑电神经反馈康复训练
CN121996066A,C0,脑电情绪识别分析
CN109730701A,C15,心理生理反馈调节
CN121957345A,C8,神经刺激监测装置
US2026073809A1,C7,视觉刺激脑电分析
IN202641068096A,C19,脑机接口交互控制
US2010317988A1,C16,事件相关电位检测
WO2009057260A1,C16,事件相关电位检测
CN216394070U,C14,脑电信号采集处理
CN116636859B,C27,认知意识神经评估
CN116636859A,C27,认知意识神经评估
US20250073502A1,C37,神经调节刺激控制
WO2023278199A1,C37,神经调节刺激控制
CN115562491A,C1,脑电特征提取分类
CN115562491B,C1,脑电特征提取分类
CN120067843A,C21,多模态脑电融合分析
KR100740881B1,C21,多模态脑电融合分析
US4495950A,C14,脑电信号采集处理
CN112451833A,C12,视觉脑电解码评估
US9149214B2,C32,脑电信号评估分析
US9241226B2,C42,脑电听觉调控降噪
CN115758113A,C0,脑电情绪识别分析
US9117124B2,C12,视觉脑电解码评估
US8849391B2,C38,事件相关电位分析
CN103189001B,C38,事件相关电位分析
US20110152708A1,C38,事件相关电位分析
US20110279676A1,C7,视觉刺激脑电分析
US20120072213A1,C38,事件相关电位分析
US20130266163A1,C42,脑电听觉调控降噪
US8730326B2,C7,视觉刺激脑电分析
CN103189001A,C38,事件相关电位分析
JP2022121968A,C16,事件相关电位检测
JP3993882B2,C16,事件相关电位检测
US20110071828A1,C28,脑波交互反馈系统
US2021196173A1,C39,脑活动监测与解码
US11006878B2,C39,脑活动监测与解码
EP3946013A1,C39,脑活动监测与解码
WO2020205870A1,C39,脑活动监测与解码
US2020315510A1,C39,脑活动监测与解码
CA3134153A1,C39,脑活动监测与解码
AU2020252190A1,C39,脑活动监测与解码
WO2011155196A1,C38,事件相关电位分析
CN115349874A,C0,脑电情绪识别分析
US20040073129A1,C28,脑波交互反馈系统
US20130039498A1,C38,事件相关电位分析
US2020205741A1,C3,脑电状态检测评估
US2020205711A1,C3,脑电状态检测评估
JP2010015584A,C25,脑电信号模式识别
CN103077206A,C38,事件相关电位分析
WO2020139972A1,C3,脑电状态检测评估
CN102469961A,C38,事件相关电位分析
US62829124P0,C39,脑活动监测与解码
CN113677259A,C39,脑活动监测与解码
JP2022530745A,C39,脑活动监测与解码
CN111671418B,C16,事件相关电位检测
CN111671418A,C16,事件相关电位检测
IN202641043107A,C33,神经信号采集解码
CN120873793A,C11,睡眠脑电调控增强
CN114343573B,C29,深部脑刺激调控
IN202041026123A,C3,脑电状态检测评估
CN1850308A,C25,脑电信号模式识别
CN121144800A,C14,脑电信号采集处理
WO2009042379A1,C11,睡眠脑电调控增强
US8380314B2,C11,睡眠脑电调控增强
US2013131755A1,C11,睡眠脑电调控增强
US9248288B2,C11,睡眠脑电调控增强
US2019240491A1,C11,睡眠脑电调控增强
KR102817177B1,C0,脑电情绪识别分析
US2020129081A1,C14,脑电信号采集处理
US2009082829A1,C11,睡眠脑电调控增强
US2016158553A1,C11,睡眠脑电调控增强
WO2022204726A1,C21,多模态脑电融合分析
CN115381454B,C14,脑电信号采集处理
CN113506607A,C30,脑电神经反馈康复训练
CN113040789A,C21,多模态脑电融合分析
CN115381454A,C14,脑电信号采集处理
CN107887031A,C21,多模态脑电融合分析
CN109214259A,C21,多模态脑电融合分析
US11517245B2,C21,多模态脑电融合分析
CN121393737A,C30,脑电神经反馈康复训练
WO2008154410A1,C17,神经反馈刺激分析
CN1420745A,C32,脑电信号评估分析
US2025217464A1,C14,脑电信号采集处理
US20080039737A1,C34,脑电图像生成与映射
KR20160137726A,C41,脑电电极采集装置
US20120172743A1,C3,脑电状态检测评估
CN114746830A,C7,视觉刺激脑电分析
KR20250090382A,C33,神经信号采集解码
US12001607B2,C10,神经信息分析诊断
WO2021121766A1,C8,神经刺激监测装置
US2025213171A1,C1,脑电特征提取分类
CN85100554A,C2,柔性电极采集装置
CN113080980A,C41,脑电电极采集装置
US12307013B2,C7,视觉刺激脑电分析
EP4464250A3,C7,视觉刺激脑电分析
US10779747B2,C13,多模态神经交互评估
CN117058514A,C39,脑活动监测与解码
RU216028U1,C41,脑电电极采集装置
EP4351422A4,C0,脑电情绪识别分析
EP4351422A1,C0,脑电情绪识别分析
US2024427418A1,C0,脑电情绪识别分析
CN104434140A,C34,脑电图像生成与映射
US2018184964A1,C13,多模态神经交互评估
US10817057B2,C32,脑电信号评估分析
US12629073B2,C17,神经反馈刺激分析
CN118335343A,C10,神经信息分析诊断
CN115956930A,C13,多模态神经交互评估
CN112416987A,C32,脑电信号评估分析
CN110139597A,C10,神经信息分析诊断
US5788648A,C29,深部脑刺激调控
US2018279900A1,C28,脑波交互反馈系统
US20230372725A1,C29,深部脑刺激调控
CN109891519A,C12,视觉脑电解码评估
US5479934A,C41,脑电电极采集装置
JP2002529132A5,C2,柔性电极采集装置
JP2002529132A,C2,柔性电极采集装置
US11311229B2,C2,柔性电极采集装置
US20110004115A1,C25,脑电信号模式识别
IN202111028383A,C19,脑机接口交互控制
US2019000338A1,C2,柔性电极采集装置
EP4289115A1,C13,多模态神经交互评估
US10455287B2,C27,认知意识神经评估
US2020178834A1,C32,脑电信号评估分析
WO2025237848A1,C1,脑电特征提取分类
WO2025101626A1,C37,神经调节刺激控制
JP2024531871A,C21,多模态脑电融合分析
US20030073921A1,C16,事件相关电位检测
US6832110B2,C16,事件相关电位检测
US2011152710A1,C35,神经刺激参数优化
CN118105599B,C17,神经反馈刺激分析
CN118105599A,C17,神经反馈刺激分析
KR20210000248A,C4,神经刺激调控系统
CN114896573A,C14,脑电信号采集处理
CN120814833A,C37,神经调节刺激控制
IN202541098013A,C32,脑电信号评估分析
US10456054B2,C0,脑电情绪识别分析
US2019125203A1,C38,事件相关电位分析
CN114173663A,C30,脑电神经反馈康复训练
EP4000578A4,C30,脑电神经反馈康复训练
CN120353998A,C19,脑机接口交互控制
IN202411022568A,C39,脑活动监测与解码
GB2596105A,C36,自适应神经刺激调控
CN116584954A,C1,脑电特征提取分类
CN120928949A,C0,脑电情绪识别分析
CN119248115A,C22,脑机虚拟交互控制
RU2759310C1,C0,脑电情绪识别分析
IN202411030077A,C11,睡眠脑电调控增强
KR101675875B1,C11,睡眠脑电调控增强
CN113297442A,C14,脑电信号采集处理
US20170228512A1,C1,脑电特征提取分类
US20040116798A1,C3,脑电状态检测评估
US20120184869A1,C21,多模态脑电融合分析
US5181520A,C32,脑电信号评估分析
CN120105073B,C25,脑电信号模式识别
US20190132733A1,C14,脑电信号采集处理
CN121587746A,C3,脑电状态检测评估
CN121587746B,C3,脑电状态检测评估
CN122111663A,C19,脑机接口交互控制
KR102513099B1,C9,经颅聚焦刺激装置
CN120340895A,C13,多模态神经交互评估
CN122194740A,C28,脑波交互反馈系统
IN202541071201A,C0,脑电情绪识别分析
US10405790B2,C27,认知意识神经评估
KR20210033870A,C14,脑电信号采集处理
KR20160041748A,C35,神经刺激参数优化
US11931162B2,C43,癫痫监测预测干预
US12514489B2,C43,癫痫监测预测干预
CN111543949A,C34,脑电图像生成与映射
CN111543949B,C34,脑电图像生成与映射
KR1020220153148A,C1,脑电特征提取分类
KR102513398B1,C34,脑电图像生成与映射
CN111616702A,C3,脑电状态检测评估
CN118873156A,C35,神经刺激参数优化
CN118873156B,C35,神经刺激参数优化
KR102238067B1,C8,神经刺激监测装置
US20170147578A1,C13,多模态神经交互评估
CN101015451A,C17,神经反馈刺激分析
CN113397557A,C0,脑电情绪识别分析
CN113397559B,C0,脑电情绪识别分析
KR1020220007838A,C29,深部脑刺激调控
WO2024121855A1,C30,脑电神经反馈康复训练
CN113116356B,C27,认知意识神经评估
EP2613222A4,C14,脑电信号采集处理
KR1020130142476A,C25,脑电信号模式识别
WO2021147292A1,C32,脑电信号评估分析
CN111311070A,C5,眼动脑电视觉分析
CN111311070B,C5,眼动脑电视觉分析
US5113870A,C35,神经刺激参数优化
CN115414044A,C3,脑电状态检测评估
CN119791677A,C3,脑电状态检测评估
CN214761119U,C27,认知意识神经评估
CN120093306A,C24,闭环神经调控系统
IN202521026664A,C14,脑电信号采集处理
WO0238031A2,C26,神经刺激电极装置
WO0238031A3,C35,神经刺激参数优化
CN119405329A,C30,脑电神经反馈康复训练
RU2798703C1,C22,脑机虚拟交互控制
RU2252692C2,C3,脑电状态检测评估
CN116978542A,C0,脑电情绪识别分析
EP2613222B1,C0,脑电情绪识别分析
CN113116356A,C7,视觉刺激脑电分析
CN118766414A,C11,睡眠脑电调控增强
CN116531637A,C13,多模态神经交互评估
US7603168B2,C3,脑电状态检测评估
CN121489505A,C12,视觉脑电解码评估
CN122158119A,C30,脑电神经反馈康复训练
CN119360716A,C7,视觉刺激脑电分析
US8494905B2,C7,视觉刺激脑电分析
JP2010535083A5,C17,神经反馈刺激分析
JP2010535083A,C17,神经反馈刺激分析
CN101815467A,C17,神经反馈刺激分析
CN102293647A,C39,脑活动监测与解码
KR101648120B1,C0,脑电情绪识别分析
US20030013981A1,C32,脑电信号评估分析
US20230051708A1,C2,柔性电极采集装置
US20130053720A1,C16,事件相关电位检测
EP4100815A1,C16,事件相关电位检测
CN111867448A,C14,脑电信号采集处理
JP7766173B2,C21,多模态脑电融合分析
WO2015127361A1,C27,认知意识神经评估
WO2010149157A1,C3,脑电状态检测评估
US9560984B2,C11,睡眠脑电调控增强
US10679241B2,C13,多模态神经交互评估
US10674930B2,C2,柔性电极采集装置
US20220409094A1,C7,视觉刺激脑电分析
US2019090771A1,C10,神经信息分析诊断
US20100185113A1,C4,神经刺激调控系统
US2020237296A1,C3,脑电状态检测评估
KR1020220093380A,C7,视觉刺激脑电分析
CN114981759B,C33,神经信号采集解码
US6292688B1,C0,脑电情绪识别分析
US63311628P0,C14,脑电信号采集处理
US63194111P0,C14,脑电信号采集处理
US11467662B1,C7,视觉刺激脑电分析
CN114169366A,C1,脑电特征提取分类
KR1020230162116A,C19,脑机接口交互控制
US20250255531A1,C34,脑电图像生成与映射
US20070249952A1,C11,睡眠脑电调控增强
WO2017158273A1,C0,脑电情绪识别分析
FR3048867A1,C0,脑电情绪识别分析
WO2025055849A1,C17,神经反馈刺激分析
US2016113545A1,C0,脑电情绪识别分析
US20180089531A1,C29,深部脑刺激调控
US20110085780A1,C28,脑波交互反馈系统
WO2019111062A1,C17,神经反馈刺激分析
CN115063188B,C32,脑电信号评估分析
CN115063188A,C32,脑电信号评估分析
US20030153841A1,C32,脑电信号评估分析
CN114746830B,C7,视觉刺激脑电分析
EP4062262A1,C8,神经刺激监测装置
US9826914B2,C33,神经信号采集解码
US20120165695A1,C3,脑电状态检测评估
US10959639B2,C3,脑电状态检测评估
CN111466931A,C0,脑电情绪识别分析
US20090069707A1,C30,脑电神经反馈康复训练
CN117275046A,C21,多模态脑电融合分析
US2019139078A1,C16,事件相关电位检测
US10733625B2,C16,事件相关电位检测
US12217487B2,C34,脑电图像生成与映射
KR20170104602A,C11,睡眠脑电调控增强
US20230200647A1,C14,脑电信号采集处理
US20220273210A1,C0,脑电情绪识别分析
US20130304540A1,C42,脑电听觉调控降噪
US4974602A,C13,多模态神经交互评估
US20250022606A1,C25,脑电信号模式识别
CN114469114A,C2,柔性电极采集装置
CN118177835A,C2,柔性电极采集装置
CN108577835A,C3,脑电状态检测评估
CN108577835B,C3,脑电状态检测评估
CN107272905A,C4,神经刺激调控系统
CN110399817B,C14,脑电信号采集处理
IN202641038960A,C20,脑控轮椅交互系统
KR20200107303A,C3,脑电状态检测评估
US2023371872A1,C11,睡眠脑电调控增强
CZ2009411A3,C42,脑电听觉调控降噪
US2021259615A1,C0,脑电情绪识别分析
KR20200036209A,C14,脑电信号采集处理
US2025224805A1,C0,脑电情绪识别分析
US2014330157A1,C30,脑电神经反馈康复训练
US11043210B2,C0,脑电情绪识别分析
US2019196585A1,C5,眼动脑电视觉分析
EP4567640A1,C12,视觉脑电解码评估
DE102022201319A1,C5,眼动脑电视觉分析
KR20200025478A,C44,脑电频率识别分析
US2020005770A1,C0,脑电情绪识别分析
US9521959B2,C14,脑电信号采集处理
CN107272905B,C4,神经刺激调控系统
KR102136799B1,C44,脑电频率识别分析
US10682069B2,C28,脑波交互反馈系统
US7580742B2,C3,脑电状态检测评估
WO2009139119A1,C11,睡眠脑电调控增强
CN109241879A,C1,脑电特征提取分类
CN110151203A,C12,视觉脑电解码评估
CN110151203B,C12,视觉脑电解码评估
EP3880071A1,C33,神经信号采集解码
CZ304005B6,C25,脑电信号模式识别
WO2019133609A1,C22,脑机虚拟交互控制
US10671164B2,C28,脑波交互反馈系统
WO2023151912A1,C5,眼动脑电视觉分析
CN110399817A,C14,脑电信号采集处理
US2018014130A1,C42,脑电听觉调控降噪
US2019167974A1,C41,脑电电极采集装置
EP4203793A1,C11,睡眠脑电调控增强
US2017105645A1,C4,神经刺激调控系统
US10362414B2,C42,脑电听觉调控降噪
IN202141062067A,C25,脑电信号模式识别
CA3192636A1,C11,睡眠脑电调控增强
WO2020100144A1,C0,脑电情绪识别分析
US2020225749A1,C5,眼动脑电视觉分析
US2007185697A1,C3,脑电状态检测评估
CN115590532A,C25,脑电信号模式识别
CZ20090411A3,C2,柔性电极采集装置
CN107252317A,C40,脑电虚拟现实交互
CA3133970A1,C16,事件相关电位检测
CN117503157A,C0,脑电情绪识别分析
US20220167908A1,C16,事件相关电位检测
US10743809B1,C43,癫痫监测预测干预
US20070239059A1,C6,电极阵列植入制造
US20210085235A1,C43,癫痫监测预测干预
US5269302A,C43,癫痫监测预测干预
WO2023100053A1,C13,多模态神经交互评估
CN119669857A,C1,脑电特征提取分类
EP3267698A1,C42,脑电听觉调控降噪
RU2682492C1,C32,脑电信号评估分析
CN109241879B,C1,脑电特征提取分类
CN109938725A,C0,脑电情绪识别分析
CN111132600A,C34,脑电图像生成与映射
CN113476059A,C0,脑电情绪识别分析
CN114781441A,C21,多模态脑电融合分析
RU2717213C1,C28,脑波交互反馈系统
US20110015503A1,C2,柔性电极采集装置
US3760796A,C0,脑电情绪识别分析
US4873981A,C43,癫痫监测预测干预
CN107864440A,C42,脑电听觉调控降噪
