path_id,source,target,source_year,target_year,source_country,target_country,spc_weight,splc_weight,edge_position
1,US10349898B2,US6317627B1,,1999.0,US,US,9.155e-05,0.0,0
1,US6317627B1,US6230049B1,1999.0,1999.0,US,US,0.06682758,1.27e-06,1
1,US6230049B1,US6016449A,1999.0,1997.0,US,US,0.02451216,2.06e-06,2
1,US6016449A,US5626627A,1997.0,1995.0,US,US,0.02837387,4.38e-06,3
1,US5626627A,US5269302A,1995.0,1992.0,US,US,0.01780345,8.14e-06,4
1,US5269302A,US4878498A,1992.0,1989.0,US,US,0.04757904,2.226e-05,5
1,US4878498A,US4744029A,1989.0,,US,US,0.12400699,6.055e-05,6
1,US4744029A,US4579125A,,1984.0,US,US,0.03213411,0.00012504,7
1,US4579125A,US4493327A,1984.0,1982.0,US,US,0.07957724,0.00037714,8
1,US4493327A,US4408616A,1982.0,1981.0,US,US,0.13454912,0.0009409,9
1,US4408616A,US4201224A,1981.0,1978.0,US,US,0.09612693,0.00184859,10
1,US4201224A,US4092981A,1978.0,1976.0,US,US,0.08649491,0.00393159,11
1,US4092981A,US3978847A,1976.0,1974.0,US,US,0.06136788,0.00511399,12
1,US3978847A,US3753433A,1974.0,1971.0,US,US,0.03280839,0.00546806,13
1,US3753433A,US3565058A,1971.0,,US,US,0.01610658,0.01610658,14
2,US7305370B2,US6549804B1,,1999.0,US,US,0.00048304,0.0,0
2,US6549804B1,US6304775B1,1999.0,1999.0,US,US,0.05787562,3.9e-07,1
2,US6304775B1,US5743860A,1999.0,1996.0,US,US,0.03299301,6.4e-07,2
2,US5743860A,US5626145A,1996.0,1996.0,US,US,0.04353777,1.78e-06,3
2,US5626145A,US5311876A,1996.0,1992.0,US,US,0.01898905,3.32e-06,4
2,US5311876A,US4878498A,1992.0,1989.0,US,US,0.03573113,1.672e-05,5
2,US4878498A,US4744029A,1989.0,,US,US,0.12400699,6.055e-05,6
2,US4744029A,US4610259A,,1983.0,US,US,0.09952823,0.00012504,7
2,US4610259A,US4493327A,1983.0,1982.0,US,US,0.0719213,0.00034086,8
2,US4493327A,US4275744A,1982.0,1979.0,US,US,0.04892695,0.0009409,9
2,US4275744A,US4083365A,1979.0,1976.0,US,US,0.02929716,0.00108508,10
2,US4083365A,US3893450A,1976.0,1973.0,US,US,0.01621366,0.00115812,11
2,US3893450A,US3696808A,1973.0,1970.0,US,US,0.1049686,0.0095426,12
2,US3696808A,US3222598A,1970.0,,US,US,0.02495107,0.02495107,13
3,US20060265025A1,US6549804B1,,1999.0,US,US,0.00048304,0.0,0
3,US6549804B1,US6230049B1,1999.0,1999.0,US,US,0.02051849,3.9e-07,1
3,US6230049B1,US5857978A,1999.0,1996.0,US,US,0.05046828,2.06e-06,2
3,US5857978A,US5311876A,1996.0,1992.0,US,US,0.01651222,2.89e-06,3
3,US5311876A,US4873981A,1992.0,1988.0,US,US,0.03579801,1.672e-05,4
3,US4873981A,US4744029A,1988.0,,US,US,0.08897385,4.344e-05,5
3,US4744029A,US4550736A,,1984.0,US,US,0.01300369,0.00012504,6
3,US4550736A,US4417592A,1984.0,1981.0,US,US,0.01712501,0.00016466,7
3,US4417592A,US4201224A,1981.0,1978.0,US,US,0.02867094,0.00055136,8
3,US4201224A,US3901215A,1978.0,1973.0,US,US,0.05897381,0.00393159,9
3,US3901215A,US3696808A,1973.0,1970.0,US,US,0.1100451,0.0100041,10
3,US3696808A,US3413546A,1970.0,,US,US,0.02495107,0.02495107,11
4,US6978183B2,US6304775B1,,1999.0,US,US,0.00020096,0.0,0
4,US6304775B1,US5815413A,1999.0,,US,US,0.0315319,6.4e-07,1
4,US5815413A,US5626145A,,1996.0,US,US,0.0252651,1.03e-06,2
4,US5626145A,US5392788A,1996.0,1993.0,US,US,0.05494542,3.32e-06,3
4,US5392788A,US4987903A,1993.0,1988.0,US,US,0.01847612,9.91e-06,4
4,US4987903A,US4794533A,1988.0,,US,US,0.04543887,3.271e-05,5
4,US4794533A,US4610259A,,1983.0,US,US,0.06260257,7.865e-05,6
4,US4610259A,US4201224A,1983.0,1978.0,US,US,0.01772468,0.00034086,7
4,US4201224A,US3893450A,1978.0,1973.0,US,US,0.05504222,0.00393159,8
4,US3893450A,US3696808A,1973.0,1970.0,US,US,0.1049686,0.0095426,9
4,US3696808A,US3123768A,1970.0,,US,US,0.02495107,0.02495107,10
5,US11026617B2,US6343226B1,,1999.0,US,US,4.91e-05,0.0,0
5,US6343226B1,US6171239B1,1999.0,1998.0,US,US,0.01300135,3.8e-07,1
5,US6171239B1,US5638826A,1998.0,1995.0,US,US,0.01902579,9e-07,2
5,US5638826A,US5474082A,1995.0,1993.0,US,US,0.04383559,2.36e-06,3
5,US5474082A,US5213338A,1993.0,1991.0,US,US,0.02308545,3.89e-06,4
5,US5213338A,US4955388A,1991.0,1987.0,US,US,0.03886018,8.21e-06,5
5,US4955388A,US4744029A,1987.0,,US,US,0.03391703,1.656e-05,6
5,US4744029A,US4610259A,,1983.0,US,US,0.09952823,0.00012504,7
5,US4610259A,US4412547A,1983.0,1981.0,US,US,0.07089873,0.00034086,8
5,US4412547A,US4170225A,1981.0,,US,US,0.01764107,0.00045234,9
5,US4170225A,US3958563A,,1974.0,US,US,0.00866849,0.00045624,10
5,US3958563A,US3841309A,1974.0,1973.0,US,US,0.02443452,0.00271495,11
5,US3841309A,US3174478A,1973.0,,US,US,0.00437956,0.00437956,12
6,US20090172640A1,US6061593A,,1998.0,US,US,6.909e-05,0.0,0
6,US6061593A,US5743860A,1998.0,1996.0,US,US,0.02767824,5.4e-07,1
6,US5743860A,US5392788A,1996.0,1993.0,US,US,0.02947093,1.78e-06,2
6,US5392788A,US5113870A,1993.0,1990.0,US,US,0.01845629,9.91e-06,3
6,US5113870A,US4932416A,1990.0,1987.0,US,US,0.02427727,1.314e-05,4
6,US4932416A,US4610259A,1987.0,1983.0,US,US,0.0177418,2.229e-05,5
6,US4610259A,US4412547A,1983.0,1981.0,US,US,0.07089873,0.00034086,6
6,US4412547A,US4213465A,1981.0,1978.0,US,US,0.01718873,0.00045234,7
6,US4213465A,US4037586A,1978.0,1976.0,US,US,0.03023829,0.00143992,8
6,US4037586A,US3910258A,1976.0,1974.0,US,US,0.03932831,0.00245802,9
6,US3910258A,US3706308A,1974.0,1970.0,US,US,0.01482605,0.00296521,10
6,US3706308A,US3384075A,1970.0,,US,US,0.0127019,0.0127019,11
7,US9895107B2,US6317627B1,,1999.0,US,US,9.155e-05,0.0,0
7,US6317627B1,US6067467A,1999.0,1998.0,US,US,0.00587232,1.27e-06,1
7,US6067467A,US5320109A,1998.0,1991.0,US,US,0.00586485,1.58e-06,2
7,US5320109A,US4974602A,1991.0,1989.0,US,US,0.00785258,4e-06,3
7,US4974602A,US4736751A,1989.0,1986.0,US,US,0.01195133,1.87e-05,4
7,US4736751A,US4649482A,1986.0,1984.0,US,US,0.05124629,0.00010029,5
7,US4649482A,US4498080A,1984.0,1983.0,US,US,0.03368413,0.00016431,6
7,US4498080A,US4201224A,1983.0,1978.0,US,US,0.01754988,0.0003375,7
7,US4201224A,US4092981A,1978.0,1976.0,US,US,0.08649491,0.00393159,8
7,US4092981A,US3890957A,1976.0,,US,US,0.02556995,0.00511399,9
7,US3890957A,US3760796A,,1971.0,US,US,0.02583013,0.00516603,10
7,US3760796A,US2902030A,1971.0,,US,US,0.01380219,0.01380219,11
8,US7787944B2,US6549804B1,,1999.0,US,US,0.00048304,0.0,0
8,US6549804B1,US5815413A,1999.0,,US,US,0.0189983,3.9e-07,1
8,US5815413A,US5392788A,,1993.0,US,US,0.01710207,1.03e-06,2
8,US5392788A,US5243517A,1993.0,1988.0,US,US,0.01390665,9.91e-06,3
8,US5243517A,US4794533A,1988.0,,US,US,0.01768202,1.273e-05,4
8,US4794533A,US4610259A,,1983.0,US,US,0.06260257,7.865e-05,5
8,US4610259A,US4407299A,1983.0,1981.0,US,US,0.02113327,0.00034086,6
8,US4407299A,US4171696A,1981.0,1978.0,US,US,0.01599502,0.00088861,7
8,US4171696A,US3837331A,1978.0,1972.0,US,US,0.04242163,0.00471351,8
8,US3837331A,US3753433A,1972.0,1971.0,US,US,0.04347499,0.00724583,9
8,US3753433A,US3488586A,1971.0,,US,US,0.01610658,0.01610658,10
9,US10596367B2,US6304775B1,,1999.0,US,US,0.00020096,0.0,0
9,US6304775B1,US5857978A,1999.0,1996.0,US,US,0.01579819,6.4e-07,1
9,US5857978A,US5392788A,1996.0,1993.0,US,US,0.04777863,2.89e-06,2
9,US5392788A,US4913160A,1993.0,1988.0,US,US,0.01816884,9.91e-06,3
9,US4913160A,US4610259A,1988.0,1983.0,US,US,0.02556739,3.212e-05,4
9,US4610259A,US4408616A,1983.0,1981.0,US,US,0.04874287,0.00034086,5
9,US4408616A,US4201224A,1981.0,1978.0,US,US,0.09612693,0.00184859,6
9,US4201224A,US3809069A,1978.0,,US,US,0.00393159,0.00393159,7
10,US8423106B2,US6317627B1,,1999.0,US,US,9.155e-05,0.0,0
10,US6317627B1,US6230049B1,1999.0,1999.0,US,US,0.06682758,1.27e-06,1
10,US6230049B1,US5311876A,1999.0,1992.0,US,US,0.01178232,2.06e-06,2
10,US5311876A,US5181520A,1992.0,1990.0,US,US,0.0085106,1.672e-05,3
10,US5181520A,US4907597A,1990.0,,US,US,0.00605499,1.677e-05,4
10,US4907597A,US4557270A,,1983.0,US,US,0.00632527,2.13e-05,5
10,US4557270A,US4201224A,1983.0,1978.0,US,US,0.01015635,0.00019531,6
10,US4201224A,US4092981A,1978.0,1976.0,US,US,0.08649491,0.00393159,7
10,US4092981A,US3760796A,1976.0,1971.0,US,US,0.02556995,0.00511399,8
10,US3760796A,US3138759A,1971.0,,US,US,0.01380219,0.01380219,9
11,US20100017225A1,US6167298A,,1999.0,US,US,8.563e-05,0.0,0
11,US6167298A,US5626145A,1999.0,1996.0,US,US,0.00366113,1.5e-07,1
11,US5626145A,US5349962A,1996.0,1993.0,US,US,0.00723709,3.32e-06,2
11,US5349962A,US4873981A,1993.0,1988.0,US,US,0.03128102,1.461e-05,3
11,US4873981A,US4744029A,1988.0,,US,US,0.08897385,4.344e-05,4
11,US4744029A,US4557270A,,1983.0,US,US,0.03713553,0.00012504,5
11,US4557270A,US4408616A,1983.0,1981.0,US,US,0.02792996,0.00019531,6
11,US4408616A,US3958563A,1981.0,1974.0,US,US,0.0351233,0.00184859,7
11,US3958563A,US3513834A,1974.0,,US,US,0.00271495,0.00271495,8
12,US20080101660A1,US6292688B1,,1996.0,US,US,6.741e-05,0.0,0
12,US6292688B1,US5392788A,1996.0,1993.0,US,US,0.00515741,3.1e-07,1
12,US5392788A,US4949725A,1993.0,1988.0,US,US,0.0121423,9.91e-06,2
12,US4949725A,US4736751A,1988.0,1986.0,US,US,0.00971967,1.521e-05,3
12,US4736751A,US4649482A,1986.0,1984.0,US,US,0.05124629,0.00010029,4
12,US4649482A,US4408616A,1984.0,1981.0,US,US,0.02349673,0.00016431,5
12,US4408616A,US4171696A,1981.0,1978.0,US,US,0.03327471,0.00184859,6
12,US4171696A,US3880144A,1978.0,,US,US,0.02356757,0.00471351,7
12,US3880144A,US3706308A,,1970.0,US,US,0.02371487,0.00474297,8
12,US3706308A,US3087487A,1970.0,,US,US,0.0127019,0.0127019,9
13,US20060094970A1,US6549804B1,,1999.0,US,US,0.00048304,0.0,0
13,US6549804B1,US5743860A,1999.0,1996.0,US,US,0.01987864,3.9e-07,1
13,US5743860A,US5626145A,1996.0,1996.0,US,US,0.04353777,1.78e-06,2
13,US5626145A,US5392788A,1996.0,1993.0,US,US,0.05494542,3.32e-06,3
13,US5392788A,US4953968A,1993.0,1989.0,US,US,0.00538226,9.91e-06,4
13,US4953968A,US4697598A,1989.0,,US,US,0.00363051,1.097e-05,5
13,US4697598A,US4085739A,,1976.0,US,US,0.00603211,7.268e-05,6
13,US4085739A,US3998213A,1976.0,1975.0,US,US,0.01085603,0.00019738,7
13,US3998213A,US3658054A,1975.0,,US,US,0.0106959,0.00071306,8
13,US3658054A,US3490439A,,1965.0,US,US,0.01042201,0.001158,9
13,US3490439A,US2549836A,1965.0,1946.0,US,US,0.01266731,0.00211122,10
13,US2549836A,US1684860A,1946.0,,US,US,0.00858606,0.00858606,11
14,US9370457B2,US6272378B1,,1999.0,US,US,5.064e-05,0.0,0
14,US6272378B1,US5999846A,1999.0,1996.0,US,US,0.0059677,2e-07,1
14,US5999846A,US5450855A,1996.0,1994.0,US,US,0.00996697,6.7e-07,2
14,US5450855A,US4955388A,1994.0,1987.0,US,US,0.00931265,1.97e-06,3
14,US4955388A,US4794533A,1987.0,,US,US,0.0230033,1.656e-05,4
14,US4794533A,US4579125A,,1984.0,US,US,0.02021214,7.865e-05,5
14,US4579125A,US4493327A,1984.0,1982.0,US,US,0.07957724,0.00037714,6
14,US4493327A,US3901215A,1982.0,1973.0,US,US,0.01411354,0.0009409,7
14,US3901215A,US3498287A,1973.0,,US,US,0.0100041,0.0100041,8
15,US6671543B1,US6496724B1,,1999.0,US,US,0.00030833,0.0,0
15,US6496724B1,US6001065A,1999.0,1996.0,US,US,0.00808612,1.2e-07,1
15,US6001065A,US5638826A,1996.0,1995.0,US,US,0.01310159,6.2e-07,2
15,US5638826A,US5474082A,1995.0,1993.0,US,US,0.04383559,2.36e-06,3
15,US5474082A,US4974602A,1993.0,1989.0,US,US,0.00763291,3.89e-06,4
15,US4974602A,US4800895A,1989.0,1986.0,US,US,0.01623436,1.87e-05,5
15,US4800895A,US4579125A,1986.0,1984.0,US,US,0.00668503,2.601e-05,6
15,US4579125A,US4417591A,1984.0,,US,US,0.01433145,0.00037714,7
15,US4417591A,US4213465A,,1978.0,US,US,0.02345338,0.00061719,8
15,US4213465A,US4084583A,1978.0,,US,US,0.00863951,0.00143992,9
15,US4084583A,US2549836A,,1946.0,US,US,0.01115681,0.00185947,10
15,US2549836A,US2426958A,1946.0,,US,US,0.00858606,0.00858606,11
16,US12232905B2,US6317627B1,,1999.0,US,US,9.155e-05,0.0,0
16,US6317627B1,US5813993A,1999.0,1996.0,US,US,0.01317445,1.27e-06,1
16,US5813993A,US5447166A,1996.0,1994.0,US,US,0.00986704,2.66e-06,2
16,US5447166A,US4913160A,1994.0,1988.0,US,US,0.01569869,8.56e-06,3
16,US4913160A,US4705049A,1988.0,1986.0,US,US,0.00571733,3.212e-05,4
16,US4705049A,US4603703A,1986.0,1984.0,US,US,0.01840082,0.00010338,5
16,US4603703A,US4416288A,1984.0,,US,US,0.009707,0.00015656,6
16,US4416288A,US4201224A,,1978.0,US,US,0.01619902,0.00031152,7
16,US4201224A,US3901215A,1978.0,1973.0,US,US,0.05897381,0.00393159,8
16,US3901215A,US3032029A,1973.0,,US,US,0.0100041,0.0100041,9
17,US11647999B1,US5938688A,,1997.0,US,US,2.077e-05,0.0,0
17,US5938688A,US5611350A,1997.0,1996.0,US,US,0.01135295,7.4e-07,1
17,US5611350A,US5495853A,1996.0,1994.0,US,US,0.00699162,1.61e-06,2
17,US5495853A,US5356368A,1994.0,1991.0,US,US,0.00553984,1.95e-06,3
17,US5356368A,US5036858A,1991.0,1990.0,US,US,0.00272897,3.14e-06,4
17,US5036858A,US4883067A,1990.0,1987.0,US,US,0.01114534,1.659e-05,5
17,US4883067A,US4462411A,1987.0,1982.0,US,US,0.00280039,3.889e-05,6
17,US4462411A,US4275744A,1982.0,1979.0,US,US,0.00324366,6.238e-05,7
17,US4275744A,US4092981A,1979.0,1976.0,US,US,0.02387176,0.00108508,8
17,US4092981A,US3978847A,1976.0,1974.0,US,US,0.06136788,0.00511399,9
17,US3978847A,US3821949A,1974.0,1972.0,US,US,0.01640419,0.00546806,10
17,US3821949A,US3123768A,1972.0,,US,US,0.00700301,0.00700301,11
18,US6966778B2,US6364845B1,,1999.0,US,US,0.00020037,0.0,0
18,US6364845B1,US5983129A,1999.0,1998.0,US,US,0.0132485,1e-07,1
18,US5983129A,US5450855A,1998.0,1994.0,US,US,0.00533303,3.6e-07,2
18,US5450855A,US5299118A,1994.0,1991.0,US,US,0.00907073,1.97e-06,3
18,US5299118A,US5047930A,1991.0,1987.0,US,US,0.00682951,6.36e-06,4
18,US5047930A,US4776345A,1987.0,1987.0,US,US,0.00994686,9.44e-06,5
18,US4776345A,US4610259A,1987.0,1983.0,US,US,0.02357663,2.962e-05,6
18,US4610259A,US4493327A,1983.0,1982.0,US,US,0.0719213,0.00034086,7
18,US4493327A,US4214591A,1982.0,1978.0,US,US,0.0009409,0.0009409,8
18,US4214591A,US3623477A,1978.0,,US,US,0.00526024,0.00526024,9
19,WO03085546A1,US6230049B1,,1999.0,WO,US,7.124e-05,0.0,0
19,US6230049B1,US5857978A,1999.0,1996.0,US,US,0.05046828,2.06e-06,1
19,US5857978A,US5392788A,1996.0,1993.0,US,US,0.04777863,2.89e-06,2
19,US5392788A,US4926969A,1993.0,1988.0,US,US,0.01037795,9.91e-06,3
19,US4926969A,US4697598A,1988.0,,US,US,0.00830048,2.508e-05,4
19,US4697598A,US4417592A,,1981.0,US,US,0.0075583,7.268e-05,5
19,US4417592A,US4171696A,1981.0,1978.0,US,US,0.00992455,0.00055136,6
19,US4171696A,US3656474A,1978.0,,US,US,0.00471351,0.00471351,7
20,US8062129B2,US6496724B1,,1999.0,US,US,0.00030833,0.0,0
20,US6496724B1,US5626145A,1999.0,1996.0,US,US,0.00286953,1.2e-07,1
20,US5626145A,US5392788A,1996.0,1993.0,US,US,0.05494542,3.32e-06,2
20,US5392788A,US5003986A,1993.0,,US,US,0.04483234,9.91e-06,3
20,US5003986A,US4610259A,,1983.0,US,US,0.00934711,1.174e-05,4
20,US4610259A,US4411273A,1983.0,1978.0,US,US,0.01363437,0.00034086,5
20,US4411273A,US4037586A,1978.0,1976.0,US,US,0.00767259,0.00036536,6
20,US4037586A,US2933364A,1976.0,,US,US,0.00245802,0.00245802,7
21,US7764989B2,US6549804B1,,1999.0,US,US,0.00048304,0.0,0
21,US6549804B1,US6304775B1,1999.0,1999.0,US,US,0.05787562,3.9e-07,1
21,US6304775B1,US5995868A,1999.0,1997.0,US,US,0.00997567,6.4e-07,2
21,US5995868A,US5626627A,1997.0,1995.0,US,US,0.02085234,3.22e-06,3
21,US5626627A,US4873981A,1995.0,1988.0,US,US,0.01742102,8.14e-06,4
21,US4873981A,US4503863A,1988.0,,US,US,0.00256321,4.344e-05,5
21,US4503863A,US3967616A,,1974.0,US,US,0.00805391,0.00021767,6
21,US3967616A,US3837331A,1974.0,1972.0,US,US,0.0040919,0.00045466,7
21,US3837331A,US2501808A,1972.0,,US,US,0.00724583,0.00724583,8
22,US7239919B2,US6115631A,,1998.0,US,US,0.00021193,0.0,0
22,US6115631A,US5983129A,1998.0,1998.0,US,US,0.00344824,3e-08,1
22,US5983129A,US5762611A,1998.0,,US,US,0.01335292,3.6e-07,2
22,US5762611A,US5460184A,,1993.0,US,US,0.00391722,7e-07,3
22,US5460184A,US4955388A,1993.0,1987.0,US,US,0.0065278,1.38e-06,4
22,US4955388A,US4610259A,1987.0,1983.0,US,US,0.0131826,1.656e-05,5
22,US4610259A,US4408616A,1983.0,1981.0,US,US,0.04874287,0.00034086,6
22,US4408616A,US3901215A,1981.0,1973.0,US,US,0.02772892,0.00184859,7
22,US3901215A,US3574450A,1973.0,,US,US,0.0100041,0.0100041,8
23,US12329589B2,WO0025668A1,,1999.0,US,WO,9.762e-05,0.0,0
23,WO0025668A1,US6011991A,1999.0,1998.0,WO,US,0.00068321,1e-08,1
23,US6011991A,US5816247A,1998.0,1996.0,US,US,0.00322573,7e-08,2
23,US5816247A,US5392788A,1996.0,1993.0,US,US,0.00334897,2e-07,3
23,US5392788A,US5003986A,1993.0,,US,US,0.04483234,9.91e-06,4
23,US5003986A,US4736307A,,1986.0,US,US,0.00866604,1.174e-05,5
23,US4736307A,US4498080A,1986.0,1983.0,US,US,0.00292684,1.428e-05,6
23,US4498080A,US4213465A,1983.0,1978.0,US,US,0.01282491,0.0003375,7
23,US4213465A,US3696808A,1978.0,1970.0,US,US,0.0158391,0.00143992,8
23,US3696808A,US3286176A,1970.0,,US,US,0.02495107,0.02495107,9
24,US20040220493A1,US6496724B1,,1999.0,US,US,0.00030833,0.0,0
24,US6496724B1,US5729205A,1999.0,1997.0,US,US,0.00239764,1.2e-07,1
24,US5729205A,US5649061A,1997.0,1995.0,US,US,0.0029521,2e-07,2
24,US5649061A,US5218530A,1995.0,1989.0,US,US,0.0113588,1.5e-06,3
24,US5218530A,US4744029A,1989.0,,US,US,0.0031135,1.52e-06,4
24,US4744029A,US4408616A,,1981.0,US,US,0.01788007,0.00012504,5
24,US4408616A,US3837331A,1981.0,1972.0,US,US,0.01663735,0.00184859,6
24,US3837331A,US3753433A,1972.0,1971.0,US,US,0.04347499,0.00724583,7
24,US3753433A,US3032029A,1971.0,,US,US,0.01610658,0.01610658,8
25,US20100286551A1,US6254536B1,,1998.0,US,US,9.662e-05,0.0,0
25,US6254536B1,US5649061A,1998.0,1995.0,US,US,0.0088563,6.1e-07,1
25,US5649061A,US5447166A,1995.0,1994.0,US,US,0.00558464,1.5e-06,2
25,US5447166A,US4987903A,1994.0,1988.0,US,US,0.01596419,8.56e-06,3
25,US4987903A,US4794533A,1988.0,,US,US,0.04543887,3.271e-05,4
25,US4794533A,US4412547A,,1981.0,US,US,0.01635846,7.865e-05,5
25,US4412547A,US4037586A,1981.0,1976.0,US,US,0.00949904,0.00045234,6
25,US4037586A,US2712309A,1976.0,,US,US,0.00245802,0.00245802,7
26,US7202793B2,US6496724B1,,1999.0,US,US,0.00030833,0.0,0
26,US6496724B1,US5762611A,1999.0,,US,US,0.00435095,1.2e-07,1
26,US5762611A,US5363858A,,1993.0,US,US,0.00605821,7e-07,2
26,US5363858A,US5170780A,1993.0,1991.0,US,US,0.00215464,1.14e-06,3
26,US5170780A,US4932416A,1991.0,1987.0,US,US,0.00555856,3.01e-06,4
26,US4932416A,US4649482A,1987.0,1984.0,US,US,0.01138952,2.229e-05,5
26,US4649482A,US4421122A,1984.0,1981.0,US,US,0.01330934,0.00016431,6
26,US4421122A,US4171696A,1981.0,1978.0,US,US,0.00721568,0.00040087,7
26,US4171696A,US3837331A,1978.0,1972.0,US,US,0.04242163,0.00471351,8
26,US3837331A,US3495596A,1972.0,,US,US,0.00724583,0.00724583,9
27,US8326417B2,US6230049B1,,1999.0,US,US,7.124e-05,0.0,0
27,US6230049B1,US5730146A,1999.0,1994.0,US,US,0.00530616,2.06e-06,1
27,US5730146A,US4744029A,1994.0,,US,US,0.00542308,2.65e-06,2
27,US4744029A,US4201224A,,1978.0,US,US,0.00650184,0.00012504,3
27,US4201224A,US3893450A,1978.0,1973.0,US,US,0.05504222,0.00393159,4
27,US3893450A,US3498287A,1973.0,,US,US,0.0095426,0.0095426,5
28,US8326417B2,US6128538A,,1999.0,US,US,1.901e-05,0.0,0
28,US6128538A,US6016449A,1999.0,1997.0,US,US,0.00600363,5e-07,1
28,US6016449A,US5269302A,1997.0,1992.0,US,US,0.00958648,4.38e-06,2
28,US5269302A,US4878498A,1992.0,1989.0,US,US,0.04757904,2.226e-05,3
28,US4878498A,US4503863A,1989.0,,US,US,0.00357247,6.055e-05,4
28,US4503863A,US3893450A,,1973.0,US,US,0.00304742,0.00021767,5
28,US3893450A,US3087487A,1973.0,,US,US,0.0095426,0.0095426,6
29,US8209019B2,US6549804B1,,1999.0,US,US,0.00048304,0.0,0
29,US6549804B1,US5813993A,1999.0,1996.0,US,US,0.00404504,3.9e-07,1
29,US5813993A,US5311877A,1996.0,1992.0,US,US,0.00181768,2.66e-06,2
29,US5311877A,US4883067A,1992.0,1987.0,US,US,0.00272492,4.05e-06,3
29,US4883067A,US4493327A,1987.0,1982.0,US,US,0.00820669,3.889e-05,4
29,US4493327A,US4275744A,1982.0,1979.0,US,US,0.04892695,0.0009409,5
29,US4275744A,US3498287A,1979.0,,US,US,0.00108508,0.00108508,6
30,US7146211B2,US6230049B1,,1999.0,US,US,7.124e-05,0.0,0
30,US6230049B1,US5857978A,1999.0,1996.0,US,US,0.05046828,2.06e-06,1
30,US5857978A,US5349962A,1996.0,1993.0,US,US,0.00629312,2.89e-06,2
30,US5349962A,US3993046A,1993.0,1974.0,US,US,0.00037987,1.461e-05,3
30,US3993046A,US3837331A,1974.0,1972.0,US,US,0.00063043,7.005e-05,4
30,US3837331A,US3413546A,1972.0,,US,US,0.00724583,0.00724583,5
