主题码,主题名,成员标签数,成员标签
C0,脑电情绪识别分析,90,脑电频域分析刺激、脑肌电耦合分析、脑电伪迹抑制分析、脑电情绪分类迁移学习、康复训练脑肌耦合分析、脑电分类电刺激控制、脑疾病分类诊断辅助、对比学习情绪识别、脑电情绪识别对比学习、脑疾病深度学习分类、脑疾病深度学习筛查、脑电干扰去除分类、脑电信号实时分类、脑电频带图像分析、脑电时空判别分类、脑电时空加权分类、脑电降维判别分析、脑电情绪识别解锁、脑电视频伪差分析、小波神经网络脑电分析、脑电情感识别、脑电信号对抗分类、脑电情感识别方法、脑电图像康复分类、脑电视频同步监控、群体脑电数据分析、脑电信号分类训练、脑电信号分类算法、脑电神经反应数据处理、脑电波模式分析、脑电情绪识别交互、联邦脑电分类模型、脑电分类神经接口系统、脑电血氧融合识别、脑电血氧融合分类、脑电多特征分析通信、脑电情感识别算法、脑电相位幅度耦合分析、脑电视觉分类模型、小波变换脑网络分析、脑电视频情感分类融合、实时多模态情绪识别、情绪脑电深度学习分类、脑电性别情绪分析、脑电熵特征情感识别、情绪刺激脑电读取、情绪脑电视频推荐、脑电瞳孔融合分类、脑电心率情绪分析、情绪脑电深度学习识别、脑电通道特征情绪分类、脑电情绪识别分析、脑节律熵分析、脑电对比学习指令分类、脑电模式分类与去噪、脑电频带情感分析、脑电情绪识别算法、脑电动态分类控制、脑电伪影去除算法、脑电分类器检测、脑电信号分类识别、脑电评估一致性分析、脑电眼球情绪识别、脑电视觉解码模型、脑电时空特征分类、脑电信号分类网络、脑磁图同步指数分类、脑电频谱分段分析、脑电个性化推荐、脑电语音指令识别、脑电伪迹自适应消除、立体定向脑电可视化分析、立体定向脑电时频分析、情绪ERP脑网络分析、脑电判别分析辅助、情绪调节脑电训练、情绪反应脑电分析、脑电磁共振同步分析、媒体图像情绪脑电分析、单通道脑电情感识别、脑电凝视偏好分析、脑电深层激活分析、脑电动作意图预测、脑电语音分类处理、脑电语音倒谱匹配、边缘区域激活脑电分析、脑电信号分类模型、脑电信号伪迹去除、脑电对称性分析、脑电波形自动分析
C1,脑电特征提取分类,29,运动想象脑电分类、脑电时隙特征提取、脑电运动方向预测、脑电频域特征提取、耳脑电特征提取、脑电运动图像分类、鲁棒CSP脑电特征提取、运动想象脑电输入、运动图像分类算法、脑电特征提取分析、脑电时频嵌入生成、脑电运动意图识别、运动想象脑网络特征提取、运动图像EEG分类、脑电图像特征提取、脑电特征点PSO识别、运动想象脑机接口装置、脑电预测头部运动传输、运动想象脑机接口、耳塞式EEG监测、运动想象脑机接口范式、脑电特征调制解码、脑电运动分类训练、脑电特征可视化报告、脑电特征服务响应、脑电特征方差分析、脑电特征提取与反馈、脑电特征提取算法、运动想象分类方法
C2,柔性电极采集装置,103,柔性皮层电极接口、介入式电极植入、电极阻抗控制、植入电极靶点定位、电极取向定位装置、电脉冲反馈耦合装置、电极加工制备方法、电化学腐蚀电极制备、柔性碳纳米管电极、3D堆叠柔性电极、序贯释药听觉电极、侵入式脑机接口信号处理、头皮电生理刺激采集、柔性电极制造工艺、柔性碳纳米管电极阵列、柔性微丝电极阵列封装、定向冷冻相分离电极制备、尿嘧啶接枝电极绝缘涂层、电极触点材料优化、电镀脉冲电极维护、石墨烯电极闭环接口、神经接口电极连接、硬膜下电极连接、层叠电极触点装置、电极控制电场配置、血管内电极递送、电药物刺激脑电分析、电极配合评估方法、柔性电极阵列制造、植入电极癫痫预测、电极固定与连接结构、神经接口电总线集成、神经接口植入优化、神经接口皮层映射、神经接口放置优化、三维多位点电极记录、三维电极脑状态监测、自膨胀电极血管内采集、生物电极连接结构、侵入式电极信号采集、柔性光纤深部电极、电极层锚定结构制造、血管纳米电极接口、爪式电极穿透头发、梳式干电极头皮接触、头皮脑电采集、导电纳米干电极制备、柔性干电极采集系统、电极定位电磁屏蔽、柔性导电橡胶电极、电极皮肤接触测量、丝蛋白水凝胶电极、电极阵列连接结构、干电极固定与信号传输、旋转固定干电极传感器、旋转弹性干电极接触装置、导电织物弹性电极贴附、头皮接触毛发处理、脑电电极接触装置、柔性电极保护装置、干电极法拉第笼结构、柔性导电涂层电极、头皮适配脑电电极、柔性脑电电极、干电极接触稳定装置、柔性脑电电极头戴装置、头套式脑电测量装置、多通道脑电采集头套、脑电电极接触质量检测、导电凝胶电极采集、头皮接触电极装置、接触电极倾斜调节装置、脑电电极传输装置、EEG电极定位安置、小电极组EEG成像、头皮电极定位标记装置、柔性干电极脑电采集、柔性复合电极制备、柔性网状脑电极、干电极接触结构、干电极阻抗监测调整、干湿混合电极导电膏输运、旋转球体导电凝胶电极、干式EEG电极结构、干式脑电电极结构、柔性网状脑电电极、干电极接触调节、电极锚定电解液设计、干电极接触调节装置、脑电电极阻抗检测、电解质电极信号采集、柔性EEG帽结构、头戴式脑电测量装置、干电极脑电帽、电极定位固定装置、电极定位系统、电极阵列脑电记录、干电极接触检测、头皮电极定位装置、皮肤接触电极固定、脑电电极自动定位、疲劳脑电通道选择、脑电用户自动识别
C3,脑电状态检测评估,56,点处理模型刺激预测、神经反应阈值自动检测、脑电认知状态分类、脑状态精神测试、视觉记忆脑电检测、新生儿脑电多模型预测、脑电反应模型评估、脑电心理健康评估、脑电心理活动检测、脑电心理生理评估、脑电认知效应评估、脑电集中指数测量、TMS疗效预测模型、默认态脑网络中心检测、新生儿癫痫脑电检测、精神状态监测解码、脑电认知负载评估、脑电认知活动检测、脑电源估计反问题算法、脑电α节律刺激系统、脑电异常自动检测、脑电信号人识别、神经反应诊断分析、脑电三维图状态评估、脑电响应模型估计、脑疾病治疗响应预测模型、脑电人检测、脑电认知性能测试、脑电三维图分析、脑电信号测量控制、脑电负荷检测模型、脑电培训状态监测、认知负荷脑电分析、听性脑干反应检测、认知负荷脑电分类、认知障碍预测模型、脑电焦虑预测模型、脑电抑郁预测模型、脑电抑郁风险识别、脑电信号压力检测、脑电单事件检测、药物脑电效应检测、脑电认知负荷监测、认知负荷测谎ERP范式、精神状态脑电评估、摩尔斯电码脑电评估、脑电心电功能监测、麻醉状态监测分析、脑电生物事件预测、神经反应临床诊断、脑电状态信息递送、微状态脑功能网络、微状态脑网络构建、脑电信号频带处理、脑电状态分类方法、脑电状态分类特征优化
C4,神经刺激调控系统,86,高频振荡刺激检测、外部设备神经刺激、个性化非侵入刺激、视觉反馈功能电刺激、刺激诱发神经反应监测、磁刺激感官组合治疗、诱发反应脉冲刺激控制、高频振荡检测刺激、刺激伪影抑制、实时反馈脑电刺激控制、可收缩皮层刺激装置、肌电反馈电刺激康复、非侵入感觉刺激认知、体外刺激信号控制、交互神经刺激控制、非侵入神经刺激校准、电刺激运动检测生物反馈、电生理信号刺激检测、癫痫刺激响应调控、皮层电刺激神经调控、植入物免疫排斥抑制、刺激计划图形控制、体感皮层刺激调节、生物电刺激治疗递送、实时电刺激控制算法、实时电刺激运动控制、磁光联合脑刺激、皮层刺激调节、交互式神经调节、皮质刺激运动障碍治疗、感觉运动障碍康复刺激、预定刺激治疗响应、个性化TMS刺激治疗、位点特异性记忆刺激、刺激感测电源控制、迟发响应刺激监测、AI电生理刺激植入物、刺激响应脑电波调制、磁场感应脑刺激、磁场脑功能增强、实时神经影像电刺激调控、异常信号检测刺激、癫痫刺激参数导出、植入电极性能优化、癫痫刺激模式调控、实时自动控制算法、皮层电刺激治疗、实时神经刺激干预、刺激伪迹滤除处理、响应性脑刺激装置、癫痫响应性电刺激、感觉反馈康复刺激、电磁治疗参数生成、硬膜外电刺激运动恢复、动态电流分配刺激、闭环电刺激伪影去除、微电极刺激电流控制、癫痫病灶电刺激治疗、幻肢痛实时反馈治疗、脑电反馈幻肢痛治疗、位置感知刺激评估、刺激响应脑波检测、磁刺激脑电评估、电磁治疗参数识别、刺激反馈实时调节、诱发响应电位检测、生物反馈感官刺激调节、脑电反馈视频游戏训练、诱发电位识别、刺激锁定EEG检测、刺激生物反应验证、刺激响应认知情感分类、刷状EEG电极装置、个性化ABM治疗监测、幻肢VR康复运动识别、幻肢VR运动模式选择、刺激阈值响应分析、刺激锁定EEG诱发检测、刺激同步信号处理、声音刺激幻听检测、感知康复电刺激传输、生物信号感官刺激护理、刺激认知响应监测、肌电眼电混合输入、肌电眼电混合按键、TMS伪影去除
C5,眼动脑电视觉分析,39,多视图眼动解码、脑电眼动产品评估、脑电眼动决策分析、情绪广告匹配投放、脑电广告认知评估、脑电广告评估分析、广告三维交互展示、脑电眼动广告推送、眼动脑电融合定位、脑电广告评测模型、脑电视觉目标选择、脑电眼动融合智能导航、脑电眼动鼠标交互控制、脑波广告推送交互、眼动脑电位置估计、眼动脑电市场分析、医学图像眼动脑电分析、RSVP目标检测脑电、广告时隙匹配评估、脑电眼动营销评估、广告脑电评估方法、脑电眼动广告评估、脑电眼动注意力评估、脑电广告时段选择、相位振幅耦合测量、脑电注视目标预测、眼动光标控制装置、脑电视觉类别重建、脑电视觉重建方法、脑电广告监测、脑波状态内容推荐、脑电眼动诊断任务调整、脑电眼动认知筛查、脑波手势交互内容推荐、脑电眼动决策推荐、脑电眼动联合决策、脑电接口位置估计、眼动脑电联合识别、眼动脑电神经网络
C6,电极阵列植入制造,61,柔性电极阵列植入装置、皮层电极植入刺激记录、皮层电极微调装置、模块化微电极阵列、微电极阵列设计制造、微电极阵列制造技术、柔性电极微创植入、细长探针微电极阵列装置、三维电极探针组装、复合电极阵列制备、植入电极阵列制备、气动式电极植入、薄膜电极阵列制造、机械引导微创植入、微针阵列电极植入、微电极阵列低功耗采样、神经元电互连微电极阵列、柔性电极阵列植入优化、关节电极组件植入、神经电极阵列植入方法、气动式电极植入装置、导丝引导微创电极植入、微装置神经信号接口、显微制造神经电极、复合刺激波形滤波、透明电极阵列设计、宏微电极植入记录、植入式电极阵列制造、植入式微电极涂层、植入式电极贴附结构、薄膜电极引线固定、植入式微电极刺激采集、颅内电极阵列植入、共形电极电刺激、植入设备无线通信、无线植入电极装置、无线植入式神经装置、绝缘导管电极刺激、皮层电极接触检测、可植入电极结构设计、立体脑电电极定位、三维神经接口电极、植入式脑电电极、颅骨钻孔植入装置、注射式植入电极、微加工电极阵列、可植入电极阵列、电极阵列组装方法、电极阵列组装、微通道电极植入、可植入电极制造、植入式微电极连接、插入器电极阵列连接、辅助针柔性探针植入、慢性植入神经接口、微针电极脑电采集、模块化干电极脑电采集、自适应干电极阵列结构、毛发梳理电极接触、头皮电极阵列设计、神经测试传感器定位
C7,视觉刺激脑电分析,51,视觉刺激注意力测量、神经反应刺激相关性分析、视觉注意神经追踪、视觉刺激脑电相关性分析、神经信号视觉注意力跟踪、视觉刺激免提控制、视觉注意力神经跟踪、驾驶员视觉注意力预测、视觉刺激EEG分类、视觉刺激目标检测、刺激反应统计评估、视觉刺激脑电检测、负面启动注意力检测、视觉刺激脑电注意力跟踪、视觉刺激注意力检测、神经判别视觉注意评估、视觉注意力神经追踪、视觉刺激刷新率评估、视觉刺激脑电评估、脑电视觉刺激评估、神经响应刺激效果分析、视觉刺激脑信号相关性、视觉刺激偏好预测、视觉刺激脑电测量、飞行员注意力双域监测、fMRI刺激评估分析、反应性输出刺激分析、fMRI刺激神经反应、视觉刺激脑电识别、视觉注意力脑电测量、驾驶脑电视觉关联分析、刺激材料注意力分析、视觉刺激目标识别、脑电稳态响应刺激评估、刺激后脑活动预测模型、刺激习惯化分析、神经信号视觉注意追踪、视觉刺激脑电转换、视觉注意力脑电跟踪、视觉刺激脑电反馈、飞行员个性化评估、驾驶注意力阈值判断、驾驶注意量ERP判断、视觉刺激注意力跟踪、视觉刺激脑信号分析、视觉刺激脑电诊断、飞行训练动态评估、刺激材料有效性分析、视觉注意力神经反馈、视觉刺激特征调制、视觉刺激注视追踪
C8,神经刺激监测装置,115,神经刺激阈值确定、大脑刺激神经监测、神经活动监测刺激、双极性神经刺激偏置、植入式神经刺激装置、空间分布刺激阵列、神经调制治疗参数导出、神经刺激参数测定、神经刺激易感性预测、神经刺激阈值预测、神经刺激设置优化、多模式深部脑刺激、认知训练神经治疗递送、刺激响应神经监测、神经兴奋性曲线推导、成对训练神经刺激、神经刺激功效评估、神经状态评估刺激、植入式神经刺激系统、无线神经刺激检测系统、神经刺激响应检测方法、多模式神经刺激治疗、认知增强经颅刺激系统、帕金森病神经刺激治疗、非侵入性神经刺激治疗、神经刺激状态检测、神经响应检测刺激递送系统、无线控制两相刺激装置、成对训练神经刺激治疗、颅内神经刺激感测、神经刺激装置、刺激响应神经活动监测、神经刺激参数治疗、低频电刺激神经治疗、靶向神经刺激治疗、神经记录与刺激反馈、颅骨内植入物感测刺激、脑神经刺激治疗装置、神经活动解码刺激、神经活动触发刺激、突发模式刺激治疗、神经募集估计刺激、认知障碍植入刺激治疗、脑神经电刺激装置、神经刺激定位记录、神经康复信号解码、神经调节刺激反馈、植入式神经调节系统、神经精神刺激治疗、无线神经调制刺激、神经活动检测电刺激、神经活动语音解码算法、无线神经电刺激装置、神经活动解码与刺激、神经刺激感测管理、突发模式神经刺激、配对训练定时刺激、配对训练神经刺激、配对训练刺激治疗、成对训练刺激康复、神经状态转换电刺激、神经功能恢复电刺激、神经可塑性评估刺激、认知障碍刺激评估、训练联合神经刺激、非侵入性神经刺激、神经调节治疗参数导出、神经刺激参数导出、神经刺激集成控制电路、神经调制参数导出、植入式神经刺激网络、非侵入刺激康复训练、亚阈值电场神经调控、神经募集估计探针、神经刺激数据记录、神经行为预测刺激、低频电刺激治疗、脑神经电刺激治疗、低频电刺激神经调控、神经刺激与信号记录、分布式神经刺激系统、神经可塑性评估算法、非侵入神经刺激、神经活动测量刺激系统、分布式神经响应采集、神经刺激学习增强、视觉刺激神经识别、视觉刺激神经响应同步处理、神经刺激脑疾病治疗、神经响应刺激评估、刺激响应数据同步分析、脑神经刺激同步调节、神经响应刺激靶向、视觉刺激神经响应分析、神经刺激响应分析、刺激响应情感认知测量、神经响应刺激映射系统、刺激响应感觉能力评估、视觉刺激神经反应区分、神经刺激数据特征分析、视觉刺激神经响应测量、视觉刺激神经调制测量、刺激反应生物信号分析、神经解码感知反馈刺激、视觉刺激神经响应关联、非侵入脑刺激方案、视觉刺激神经响应、视觉刺激神经响应校准、认知训练电刺激评估、认知训练信号处理、神经刺激共振评估、认知训练刺激适配、视觉刺激神经测量、神经刺激脑电波治疗、视觉刺激神经焦点检测
C9,经颅聚焦刺激装置,49,颅内电极刺激参数控制、颅内电刺激神经调控、经颅聚焦电刺激、饱和传递函数刺激控制、颅内电极接触力调节、颅骨大脑接口系统、双频经颅刺激序列、颅骨信号引导聚焦装置、颅内信号传输装置、颅骨孔电信号传送、颅骨植入神经调节接口、颅脑界面聚焦神经调节、颅骨孔信号引导聚焦、经颅聚焦脑机接口刺激、经颅聚焦脑机接口控制、经颅聚焦脑机接口、颅骨植入连接装置、经颅聚焦刺激调控、颅骨电极植入固定、颅内多模态神经接口、经颅聚焦神经调节、经颅离子传导神经接口、经颅光生物调节、颅骨通道信号引导、颅骨电极植入定位、微创颅内精准刺激、颅骨植入神经接口、经颅电刺激精准调控、颅内电极定位装置、经颅电刺激参数调控、颅内电刺激神经可塑性、颅脑接口刺激控制、经颅电刺激参数反馈、颅孔固定装置、微创脑刺激装置、微创电极阵列植入、经颅交流动态频率刺激、经颅交流闭环刺激、经颅交流物质使用障碍刺激、双阶段经颅电刺激、经颅电刺激脑波重构、颅脑电极固定装置、颅内电极阵列定位、经颈动脉颅内探测、经颅电刺激优化、经颅磁刺激康复方案、颅外电极定位调节、双频脑电刺激评估、经颅电刺激频率优化
C10,神经信息分析诊断,34,经血管神经刺激、经皮神经刺激装置、神经信号图像叠加、多通道神经事件识别、神经损伤防护技术、神经康复训练评估、神经振荡相位识别、神经数据分析管理系统、神经事件图像分类、图像分类神经网络、神经数据管理分析、受控注意神经分析、神经心理流模式识别、神经信号图像检测、家庭神经监测装置、多指标神经功能分析、神经事件图像分类网络、图像分类神经网络训练、神经信息诊断工具、神经信息学数据管理、神经数据对应性检测、心理行为属性识别、心理行为多模型识别、受控注意力神经反应分析、神经图像分类识别、神经血管数据功能映射、神经数据远程过程处理、神经数据同步采集、神经显著位置识别、多模态心理生理监测、神经响应癫痫风险预测、神经回路动态建模、神经信号图像分类、神经活动高维映射
C11,睡眠脑电调控增强,57,脑脊髓接口神经调控、慢振荡脑刺激增强记忆、慢波增强磁刺激调控、脑血流调节治疗、脑血流调节装置、脑血流灌注调节、脑血流调节技术、听觉刺激睡眠诱导、注意力广度脑电刺激、睡眠脑电刺激调控、睡眠脑电刺激系统、半监督睡眠脑电分类、生成对抗脑电数据增强、可解释脑电解码与增强、睡眠期小脑电刺激记忆增强、脑地图AI学习增强、记忆回放神经干预、睡眠记忆增强干预、脑电信号对抗增强、脑电信号生成增强、睡眠刺激记忆增强、脑电自适应学习调控、慢振荡同步脑刺激、记忆回放睡眠干预、注意力脑电反馈训练、注意力感觉刺激分析、脑电注意力调控、脑电注意力评估反馈、睡眠阶段脑电监测、脑电注意力指数检测、睡眠脑电自动分期、脑电注意力通信系统、多通道睡眠监测采集、听觉刺激脑电测量、注意力评估方法、脑电增强现实对象控制、脑电增强现实对象操纵、脑电电极自适应调节、注意力脑电频带分析、慢波同步声刺激、脑电注意力评估、脑电多参数注意力训练、脑电多参数测训系统、脑机接口晕动调节、慢振荡刺激触发、睡眠感觉刺激认知调控、多模态晕动症预警、脑电意志输入治疗控制、脑机接口安全监测、脑电信号检索方法、脑指纹预测模型构建、注意引导刺激呈现、睡眠脑电监测、脑电低血糖预警、脑电注意力估计、脑电识别自适应调节、脑电注意力估计方法
C12,视觉脑电解码评估,49,未知技术主题、驾驶员疲劳监测、中枢外周融合运动解码、智能假肢意图识别、注视点词语选择、注视脑电头显控制、智能信号采集推送、SSVEP非接触操作、SSVEP空中图像操作、视频觉醒度分类算法、迁移学习视频质量评估、fMRI视频神经解码、fMRI图像文本生成、广告共振测量识别、fMRI视觉图像重构模型、fMRI视觉重构模型构建、fMRI环境眼动视场控制、SSVEP视觉疲劳检测、中枢神经状态监测、视觉音频场景监测、视野缺损视觉评估、无线视野缺损监测、服装集成脑活动测量、SSVEP意识状态评估、额叶伽马波测谎、静息任务态AD评估、前额伽马波诚实检测、梦境fMRI图像重现、静息态脑网络建模、情感语义融合情绪调节、多色光SSVEP诱导、视频质量EEG评估、立体视频字幕舒适度评价、驾驶疲劳EEG检测系统、警觉水平实时监测算法、前额EOG运动估计、时间戳标记生理测量、fMRI时段确定、SSVEP相位评估方法、生物信号疲劳预测、fMRI动作关联分析、fMRI视觉解码算法、广告SSVEP评估、驾驶疲劳脑电检测、驾驶注意力脑电评估、图像质量评价模型、梦境情感特征识别、动作意图预测方法、疲劳驾驶脑电识别
C13,多模态神经交互评估,71,多模态神经刺激装置、电极组合识别辅助、多模态神经接口装置、电极移位刺激装置、多模态神经接口系统、多模态情绪反馈系统、跨模态神经数据清理、多模态神经响应分析、多模态刺激神经评估、多模态神经响应评估、多模态生理信号监测、多模态生理刺激评估、多模态认知障碍识别、情感识别模型训练、跨模态神经响应分析、跨模态神经响应增强、多模态神经诊断、多模态脑疾病检测、多模态抑郁识别网络、多模态脑力负荷分类、多模态P300目标识别、多模态情绪响应评估、多模态情感识别系统、多模态情绪识别、多模态情感识别、多模态脑健康评估、多模态脑健康识别、多模态生理脑评估、多模态情绪识别融合、多模态卷积情绪识别、多模态情绪分类模型、多模态脑功能诊断、多模态面部神经分析、多模态情绪识别算法、多模态情绪检测分类、跨模态情绪障碍检测、多模态神经信号融合、多模态刺激调控优化、多模态情感数据构建、多模态神经反馈调控、多模态警觉度监测、多模精准神经刺激、多模态生物信号脑评估、多成分刺激神经监测、多模态情绪分析算法、多模态共情响应生成、多模态测谎分析系统、多模态脑电视觉协同、运动滤波多模态融合识别、多模态时空注意力融合模型、多模态情感认知响应分类、多模态信号神经反馈调节、异步频率识别融合、多模态注意力评估、多模态速度想象范式、多模态同步采集分析、情感脑机接口诊断、多模态脑刺激认知评估、多模态脑波信号处理、多模态脑电交互、全息多模态交互系统、全息多模态交互显示、多模态情绪识别分析、自闭症多模态评估、多模态情绪评估平台、多模态警觉性监测、多模态康复方案调整、多模态认知事件评估、多模态神经刺激干预、生物电流模式识别、多感觉联觉EEG分析
C14,脑电信号采集处理,93,脑网络建模刺激治疗、脑网络模型闭环刺激算法、脑电信号融合处理算法、神经信号脑图像叠加显示、无线脑机接口信号传输、脑网络刺激参数调整、脑网络电极靶点选择、脑电脉冲信号处理、脑电信号采集装置、脑电信号处理显示、脑网络模型刺激更新、脑网络模式刺激配置、无线脑机接口配置、图卷积脑电跨任务学习、脑电信号多级滤波放大、脑电数据移动显示、高分辨率脑电数据访问、脑电环境数据解码、脑电认证神经网络、脑电中文语言解码、脑电文本输入系统、脑电癫痫识别网络、脑电信号采集处理、高精度EEG采集系统、便携脑电交互系统、脑信号多设备映射、脑电环境认证解码、脑电位置数据分析、脑电控制界面显示、脑电功能磁同步采集、脑电肌电信号分离、便携脑电系统校准、跨被试脑电域适应、脑电控制系统数据处理、远程脑电传输分析、便携式神经反馈训练、脑电图像同步监测传输、脑电图像同步显示监测、LSTM脑电解码算法、脑电神经网络分析、孪生网络脑电嵌入、脑网络抑郁症诊断、脑网络分类器融合方法、脑网络激活序列识别、脑网络专注力量化评估、脑网络活动估计模型、脑电环境融合解码、脑电环境机器学习解码、脑电环境认证推断、脑电脉冲编码情绪识别、脑电控制显示设备、脑电多任务学习网络、脑电波查询交互界面、脑电远程诊断系统、运动同步脑电采集、脑电数据移动访问、脑电数据整合处理、脑电交互数据处理、脑电眼动交互数据处理、脑电诊断治疗系统、脑电信号采集放大、便携式脑电系统、便携脑电连续监测、脑电信号采集处理装置、脑电检测头套装置、脑电血氧同步采集、脑电信号放大电路、脑电与fMRI同步采集、脑电监测增强现实交互、脑电信号无线传输、脑电眩晕状态识别、脑电交互虚拟现实、脑网络康复训练控制、脑电波晕动症缓解、脑-计算机接口系统、多终端同步无线传输、脑电数据输出生成、脑电近红外同步采集、脑电信号同步监测、跨用户脑电特征对齐、脑电信号同步采集系统、脑电同步采集装置、脑电实验数据管理、脑电云端监测平台、脑电频谱用户认证、脑电信号处理控制、脑电信号判别分析、脑电信号无线分析、脑电自动编码分析、脑电信号分类与采集、脑电信号远程压缩、脑电通道优化算法、脑电数据增强生成
C15,心理生理反馈调节,20,反馈信号激励生成、反馈回路神经调节、心理健康空间推荐、情绪推断高亮生成、情绪状态高亮图像生成、痴呆大数据分析治疗、心理生理刺激深度学习、生理数据多感官调节、生理数据感觉调节、生理反馈场景调节、生理数据场景调节、心理生理信号处理、生理参数运动跟踪、视听刺激心理调节、心理生理人才评估、虚拟消费推荐策略、生理数据场景适配控制、生理数据多感官适配、生物数据偏好分析、微表情生理数据关联
C16,事件相关电位检测,34,主动学习脑电分类、事件相关电位偏好预测、稳态视觉诱发电位轮椅控制、稳态诱发电位检测、视觉刺激事件电位检测、视觉诱发电位识别、事件相关电位文本输入、视听刺激事件相关电位、差分事件相关电位、视觉刺激神经事件识别、视觉诱发电位同步采样、事件相关电位置信度、事件相关电位认知评估、视觉诱发电位分类分析、事件相关电位测量分析、事件相关电位认知检测、事件相关电位助听调整、事件相关电位听力评估、视觉诱发电位识别评估、事件相关电位评估、视觉诱发电位眼动测量、事件相关电位刺激分析、事件相关电位刺激调整、视觉诱发电位监测、视觉诱发生物电测量、事件相关电位注意检测、事件相关电位句子输入、事件相关电位操作控制、事件相关电位采集、诱发电位统计分析、脑电诱发电位分析、事件相关电位聚焦检测、事件相关电位共振测量、诱发电位自动测量
C17,神经反馈刺激分析,65,神经退行性疾病检测、神经响应治疗参数确定、神经振荡调节刺激方案、神经反应时变监测、神经反馈认知调控、闭环神经特征预测、闭环刺激电极变化监测、神经刺激反馈控制、神经响应参数确定、神经反应分析记录、脑波融合神经反馈、神经响应数据采集处理、神经共振响应分析、神经响应频谱分析、神经反应位置评估、脑电神经响应广告分析、神经反馈阈值调节、神经反馈同步处理、脑状态可视化神经反馈训练、神经响应调制相关性分析、神经反馈训练反馈、神经响应广告评估、神经反馈脑活动调节、广告神经响应分析、神经刺激反馈监测、神经响应数据分析、神经响应成分分析、神经反馈虚拟映射、脑活动神经反馈、fMRI神经反馈冥想、神经反馈刺激系统、神经响应测量定位、动态夹带神经反馈、音乐神经反馈调压、神经反馈效应预测、谐波分析神经反馈、动态调制神经反馈增强、神经反馈学习表现监测、神经反馈刺激材料优化、远程神经反馈系统、PBM神经反馈刺激、观众神经反应测量、观众反应数据采集、购买前后神经反应评估、神经反馈虚拟对象映射、神经反馈训练范式、神经响应视觉刺激校准、PBM夹带脑电刺激、ABM治疗神经反馈监测、ABM治疗神经反馈优化、神经刺激反馈装置、脑电音乐反馈系统、脑电视频效果评估、神经响应同步采集、神经响应运动跟踪、神经响应评估方法、神经反馈注意力调节、神经响应监测方法、神经反馈刺激治疗、助眠音频温感反馈、脑电音乐映射分析、神经响应共振分析、神经反应刺激评估、神经认知衰退预测、神经反应产品评估
C18,神经刺激同步递送,34,刺激采集隔离选通、刺激采集干扰抑制、非响应性电刺激去同步、非响应性电刺激抗癫痫、响应性电刺激去同步、聚焦刺激源递送装置、病理同步刺激抑制、随机化脉冲刺激递送、相位同步刺激递送、脉冲刺激神经激发电路、多通道脉冲刺激电路、电脉冲神经刺激递送、神经刺激同步干预、电磁脉冲刺激搜索、相-复位神经刺激抑制、目标刺激模式递送、相位同步刺激控制、非侵入去同步神经刺激、相位同步刺激抑制、可变脉冲神经刺激、脑状态预测刺激同步、经颅刺激感测递送装置、随机间隔经颅磁刺激、去同步神经刺激、电流幕脑区隔离刺激、皮质视觉假体刺激器、电刺激癫痫治疗、迷走神经微脉冲刺激、迷走神经电刺激同步、脉冲电磁场生物反馈、视觉刺激同步医疗系统、同步刺激信号处理决策、电活动模拟环境调控、触觉刺激同步呈现
C19,脑机接口交互控制,55,脑机接口康复训练、脑机接口电极配置、脑机接口模式识别控制、多模态脑机接口芯片、脑机接口信号传输、脑机接口电极优化、植入式脑机接口装置、脑机接口电力数据传输、脑机接口通信路径、脑机接口数据传输、植入式脑机接口系统、植入式脑机接口、脑机接口运动康复、脑机接口连接器、脑机接口记忆增强、脑机接口认知康复、强化学习脑机接口、脑机接口学习控制、脑信号处理接口装置、线性信号处理、多模态脑机接口控制、脑机接口虚拟对象操控、脑机接口VR内容调节、脑机接口虚拟对象定制、脑机接口虚拟交互、脑机接口虚拟对象控制、意识状态脑机接口、增强现实脑控交互、脑机接口VR交互、脑机接口环境控制、增强现实脑机接口、脑机接口系统开发、视口预测脑机交互、脑机接口神经反馈、混合脑机接口信号、脑机接口通信系统、脑机接口信号解码、脑机接口自适应解码训练、脑信号视口预测、脑机视口预测、脑机接口虚拟交互解码、脑机接口虚拟对象调制、脑机接口虚拟对象调节、脑机接口信号处理、想象运动脑机接口训练、脑控VR游戏交互系统、脑机接口VR仿真装置、脑机接口模式识别、脑机接口虚拟手控制、增强现实脑电刺激、混合脑机接口控制、脑机接口信号采集、多模态脑机融合学习、脑机接口多模块管理、增强现实刺激变换
C20,脑控轮椅交互系统,11,引线装置支撑梳结构、支撑杆制造、SSVEP电动轮椅控制、SSVEP轮椅脑控系统、头戴显示文本控制、头戴设备尺寸调节、头戴设备眨眼控制、眼动脑电轮椅控制、脑控轮椅安全系统、脑控轮椅预警避险、眨眼检测避碰控制
C21,多模态脑电融合分析,52,多任务脑电解码、EEG测量装置、EEG颜色神经反馈、EEG颜色反馈刺激、EEG颜色语音反馈、EEG颜色神经反馈呈现、EEG功率谱麻醉监测、EEG频域实时分析、密集EEG数据可视化处理、立体视觉EEG训练方法、EEG信号检测、EEG信号处理致动、EEG注意缺陷评估、EEG-fNIRS融合特征提取、EEG伪影识别神经网络、EEG-fMRI融合手术规划、运动EEG源定位解码、广告注意力EEG评估、跨模态EEG解码框架、多模态EEG识别系统、MRI兼容EEG记录、EEG-fMRI时空融合成像、同步EEG-fMRI去伪迹、EEG多级分类去噪、EEG信号同步装置、EEG同步记录、EEG信号调解同步、EEG刺激同步传输、EEG信号集成同步、EEG三维地图比较、EEG信号存储处理、实时EEG心理状态转换、EEG实时选项选择、EEG-fNIRS融合脑活动分类、EEG同步回放处理、EEG辅助fMRI采集、EEG-fMRI同步采集、EEG反馈回放控制、广告注意EEG评估、EEG诊断内容同步、EEG解码Transformer网络、EEG信号同步分析、EEG同步TMS治疗、EEG-fMRI去噪、握力EEG数据分析、EEG特征分类算法、同步信号采集系统、精神图像神经反馈、EEG伪迹去除方法、精神图像神经反馈训练、时空注意力特征提取、时空卷积脑电解码
C22,脑机虚拟交互控制,24,脑电模型可视化交互、脑电信号游戏交互、脑模型实时交互、脑电模型可视化集成、脑活动增强现实交互、脑机交互沉浸式系统、脑控虚拟对象交互、脑控虚拟对象识别、脑活动虚拟对象交互、思维虚拟对象操控、脑电AR镜子交互、脑电数据三维可视化、脑机交互意图提取、脑电虚拟交互控制、脑电虚拟现实交互系统、多通道自适应脑机交互、VR购物脑控交互方法、干电极脑控VR交互、脑电行为意图交互、脑电信号运动辅助、脑电字符匹配交互、生成式脑机交互界面、VR脑电康复评估、脑电信号选项选择
C23,生物信号虚拟交互,22,生物信号触发控制、生物信号预触发控制、光调制电信号检测、光调制电信号检测评估、VR生物信号交互、生物信号虚拟反馈、生理信号情绪监测、生理信号监测装置、生物信号虚拟现实反馈、头戴式生物信号测量、头戴式生物信号电极、多流生物信号评估、生物信号VR内容调节、生物信号VR状态响应、生物信号VR参数修改、生物信号VR内容调整、VR生物信号参数调整、生物信号助听控制、生物信号虚拟化身控制、多生物电信号交互设备、VR生物信号界面材料、生物信息VR内容输出
C24,闭环神经调控系统,32,闭环神经调制系统、脑电特征刺激闭环控制、闭环疼痛解码神经接口、闭环神经接口装置、闭环植入神经接口、闭环刺激强度调控、闭环神经刺激、闭环神经刺激故障控制、AI闭环神经调控、闭环神经调节刺激、人工智能闭环神经刺激、闭环脑电刺激反馈控制、闭环脊髓刺激系统、闭环神经调制递送、闭环神经刺激系统、闭环神经刺激调控、闭环刺激参数调节、闭环协同神经调控、闭环脑电刺激康复系统、人宠脑机交互刺激、闭环神经调节控制、脑电反馈刺激环路控制、闭环刺激脉冲递送、闭环神经电刺激治疗、闭环神经调制控制、闭环脑电刺激控制、闭环电刺激调控、闭环脑电刺激记忆调控、闭环神经调控学习、脑电闭环康复交互、脑机协同闭环调控、脑机情绪识别安抚
C25,脑电信号模式识别,29,脑内电极阵列刺激、脑电信号特征融合识别、脑信号电刺激电极识别、脑电信号特征分类识别、记忆增强脑信号识别、混合深度学习脑电识别、视觉刺激脑电目标识别、视觉刺激脑电意图识别、脑电信号身份识别、面部表情脑电识别、非侵入脑电信号处理、脑电信号智能分类、脑信号估计意图识别、脑信号学习意图识别、视觉刺激脑机图像识别、脑体信号协同解码、GAN脑电思维导图识别、脑电信号深度学习分类、脑电信号精神状态识别、视觉特征脑电对象识别、脑电信号刺激识别、视觉ERP脑波接口、音频诱导脑电同步、脑电信号特征分析、个性化脑电模式识别、视觉刺激BCI系统、个性化脑卒中检测、脑电信号融合分类处理、脑电信号频段分类识别
C26,神经刺激电极装置,56,光刺激电极递送、视网膜刺激电极制造、微电极阵列刺激装置、电化学联合神经刺激、光刺激电极记录系统、电极矩阵刺激映射、神经刺激电极选择、三维电极阵列刺激、微电极阵列植入应用、压电超声闭环脑深部刺激、压电超声脑深部刺激装置、微电极阵列神经刺激装置、多路复用神经刺激电极配置、微电极阵列植入刺激装置、微电极阵列深部刺激装置、微细探针多电极刺激、多电极激活模式、透明电极光刺激成像、光刺激神经成像电极、多电极激活模式控制、集成电极刺激检测芯片、植入电极神经刺激、多电极闭环癫痫抑制、微电极阵列植入刺激、微电极阵列神经刺激、微电极阵列神经接口、微电极阵列植入监测、柔性神经刺激电极、三维电极刺激引导、电刺激干细胞分化、视皮层微电极刺激、电极位点激活模式、微电极阵列装置、多电极低频刺激、柔性电路刺激电极、光刺激电记录集成电极、神经电刺激选择性、声电联合神经刺激、植入电极刺激参数控制、神经刺激电极寻址、柔性神经刺激电极制造、光刺激电生理检测、集成化神经探针、神经电刺激调控装置、声电耦合神经调控、光刺激电极集成、超声充电神经刺激、多传感光电刺激、载体双侧电极神经刺激、爪式电极神经刺激、可调电极电磁屏蔽、可调电极配置装置、失神脑电阶段评估、阵列式脑电探针、失神癫痫监测干预、植入电极癫痫刺激
C27,认知意识神经评估,39,工作记忆刺激参数优化、工作记忆神经活动评价、脑电功率谱记忆评估、实体关系神经评估、神经判别任务评估、情绪特征评估、认知状态数字内容调整、认知功能评估数据封装、认知特征深度评估、意识障碍脑功能评估、前认知情绪评估、视觉功能联合评估、认知功能刺激评估、视觉功能脑电测量、视觉定位意识评估、意识障碍脑电反应评估、视觉诱发情绪评估、贝叶斯认知状态评估、DOC意识水平神经网络评估、麻醉意识模糊逻辑评估、社交认知状态分析、视觉刺激脑解码评估、任务判别反馈评估、情绪脑成像关联评估、认知任务神经监测、认知任务神经活动监测、认知状态贝叶斯评估、认知响应电活动追踪、认知状态界面模板、视觉刺激情绪评估、产品配方神经评估、监督学习认知任务、认知状态概率评估、视觉认知能力评估、认知状态媒体响应、认知事件有效性查询、意识障碍脑电诊断、意识障碍脑电诊断设备、认知状态内容递送
C28,脑波交互反馈系统,51,脑电夹带技能训练、颅骨脑波测量装置、脑波夹带技能学习、脑波测量轴状刺激、脑电信号免提控制、脑波控制媒体播放、脑波无线设备控制、脑电波购物引导、脑电信号外部设备控制、脑波同步认知训练、脑电控制视频播放、脑电控制设备、脑电信号模拟环境操纵、脑电波虚拟场景调整、脑电波艺术内容控制、脑电游戏属性调整、游戏化脑电波诱导、游戏化脑波评估诱导、游戏化脑波诱导、游戏化脑电波夹带、游戏化脑电波增强、脑电信号共模抑制电路、脑电波控制灯光信号、脑电波远程控制玩具、自适应脑波识别模型、脑电媒体内容调节、脑波特征刺激分析、脑电波诱导内容推荐、脑电控制外部设备、脑波反馈游戏奖励系统、脑电波VR场景调整、脑电生物反馈环境修改、脑电操纵虚拟环境、脑电数据虚拟对象控制、脑波事件识别监测、脑波同步运动模拟控制、VR脑活动刺激反馈、脑波VR交互反馈系统、脑电波视野防晕调节、脑波关联电刺激诱导、脑电波耳机控制、脑电控制虚拟现实、脑电控制智能耳机、脑电信号语音清晰度评估、脑电反馈播放控制、情境脑电波生成、VR脑电闭环调控系统、脑波媒体文件索引播放、脑电控制指令关联、脑电接口动作选择、脑电频谱控制设备
C29,深部脑刺激调控,89,脑电刺激诱导神经可塑性、脑电刺激神经可塑性诱导、脑电刺激神经可塑性调控、光刺激脑电调整、深部脑刺激装置、脑信号电刺激管理、脑信号解码刺激管理、脑信号康复刺激系统、脑电信号分解刺激参数、无线深部脑刺激参数优化、闭环深部脑刺激定位、认知脑信号刺激调控、深部脑刺激参数调整、脑波刺激参数生成、双电极脑电检测刺激、深部脑刺激术中监测、渐进式深部脑刺激调控、脑电信号刺激参数生成、脑刺激神经可塑性恢复、脑刺激神经功能恢复、双侧深部脑刺激装置、无线自适应深部刺激、脑电刺激频率调节、无创脑刺激参数优化、深脑电刺激检测、双极皮层刺激装置、脑刺激参数管理、无线深部脑刺激系统、闭环深部脑刺激、脑刺激优化治疗方案、深部脑刺激电流场控制、深部脑刺激驱动信号、深度脑刺激参数确定、无线深部脑刺激装置、动态电荷平衡脑刺激、动物脑电刺激实验、动物机器人脑电刺激控制、脑深部电刺激控制、脑电驱动功能电刺激、脑电控制下肢康复刺激、深部脑刺激参数优化、脑电功能电刺激康复、双作用神经接口电极、脑区电刺激神经调节、无线脑刺激调控、脑电波分解刺激参数生成、深部脑刺激治疗、慢性疼痛神经调控、脑深部刺激靶点定位、脑刺激与脑电记录、脑电刺激参数显示、脑电刺激管理显示、脑刺激可塑性检测、感觉刺激脑活性检测、脑状态检测认知刺激、深部脑刺激参数确定、治疗协议生成、无创脑刺激模式、脑机接口神经刺激、同频刺激脑电改善、脑刺激装置监测评估、脑电刺激参数决策、脑刺激记忆评估、脑状态关联康复程序、视觉刺激脑机接口、脑部刺激与人工智能、脑电步态康复刺激、同步感觉刺激脑电、脑机接口感官刺激、嗅觉味觉脑机康复、脑电接口刺激检测、动物脑电闭环调控、感官刺激脑电评估、动机刺激脑电检测、脑电刺激频率参数确定、脑电刺激显示控制、感觉刺激脑电标记、感觉刺激注意力评估、脑刺激方案优化识别、光刺激脑同步反馈、多感官状态适配控制、感官电信号脑机刺激、感官电信号情绪识别、感官电信号转换输出、脑刺激成瘾康复、脑波刺激响应分析、脑电治疗参数生成、脑刺激域选择EEG分析、视觉刺激脑机接口识别
C30,脑电神经反馈康复训练,39,定时神经刺激训练康复、交互式脑电反馈训练、脑电运动康复监测、SSVEP康复训练反馈、脑电警觉性训练反馈、脑电运动联合康复反馈、脑电运动康复反馈、运动生物反馈监测、P300脑电康复训练、脑电神经反馈训练系统、脑电浓度反馈康复、脑电VR康复训练系统、个性化神经反馈系统、脑电生物反馈训练、脑电神经反馈训练、脑电神经反馈游戏、脑活动视觉对象识别、多模式神经反馈训练、脑电神经反馈治疗、脑电警觉性量化分类、脑电浓度警觉指数分析、脑电神经反馈虚拟环境调节、生理反馈VR神经训练、生物反馈学习优化、生物反馈VR训练适配、脑电比较神经反馈、神经反馈康复训练、脑电智能培训纠错、脑电VR融合交互系统、运动想象神经反馈训练、多人协作神经反馈训练、运动想象康复系统、脊柱侧弯康复系统、神经生物反馈康复、神经反馈运动康复、运动康复脑电反馈系统、脑电VR康复训练、联邦学习康复评估、脑电波模式重训练
C31,植入式神经接口系统,19,植入接口连接器、可植入神经接口放大、跨模态神经接口系统、跨模式神经接口、神经接口系统、神经探针植入采集、可变形神经接口载体、可植入神经刺激引线、可变形皮层电极阵列、神经植入物递送接口、植入电极引线连接、神经接口信号转换、植入式神经接口记录、植入式神经接口系统、神经探针电极植入、神经形态认知通信、神经接口触觉交互、神经接口触觉反馈、神经接口信息安全保护
C32,脑电信号评估分析,64,脑电数据认知评估、脑电信息医学诊断评估、脑失衡分类评估、认知功能改善脑电分析、步态康复脑机接口评估、脑电酒类评价方法、脑电感官评价算法、脑波图像评估分析、脑电数据标记评估、认知功能电活动评估、脑电情感评估系统、气味情绪脑电评估、脑电认知功能评估、脑电感官客观评价、双任务脑波评估、味觉脑电评估方法、注意缺陷脑电评估、脑电信号抑郁评估、脑电投影内容评估、脑电疲劳监测评估、消费者神经响应评估、脑电激活指数评估、脑波认知功能评估、脑电情绪状态评估、脑认知功能检测评估、脑功能网络诊断分析、认知功能评估方法、定量脑电教育评估、脑电康复评估系统、双模态脑功能检测、脑功能网络演化评估、脑电用户体验评估、双域脑电注意力监测、脑电疲劳检测网络、脑数据神经评估、脑电活动评估诊断、脑功能信号处理评估、脑电波情绪投入度分析、认知任务脑电评估、脑电感觉能力评估、脑电认知能力评估、脑电无监督认知负荷评估、脑电信号定量精神状态评估、脑数据动态分析、脑电图像评估、脑电信号全脑分析评估、脑电情绪反应监测、脑电信号诊断分析、语义处理脑电评估、脑对称性运动参数分析、认知功能评估系统、语言处理脑电评估、脑电单音节语音评估、脑电信号感官评价、脑电图像兴趣评估、脑电用户画像测评、脑电精神障碍诊断、脑电信号智能诊断分析、脑电活动脉冲分析、脑电情绪决策分析、认知功能评估测试、脑电情绪消费评估、认知任务脑电检测、脑电活动模式分类
C33,神经信号采集解码,71,神经信号修复与分类、机器学习疼痛解码刺激、神经信号采集转换滤波、无线神经信号采集、神经信号刺激模式调整、神经信号混合聚类分析、神经刺激信号传输、神经信号机器学习估计、低功耗神经信号采集芯片、神经语音解码模型、神经语音解码重建、深度学习神经解码、神经信号无线采集转换、神经信号刺激平衡分析、神经信号检测刺激康复、神经信号编码模型、神经活动信号传输、稳定电刺激神经信号分析、神经信号外部控制、神经信号处理与自适应解码、深度学习脑电意图识别、神经刺激信号生成、神经信号自适应校准、深度学习精神属性识别、神经信号内容递送、神经信号采集处理、神经信号感官配对、神经生理信号特征分解、神经信号设备控制、神经信号特征处理、深度递归神经解码、神经信号变化设备控制、视觉编码模型构建、视觉编码体素预测模型、神经生理事件识别、神经信号特征推断、自适应神经信号校准、伸缩式干电极舒适采集、神经信号控制设备、神经信号电子设备控制、神经信号关联校准、神经信号产品定制、神经信号特征分解、机器学习治疗响应预测、神经信号数据分类重组、无线脑电测量头戴装置、深度学习运动意图解码、神经信号分类记录、神经信号特征分析、神经刺激信号机器学习、神经信号对象关联、神经信号对象关联校准、注意力检测算法、神经信号关注关联校准、神经活动语言映射分析、自适应脑机接口校准、神经活动监测分析、深度学习脑电认知调节、触觉神经信号反馈、神经响应对象关联调制、无线脑电实时监测、神经信号估计训练、生理信号分类分析、无线EEG监测系统、无线脑电采集装置、无线脑电监测刺激、神经信号意图解码、神经信号关联校正、神经响应意图区分、神经生理信号特征分析、深层脑电特征识别
C34,脑电图像生成与映射,54,皮层脑电控瘫痪肌肉、脑电成像联合治疗、脑电机器学习疾病诊断、脑电地形图插值显示、脑电认知状态显示调整、AR脑机意图映射、脑功能成像商标判定、动态加权脑电特征融合、脑电图像痴呆诊断、脑电信号图像生成、脑电图像相似判断、脑电相似性维度压缩、EEG图像特征映射、多语义脑电图像重建、脑电相关系数图像分类、脑电图图像生成、脑电图像生成控制、耳脑电语音成像、脑电三维成像方法、脑电图像生成处理、脑电情绪图像生成、脑电生成人脸图像、脑电图像特征映射、脑功能磁共振网络分析、脑电图像重建网络、脑电图像标注优化、多视角脑电特征融合、扩散模型脑电图像生成、脑电图像特征对齐映射、脑电三维动态成像、脑电动态皮质成像、动态皮层电成像定位、脑岛皮层脑电建模、皮层电活动三维成像、脑电三维定位成像、MRI兼容脑电帽、MRI兼容脑电电极、脑电能量头盔显示、生成式脑电图像生成、耳脑电语音想象识别、脑电波识别交互头盔、眼动脑电控制交互、脑成像运动模式选择、脑成像幻肢康复、脑成像数据解码、全脑磁信号实时处理、全脑磁信号神经反馈、数字孪生脑电仿真、脑电波分析评估、儿童脑磁采集诊断、脑电报告模板生成、脑电图帽结构、脑电图像生成模型、癫痫发作三维建模
C35,神经刺激参数优化,58,刺激波形特性调整、刺激电极配置优化、神经刺激参数调节、神经刺激参数优化、伪随机刺激参数调节、刺激序列时序控制、刺激采集时序控制、刺激场分布监测、植入式脑刺激电流装置、刺激参数优化响应模型、刺激引线定位引导、神经刺激参数调整、优化神经刺激治疗方案、神经刺激参数调整方法、患者特异刺激参数优化、植入式电极电场装置、电刺激参数优化、诱发电位刺激参数优化、兴奋性难治性参数测定、刺激参数反馈优化、光电信刺激装置、电场梯度定位刺激、神经刺激序列调控、光电信联合刺激、刺激参数动态调节、前庭电刺激装置、神经刺激模式调控、序列神经刺激装置、脑刺激靶点选择系统、刺激序列纤维募集、矢量场刺激参数调控、刺激参数自适应反馈、植入式脑电刺激映射、刺激神经募集估计、刺激波形生成与EEG分析、感应脑刺激植入装置、脑区间同步刺激调控、电针刺激参数优化、植入式脑电刺激装置、刺激参数调整治疗、脑电信号睡眠刺激装置、神经刺激参数自动优化、植入刺激器定位方法、不应期刺激序列控制、脑电引导刺激定位、植入式交变电场电极装置、感觉皮层神经刺激、电刺激信号源定位、神经刺激参数调控、植入体遥测数据传输、延迟刺激神经调控、P300脑电信息选择、P300刺激序列选择、P300脑电测量刺激、CFF视觉刺激信号处理、CFF动态刺激参数调整、P300脑电知识检测、脑电刺激癫痫调控
C36,自适应神经刺激调控,17,自适应神经刺激方法、自适应脑刺激参数调整、自适应神经刺激参数调整、自适应神经刺激信号、自适应神经刺激治疗、自适应神经刺激波形、环境自适应神经刺激、自适应深部脑刺激、脑电意图识别电刺激、自适应神经刺激生成、脑电意图自适应刺激、自适应闭环脑深部刺激、自适应学习刺激系统、生理信号自适应滤波、脑刺激自适应认知训练、tACS干扰自适应消除、脑刺激自适应调控
C37,神经调节刺激控制,61,定向电场神经调控、迷走神经刺激验证、头部接触神经刺激装置、多参数神经刺激调控、神经调节信号递送系统、多电极深部脑刺激、脑电相位同步刺激、迷走神经脑功能调节、神经元放电节律调节、迷走神经刺激调节、神经信号通路调节、神经调节触发配置、脑电监测电刺激诊断、脑电监测神经刺激治疗、药物释放神经调控、运动诱发电位神经调节、神经功能障碍检测调节、多电极闭环神经调控、多通道闭环神经调控、刺激组合神经调节、多电极低频神经刺激、神经调节刺激远程滴定、多通道神经刺激控制、多参数听觉刺激诱导睡眠、自适应神经电刺激调节、超声神经调节装置、迷走神经刺激参数调整、多靶区经颅电刺激、自适应脑电刺激调节、迷走神经刺激调控、神经调节生物标志物、神经调节信号递送、神经反应感测调节、条件刺激神经调控、神经调节刺激控制、神经调节闭环控制、超声神经调节技术、自适应电刺激调控、多通道闭环脑电响应、定制经颅交流刺激、个体化神经调控、定向脑深部刺激、定向刺激电极定位、神经节律刺激调控、刺激序列神经调控、脑电相位同步刺激调控、脑电复杂度神经调控、迷走神经信号增强、生物电心理唤醒调节、神经调节治疗匹配、神经刺激临床方案匹配、本体感觉运动恢复、神经调节信号分析、神经调节匹配治疗、神经刺激相位调制、迷走神经刺激信号估计、神经生理反应验证控制、超声神经调节系统、个性化超声神经调节、神经通路刺激调节、中医经颅刺激诊疗
C38,事件相关电位分析,10,脑电任务调度与ERP识别、多通道ERP脑电分析、语音清晰度ERP评估、听觉ERP测量抑制、语音理解ERP检测、语音听觉ERP评估、单音节ERP烦恼检测、ERP图片语义检索、语音清晰度ERP评价、脑电事件相关电位分析
C39,脑活动监测与解码,29,脑状态模型刺激、脑状态模型生成、脑状态反馈调节、脑波情绪按摩调节、脑活动模式检索匹配、脑波模式分类报警、脑波融合处方系统、脑活动游戏属性调整、脑活动模式匹配检索、脑活动产品定制系统、脑活动产品配方定制、脑状态神经模拟、脑活动模型验证、多模态脑活动监测、脑活动解码模型、多模态脑活动解码、脑活动相似性可视化、多模态脑信号解码、脑活动状态诊断分析、脑活动定位相关性分析、多模式脑活动监测、脑活动游戏交互、脑状态产品配方定制、脑活动意图反馈、脑活动评估比较、脑活动解码重建、脑活动精神状态调节、脑波情绪评估干预、脑电-磁共振联合分析
C40,脑电虚拟现实交互,19,脑电虚拟现实治疗、虚拟现实神经响应评估、脑电虚拟现实评估、虚拟现实情感交互、情绪识别虚拟现实、脑电范式情感评估、情绪诱发识别系统、虚拟现实营销评估、脑电训练虚拟现实调节、实时脑电活动呈现、虚拟现实脑活动干预、虚拟现实脑电交互、虚拟现实渴求评估、虚拟现实执行控制监测、脑电虚拟现实康复训练、脑电虚拟现实情绪评估、虚拟现实眩晕检测、压力评测虚拟现实、情绪识别脑电通道选择
C41,脑电电极采集装置,53,自适应脑电电极装置、听觉脑干电极定位、脑电电极固定装置、脑信号感测电极选择、弹性脑机接口电极、表面电极脑电采集、脑内电极信号采集、干电极脑电采集装置、爪式脑电电极结构、弹性电极头皮接触采集、干电极脑电采集、弹性电极倾斜调节、弹性电极固定装置、弹性帽脑电电极、脑电电极空间定位方法、脑电电极定位引导、干电极脑电测量、弹性电极脑电测量、可调伸缩电极脑电监测、可伸缩干电极双通道采集、干电极脑电采集优化、小动物脑电电极装置、便携干电极脑电采集、脑电电极结构设计、脑电采集电极装置、脑电电极稳定装置、弹性头戴电极定位装置、脑电图记录电极装置、脑电采集电极干扰抑制、凝胶电极脑电采集、可调干电极脑电帽、脑电电极定位装置、脑电电极头戴定位、脑电信号记录电极、实时脑电信号采集、脑电电极分辨率增强、弹性干电极装配、干电极脑电检测、可拆卸脑电电极装置、半湿式脑电电极、弹性电极定位系统、入耳式脑电电极、脑电电极稳定设计、弹性头带脑电采集、弹性接头脑电极、入耳式脑电数据传输、脑电电极隔离结构、可伸缩探针脑电采集、脑电电极电磁屏蔽、可调脑电电极装置、动物脑电电极装置、弹性电极定位装置、微电极脑电测量
C42,脑电听觉调控降噪,25,声源定向脑电触感、声源定向脑电交互、脑电响应性刺激、聚焦超声脑调控接口、聚焦超声脑间接口、听觉显示盲导装置、脑电听觉显示引导、脑电刺激响应评估、脑电超声全息输出、脑电匹配治疗响应、脑响应系统辨识、运动识别脑电去噪、脑电信号降噪处理、脑同步反馈峰值检测、脑电兴奋抑制评估、脑电响应助听器、脑电信号噪声消除、脑电不适阈值估计、助听器不舒适阈值估计、脑磁图响应分析、脑电信号预处理识别、脑电声源关注识别、声源定位EEG电极选择、声源关注识别、脑电声源选择助听
C43,癫痫监测预测干预,22,皮层癫痫灶定位、颅外脑电癫痫监测、植入电极癫痫监测、颅外脑电癫痫监护、颅内脑电病灶定位、癫痫发作预测预防、血管内脑电癫痫干预、癫痫发作检测系统、癫痫事件检测预警、癫痫检测视频EEG系统、癫痫发作视频EEG监测、癫痫事件检测记录系统、VR癫痫风险预测、植入式脑电耦合监测、皮层脑网络异常检测、癫痫发作预测算法、脑电预测癫痫发作、VR内容癫痫风险预测、癫痫发作分段警报、癫痫发作分段检测、癫痫发作预测检测、癫痫发作监测装置
C44,脑电频率识别分析,15,脑电匹配视频帧率刺激、脑电共振刺激频率识别、脑电频率匹配认知增强、脑电治疗频率识别、脑电波分析学习增强、脑电频率视野检测、脑电频率解码意图形状、脑电频率模式意图识别、脑电刺激源情感分类、脑电节律频率识别、脑电范式分类识别、脑电频率时间分析、脑电频率数据分析、脑电频谱意图识别、脑电频谱意图控制
