tag,group_id,theme_name
神经刺激阈值确定,C8,神经刺激监测装置
高频振荡刺激检测,C4,神经刺激调控系统
刺激波形特性调整,C35,神经刺激参数优化
大脑刺激神经监测,C8,神经刺激监测装置
神经活动监测刺激,C8,神经刺激监测装置
定向电场神经调控,C37,神经调节刺激控制
闭环神经调制系统,C24,闭环神经调控系统
刺激电极配置优化,C35,神经刺激参数优化
神经退行性疾病检测,C17,神经反馈刺激分析
迷走神经刺激验证,C37,神经调节刺激控制
颅内电极刺激参数控制,C9,经颅聚焦刺激装置
神经刺激参数调节,C35,神经刺激参数优化
脑电刺激诱导神经可塑性,C29,深部脑刺激调控
颅内电刺激神经调控,C9,经颅聚焦刺激装置
脑电刺激神经可塑性诱导,C29,深部脑刺激调控
脑电刺激神经可塑性调控,C29,深部脑刺激调控
神经刺激参数优化,C35,神经刺激参数优化
自适应神经刺激方法,C36,自适应神经刺激调控
头部接触神经刺激装置,C37,神经调节刺激控制
双极性神经刺激偏置,C8,神经刺激监测装置
植入式神经刺激装置,C8,神经刺激监测装置
多参数神经刺激调控,C37,神经调节刺激控制
伪随机刺激参数调节,C35,神经刺激参数优化
光刺激脑电调整,C29,深部脑刺激调控
经血管神经刺激,C10,神经信息分析诊断
外部设备神经刺激,C4,神经刺激调控系统
深部脑刺激装置,C29,深部脑刺激调控
光刺激电极递送,C26,神经刺激电极装置
个性化非侵入刺激,C4,神经刺激调控系统
刺激序列时序控制,C35,神经刺激参数优化
空间分布刺激阵列,C8,神经刺激监测装置
神经调制治疗参数导出,C8,神经刺激监测装置
神经调节信号递送系统,C37,神经调节刺激控制
神经响应治疗参数确定,C17,神经反馈刺激分析
多电极深部脑刺激,C37,神经调节刺激控制
脑电频域分析刺激,C0,脑电情绪识别分析
刺激采集时序控制,C35,神经刺激参数优化
视网膜刺激电极制造,C26,神经刺激电极装置
刺激场分布监测,C35,神经刺激参数优化
刺激采集隔离选通,C18,神经刺激同步递送
刺激采集干扰抑制,C18,神经刺激同步递送
脑电相位同步刺激,C37,神经调节刺激控制
经皮神经刺激装置,C10,神经信息分析诊断
神经刺激参数测定,C8,神经刺激监测装置
神经刺激易感性预测,C8,神经刺激监测装置
视觉反馈功能电刺激,C4,神经刺激调控系统
脑信号电刺激管理,C29,深部脑刺激调控
脑信号解码刺激管理,C29,深部脑刺激调控
非响应性电刺激去同步,C18,神经刺激同步递送
非响应性电刺激抗癫痫,C18,神经刺激同步递送
响应性电刺激去同步,C18,神经刺激同步递送
微电极阵列刺激装置,C26,神经刺激电极装置
柔性电极阵列植入装置,C6,电极阵列植入制造
神经刺激阈值预测,C8,神经刺激监测装置
电化学联合神经刺激,C26,神经刺激电极装置
神经信号修复与分类,C33,神经信号采集解码
神经刺激设置优化,C8,神经刺激监测装置
多模式深部脑刺激,C8,神经刺激监测装置
刺激诱发神经反应监测,C4,神经刺激调控系统
脑电夹带技能训练,C28,脑波交互反馈系统
自适应脑刺激参数调整,C36,自适应神经刺激调控
机器学习疼痛解码刺激,C33,神经信号采集解码
植入式脑刺激电流装置,C35,神经刺激参数优化
点处理模型刺激预测,C3,脑电状态检测评估
刺激参数优化响应模型,C35,神经刺激参数优化
脑电特征刺激闭环控制,C24,闭环神经调控系统
闭环疼痛解码神经接口,C24,闭环神经调控系统
认知训练神经治疗递送,C8,神经刺激监测装置
闭环神经接口装置,C24,闭环神经调控系统
聚焦刺激源递送装置,C18,神经刺激同步递送
病理同步刺激抑制,C18,神经刺激同步递送
随机化脉冲刺激递送,C18,神经刺激同步递送
脑信号康复刺激系统,C29,深部脑刺激调控
磁刺激感官组合治疗,C4,神经刺激调控系统
刺激响应神经监测,C8,神经刺激监测装置
神经兴奋性曲线推导,C8,神经刺激监测装置
闭环植入神经接口,C24,闭环神经调控系统
相位同步刺激递送,C18,神经刺激同步递送
脉冲刺激神经激发电路,C18,神经刺激同步递送
皮层电极植入刺激记录,C6,电极阵列植入制造
迷走神经脑功能调节,C37,神经调节刺激控制
成对训练神经刺激,C8,神经刺激监测装置
诱发反应脉冲刺激控制,C4,神经刺激调控系统
脑网络建模刺激治疗,C14,脑电信号采集处理
神经元放电节律调节,C37,神经调节刺激控制
高频振荡检测刺激,C4,神经刺激调控系统
神经刺激功效评估,C8,神经刺激监测装置
光刺激电极记录系统,C26,神经刺激电极装置
电极矩阵刺激映射,C26,神经刺激电极装置
闭环刺激强度调控,C24,闭环神经调控系统
神经刺激电极选择,C26,神经刺激电极装置
迷走神经刺激调节,C37,神经调节刺激控制
柔性皮层电极接口,C2,柔性电极采集装置
刺激伪影抑制,C4,神经刺激调控系统
神经状态评估刺激,C8,神经刺激监测装置
刺激引线定位引导,C35,神经刺激参数优化
脑肌电耦合分析,C0,脑电情绪识别分析
闭环神经刺激,C24,闭环神经调控系统
介入式电极植入,C2,柔性电极采集装置
皮层电极微调装置,C6,电极阵列植入制造
植入接口连接器,C31,植入式神经接口系统
神经刺激参数调整,C35,神经刺激参数优化
未知技术主题,C12,视觉脑电解码评估
电极阻抗控制,C2,柔性电极采集装置
植入式神经刺激系统,C8,神经刺激监测装置
经颅聚焦电刺激,C9,经颅聚焦刺激装置
多模态神经刺激装置,C13,多模态神经交互评估
优化神经刺激治疗方案,C35,神经刺激参数优化
无线神经刺激检测系统,C8,神经刺激监测装置
神经刺激响应检测方法,C8,神经刺激监测装置
自适应神经刺激参数调整,C36,自适应神经刺激调控
饱和传递函数刺激控制,C9,经颅聚焦刺激装置
脑电信号分解刺激参数,C29,深部脑刺激调控
自适应脑电电极装置,C41,脑电电极采集装置
实时反馈脑电刺激控制,C4,神经刺激调控系统
无线深部脑刺激参数优化,C29,深部脑刺激调控
可收缩皮层刺激装置,C4,神经刺激调控系统
植入电极靶点定位,C2,柔性电极采集装置
电极取向定位装置,C2,柔性电极采集装置
多模式神经刺激治疗,C8,神经刺激监测装置
肌电反馈电刺激康复,C4,神经刺激调控系统
模块化微电极阵列,C6,电极阵列植入制造
闭环深部脑刺激定位,C29,深部脑刺激调控
非侵入感觉刺激认知,C4,神经刺激调控系统
工作记忆刺激参数优化,C27,认知意识神经评估
神经刺激参数调整方法,C35,神经刺激参数优化
多通道脉冲刺激电路,C18,神经刺激同步递送
认知增强经颅刺激系统,C8,神经刺激监测装置
闭环神经刺激故障控制,C24,闭环神经调控系统
电脉冲神经刺激递送,C18,神经刺激同步递送
脑脊髓接口神经调控,C11,睡眠脑电调控增强
患者特异刺激参数优化,C35,神经刺激参数优化
神经反应阈值自动检测,C3,脑电状态检测评估
帕金森病神经刺激治疗,C8,神经刺激监测装置
非侵入性神经刺激治疗,C8,神经刺激监测装置
神经振荡调节刺激方案,C17,神经反馈刺激分析
电脉冲反馈耦合装置,C2,柔性电极采集装置
反馈信号激励生成,C15,心理生理反馈调节
体外刺激信号控制,C4,神经刺激调控系统
植入式电极电场装置,C35,神经刺激参数优化
三维电极阵列刺激,C26,神经刺激电极装置
神经刺激状态检测,C8,神经刺激监测装置
认知脑信号刺激调控,C29,深部脑刺激调控
深部脑刺激参数调整,C29,深部脑刺激调控
神经信号通路调节,C37,神经调节刺激控制
神经反应时变监测,C17,神经反馈刺激分析
神经刺激同步干预,C18,神经刺激同步递送
脑波刺激参数生成,C29,深部脑刺激调控
交互神经刺激控制,C4,神经刺激调控系统
神经调节触发配置,C37,神经调节刺激控制
电磁脉冲刺激搜索,C18,神经刺激同步递送
皮层癫痫灶定位,C43,癫痫监测预测干预
颅外脑电癫痫监测,C43,癫痫监测预测干预
电刺激参数优化,C35,神经刺激参数优化
非侵入神经刺激校准,C4,神经刺激调控系统
微电极阵列设计制造,C6,电极阵列植入制造
微电极阵列植入应用,C26,神经刺激电极装置
微电极阵列制造技术,C6,电极阵列植入制造
相-复位神经刺激抑制,C18,神经刺激同步递送
柔性电极微创植入,C6,电极阵列植入制造
双电极脑电检测刺激,C29,深部脑刺激调控
深部脑刺激术中监测,C29,深部脑刺激调控
压电超声闭环脑深部刺激,C26,神经刺激电极装置
压电超声脑深部刺激装置,C26,神经刺激电极装置
脑网络模型闭环刺激算法,C14,脑电信号采集处理
微电极阵列神经刺激装置,C26,神经刺激电极装置
多路复用神经刺激电极配置,C26,神经刺激电极装置
电刺激运动检测生物反馈,C4,神经刺激调控系统
微电极阵列植入刺激装置,C26,神经刺激电极装置
微电极阵列深部刺激装置,C26,神经刺激电极装置
神经响应检测刺激递送系统,C8,神经刺激监测装置
细长探针微电极阵列装置,C6,电极阵列植入制造
无线控制两相刺激装置,C8,神经刺激监测装置
脑电监测电刺激诊断,C37,神经调节刺激控制
脑电监测神经刺激治疗,C37,神经调节刺激控制
微细探针多电极刺激,C26,神经刺激电极装置
诱发电位刺激参数优化,C35,神经刺激参数优化
兴奋性难治性参数测定,C35,神经刺激参数优化
慢振荡脑刺激增强记忆,C11,睡眠脑电调控增强
成对训练神经刺激治疗,C8,神经刺激监测装置
定时神经刺激训练康复,C30,脑电神经反馈康复训练
渐进式深部脑刺激调控,C29,深部脑刺激调控
电生理信号刺激检测,C4,神经刺激调控系统
三维电极探针组装,C6,电极阵列植入制造
复合电极阵列制备,C6,电极阵列植入制造
植入电极阵列制备,C6,电极阵列植入制造
电极加工制备方法,C2,柔性电极采集装置
电化学腐蚀电极制备,C2,柔性电极采集装置
脑机接口康复训练,C19,脑机接口交互控制
癫痫刺激响应调控,C4,神经刺激调控系统
皮层电刺激神经调控,C4,神经刺激调控系统
植入电极癫痫监测,C43,癫痫监测预测干预
柔性碳纳米管电极,C2,柔性电极采集装置
神经信号图像叠加,C10,神经信息分析诊断
气动式电极植入,C6,电极阵列植入制造
薄膜电极阵列制造,C6,电极阵列植入制造
药物释放神经调控,C37,神经调节刺激控制
机械引导微创植入,C6,电极阵列植入制造
声源定向脑电触感,C42,脑电听觉调控降噪
3D堆叠柔性电极,C2,柔性电极采集装置
多电极激活模式,C26,神经刺激电极装置
声源定向脑电交互,C42,脑电听觉调控降噪
微针阵列电极植入,C6,电极阵列植入制造
听觉脑干电极定位,C41,脑电电极采集装置
透明电极光刺激成像,C26,神经刺激电极装置
植入物免疫排斥抑制,C4,神经刺激调控系统
序贯释药听觉电极,C2,柔性电极采集装置
脑机接口电极配置,C19,脑机接口交互控制
光刺激神经成像电极,C26,神经刺激电极装置
多电极激活模式控制,C26,神经刺激电极装置
颅内神经刺激感测,C8,神经刺激监测装置
颅内电极接触力调节,C9,经颅聚焦刺激装置
集成电极刺激检测芯片,C26,神经刺激电极装置
侵入式脑机接口信号处理,C2,柔性电极采集装置
神经信号采集转换滤波,C33,神经信号采集解码
微电极阵列低功耗采样,C6,电极阵列植入制造
脑机接口模式识别控制,C19,脑机接口交互控制
神经元电互连微电极阵列,C6,电极阵列植入制造
头皮电生理刺激采集,C2,柔性电极采集装置
柔性电极阵列植入优化,C6,电极阵列植入制造
柔性电极制造工艺,C2,柔性电极采集装置
柔性碳纳米管电极阵列,C2,柔性电极采集装置
关节电极组件植入,C6,电极阵列植入制造
刺激参数反馈优化,C35,神经刺激参数优化
无线神经信号采集,C33,神经信号采集解码
神经刺激装置,C8,神经刺激监测装置
运动诱发电位神经调节,C37,神经调节刺激控制
颅骨大脑接口系统,C9,经颅聚焦刺激装置
可植入神经接口放大,C31,植入式神经接口系统
双频经颅刺激序列,C9,经颅聚焦刺激装置
AI闭环神经调控,C24,闭环神经调控系统
脑电信号融合处理算法,C14,脑电信号采集处理
柔性微丝电极阵列封装,C2,柔性电极采集装置
神经电极阵列植入方法,C6,电极阵列植入制造
定向冷冻相分离电极制备,C2,柔性电极采集装置
神经信号脑图像叠加显示,C14,脑电信号采集处理
气动式电极植入装置,C6,电极阵列植入制造
导丝引导微创电极植入,C6,电极阵列植入制造
尿嘧啶接枝电极绝缘涂层,C2,柔性电极采集装置
颅骨信号引导聚焦装置,C9,经颅聚焦刺激装置
刺激响应神经活动监测,C8,神经刺激监测装置
闭环神经调节刺激,C24,闭环神经调控系统
电极触点材料优化,C2,柔性电极采集装置
植入电极神经刺激,C26,神经刺激电极装置
多电极闭环癫痫抑制,C26,神经刺激电极装置
光电信刺激装置,C35,神经刺激参数优化
刺激计划图形控制,C4,神经刺激调控系统
电镀脉冲电极维护,C2,柔性电极采集装置
体感皮层刺激调节,C4,神经刺激调控系统
神经刺激参数治疗,C8,神经刺激监测装置
脑电信号刺激参数生成,C29,深部脑刺激调控
低频电刺激神经治疗,C8,神经刺激监测装置
微电极阵列植入刺激,C26,神经刺激电极装置
微电极阵列神经刺激,C26,神经刺激电极装置
人工智能闭环神经刺激,C24,闭环神经调控系统
神经信号刺激模式调整,C33,神经信号采集解码
闭环脑电刺激反馈控制,C24,闭环神经调控系统
颅内信号传输装置,C9,经颅聚焦刺激装置
颅骨孔电信号传送,C9,经颅聚焦刺激装置
脑刺激神经可塑性恢复,C29,深部脑刺激调控
脑刺激神经功能恢复,C29,深部脑刺激调控
颅骨植入神经调节接口,C9,经颅聚焦刺激装置
生物电刺激治疗递送,C4,神经刺激调控系统
微装置神经信号接口,C6,电极阵列植入制造
颅脑界面聚焦神经调节,C9,经颅聚焦刺激装置
靶向神经刺激治疗,C8,神经刺激监测装置
颅骨孔信号引导聚焦,C9,经颅聚焦刺激装置
实时电刺激控制算法,C4,神经刺激调控系统
双侧深部脑刺激装置,C29,深部脑刺激调控
电场梯度定位刺激,C35,神经刺激参数优化
微电极阵列神经接口,C26,神经刺激电极装置
微电极阵列植入监测,C26,神经刺激电极装置
多模态脑机接口芯片,C19,脑机接口交互控制
跨模态神经接口系统,C31,植入式神经接口系统
神经记录与刺激反馈,C8,神经刺激监测装置
自适应神经刺激信号,C36,自适应神经刺激调控
神经功能障碍检测调节,C37,神经调节刺激控制
多电极闭环神经调控,C37,神经调节刺激控制
多通道神经事件识别,C10,神经信息分析诊断
多通道闭环神经调控,C37,神经调节刺激控制
实时电刺激运动控制,C4,神经刺激调控系统
经颅聚焦脑机接口刺激,C9,经颅聚焦刺激装置
经颅聚焦脑机接口控制,C9,经颅聚焦刺激装置
经颅聚焦脑机接口,C9,经颅聚焦刺激装置
无线脑机接口信号传输,C14,脑电信号采集处理
颅骨植入连接装置,C9,经颅聚焦刺激装置
颅骨内植入物感测刺激,C8,神经刺激监测装置
脑神经刺激治疗装置,C8,神经刺激监测装置
神经刺激序列调控,C35,神经刺激参数优化
光电信联合刺激,C35,神经刺激参数优化
电极组合识别辅助,C13,多模态神经交互评估
神经活动解码刺激,C8,神经刺激监测装置
经颅聚焦刺激调控,C9,经颅聚焦刺激装置
跨模式神经接口,C31,植入式神经接口系统
颅骨电极植入固定,C9,经颅聚焦刺激装置
多模态神经接口装置,C13,多模态神经交互评估
颅内多模态神经接口,C9,经颅聚焦刺激装置
经颅聚焦神经调节,C9,经颅聚焦刺激装置
闭环脊髓刺激系统,C24,闭环神经调控系统
经颅离子传导神经接口,C9,经颅聚焦刺激装置
柔性神经刺激电极,C26,神经刺激电极装置
石墨烯电极闭环接口,C2,柔性电极采集装置
神经接口电极连接,C2,柔性电极采集装置
硬膜下电极连接,C2,柔性电极采集装置
神经信号混合聚类分析,C33,神经信号采集解码
三维电极刺激引导,C26,神经刺激电极装置
目标刺激模式递送,C18,神经刺激同步递送
显微制造神经电极,C6,电极阵列植入制造
电刺激干细胞分化,C26,神经刺激电极装置
神经活动触发刺激,C8,神经刺激监测装置
视皮层微电极刺激,C26,神经刺激电极装置
电极位点激活模式,C26,神经刺激电极装置
层叠电极触点装置,C2,柔性电极采集装置
无线自适应深部刺激,C29,深部脑刺激调控
复合刺激波形滤波,C6,电极阵列植入制造
电极控制电场配置,C2,柔性电极采集装置
刺激参数动态调节,C35,神经刺激参数优化
突发模式刺激治疗,C8,神经刺激监测装置
前庭电刺激装置,C35,神经刺激参数优化
刺激组合神经调节,C37,神经调节刺激控制
脑电刺激频率调节,C29,深部脑刺激调控
无创脑刺激参数优化,C29,深部脑刺激调控
经颅光生物调节,C9,经颅聚焦刺激装置
磁光联合脑刺激,C4,神经刺激调控系统
神经反馈认知调控,C17,神经反馈刺激分析
神经募集估计刺激,C8,神经刺激监测装置
神经接口系统,C31,植入式神经接口系统
透明电极阵列设计,C6,电极阵列植入制造
闭环神经特征预测,C17,神经反馈刺激分析
深脑电刺激检测,C29,深部脑刺激调控
微电极阵列装置,C26,神经刺激电极装置
皮层刺激调节,C4,神经刺激调控系统
宏微电极植入记录,C6,电极阵列植入制造
自适应神经刺激治疗,C36,自适应神经刺激调控
颅骨通道信号引导,C9,经颅聚焦刺激装置
双极皮层刺激装置,C29,深部脑刺激调控
脑刺激参数管理,C29,深部脑刺激调控
脑机接口信号传输,C19,脑机接口交互控制
神经损伤防护技术,C10,神经信息分析诊断
神经探针植入采集,C31,植入式神经接口系统
神经刺激模式调控,C35,神经刺激参数优化
血管内电极递送,C2,柔性电极采集装置
交互式神经调节,C4,神经刺激调控系统
相位同步刺激控制,C18,神经刺激同步递送
皮质刺激运动障碍治疗,C4,神经刺激调控系统
序列神经刺激装置,C35,神经刺激参数优化
感觉运动障碍康复刺激,C4,神经刺激调控系统
无线深部脑刺激系统,C29,深部脑刺激调控
慢波增强磁刺激调控,C11,睡眠脑电调控增强
认知障碍植入刺激治疗,C8,神经刺激监测装置
脑刺激靶点选择系统,C35,神经刺激参数优化
脑网络刺激参数调整,C14,脑电信号采集处理
脑网络电极靶点选择,C14,脑电信号采集处理
多电极低频神经刺激,C37,神经调节刺激控制
颅骨电极植入定位,C9,经颅聚焦刺激装置
刺激序列纤维募集,C35,神经刺激参数优化
微创颅内精准刺激,C9,经颅聚焦刺激装置
闭环神经调制递送,C24,闭环神经调控系统
神经刺激信号传输,C33,神经信号采集解码
矢量场刺激参数调控,C35,神经刺激参数优化
反馈回路神经调节,C15,心理生理反馈调节
闭环深部脑刺激,C29,深部脑刺激调控
预定刺激治疗响应,C4,神经刺激调控系统
个性化TMS刺激治疗,C4,神经刺激调控系统
脑神经电刺激装置,C8,神经刺激监测装置
非侵入去同步神经刺激,C18,神经刺激同步递送
相位同步刺激抑制,C18,神经刺激同步递送
电药物刺激脑电分析,C2,柔性电极采集装置
位点特异性记忆刺激,C4,神经刺激调控系统
脑刺激优化治疗方案,C29,深部脑刺激调控
刺激参数自适应反馈,C35,神经刺激参数优化
刺激感测电源控制,C4,神经刺激调控系统
植入式电极阵列制造,C6,电极阵列植入制造
神经刺激定位记录,C8,神经刺激监测装置
植入式脑电刺激映射,C35,神经刺激参数优化
植入式微电极涂层,C6,电极阵列植入制造
可变形神经接口载体,C31,植入式神经接口系统
神经康复信号解码,C8,神经刺激监测装置
神经调节刺激反馈,C8,神经刺激监测装置
神经康复训练评估,C10,神经信息分析诊断
颅骨植入神经接口,C9,经颅聚焦刺激装置
可植入神经刺激引线,C31,植入式神经接口系统
植入式电极贴附结构,C6,电极阵列植入制造
颅外脑电癫痫监护,C43,癫痫监测预测干预
可变形皮层电极阵列,C31,植入式神经接口系统
脑血流调节治疗,C11,睡眠脑电调控增强
脑血流调节装置,C11,睡眠脑电调控增强
脑血流灌注调节,C11,睡眠脑电调控增强
脑血流调节技术,C11,睡眠脑电调控增强
多电极低频刺激,C26,神经刺激电极装置
闭环神经刺激系统,C24,闭环神经调控系统
听觉刺激睡眠诱导,C11,睡眠脑电调控增强
闭环刺激电极变化监测,C17,神经反馈刺激分析
迟发响应刺激监测,C4,神经刺激调控系统
刺激神经募集估计,C35,神经刺激参数优化
神经信号机器学习估计,C33,神经信号采集解码
自适应神经刺激波形,C36,自适应神经刺激调控
电极配合评估方法,C2,柔性电极采集装置
电极移位刺激装置,C13,多模态神经交互评估
柔性电极阵列制造,C2,柔性电极采集装置
柔性电路刺激电极,C26,神经刺激电极装置
薄膜电极引线固定,C6,电极阵列植入制造
刺激波形生成与EEG分析,C35,神经刺激参数优化
神经植入物递送接口,C31,植入式神经接口系统
AI电生理刺激植入物,C4,神经刺激调控系统
深部脑刺激电流场控制,C29,深部脑刺激调控
神经调节刺激远程滴定,C37,神经调节刺激控制
刺激响应脑电波调制,C4,神经刺激调控系统
植入式神经调节系统,C8,神经刺激监测装置
感应脑刺激植入装置,C35,神经刺激参数优化
神经精神刺激治疗,C8,神经刺激监测装置
闭环神经刺激调控,C24,闭环神经调控系统
闭环刺激参数调节,C24,闭环神经调控系统
可变脉冲神经刺激,C18,神经刺激同步递送
脑区间同步刺激调控,C35,神经刺激参数优化
深部脑刺激驱动信号,C29,深部脑刺激调控
脑状态预测刺激同步,C18,神经刺激同步递送
经颅电刺激精准调控,C9,经颅聚焦刺激装置
多通道神经刺激控制,C37,神经调节刺激控制
多参数听觉刺激诱导睡眠,C37,神经调节刺激控制
深度脑刺激参数确定,C29,深部脑刺激调控
无线深部脑刺激装置,C29,深部脑刺激调控
闭环协同神经调控,C24,闭环神经调控系统
皮层脑电控瘫痪肌肉,C34,脑电图像生成与映射
植入电极癫痫预测,C2,柔性电极采集装置
自适应神经电刺激调节,C37,神经调节刺激控制
环境自适应神经刺激,C36,自适应神经刺激调控
动态电荷平衡脑刺激,C29,深部脑刺激调控
脑内电极阵列刺激,C25,脑电信号模式识别
脑电伪迹抑制分析,C0,脑电情绪识别分析
电极固定与连接结构,C2,柔性电极采集装置
植入式微电极刺激采集,C6,电极阵列植入制造
光刺激电记录集成电极,C26,神经刺激电极装置
颅内电极定位装置,C9,经颅聚焦刺激装置
脑电电极固定装置,C41,脑电电极采集装置
脑电认知状态分类,C3,脑电状态检测评估
神经接口电总线集成,C2,柔性电极采集装置
动物脑电刺激实验,C29,深部脑刺激调控
神经刺激反馈控制,C17,神经反馈刺激分析
自适应深部脑刺激,C36,自适应神经刺激调控
超声神经调节装置,C37,神经调节刺激控制
磁场感应脑刺激,C4,神经刺激调控系统
磁场脑功能增强,C4,神经刺激调控系统
无线神经调制刺激,C8,神经刺激监测装置
脑机接口电极优化,C19,脑机接口交互控制
颅骨脑波测量装置,C28,脑波交互反馈系统
颅内电极阵列植入,C6,电极阵列植入制造
共形电极电刺激,C6,电极阵列植入制造
神经活动检测电刺激,C8,神经刺激监测装置
低功耗神经信号采集芯片,C33,神经信号采集解码
实时神经影像电刺激调控,C4,神经刺激调控系统
植入式脑机接口装置,C19,脑机接口交互控制
闭环脑电刺激康复系统,C24,闭环神经调控系统
动物机器人脑电刺激控制,C29,深部脑刺激调控
脑电情绪分类迁移学习,C0,脑电情绪识别分析
神经活动语音解码算法,C8,神经刺激监测装置
神经语音解码模型,C33,神经信号采集解码
神经语音解码重建,C33,神经信号采集解码
神经接口植入优化,C2,柔性电极采集装置
神经接口皮层映射,C2,柔性电极采集装置
神经接口放置优化,C2,柔性电极采集装置
神经电刺激选择性,C26,神经刺激电极装置
多视图眼动解码,C5,眼动脑电视觉分析
驾驶员疲劳监测,C12,视觉脑电解码评估
深度学习神经解码,C33,神经信号采集解码
电针刺激参数优化,C35,神经刺激参数优化
脑电意图识别电刺激,C36,自适应神经刺激调控
无线神经电刺激装置,C8,神经刺激监测装置
经颅电刺激参数调控,C9,经颅聚焦刺激装置
脑电脉冲信号处理,C14,脑电信号采集处理
迷走神经刺激参数调整,C37,神经调节刺激控制
自适应神经刺激生成,C36,自适应神经刺激调控
声电联合神经刺激,C26,神经刺激电极装置
脑电意图自适应刺激,C36,自适应神经刺激调控
工作记忆神经活动评价,C27,认知意识神经评估
脑机接口电力数据传输,C19,脑机接口交互控制
脑机接口通信路径,C19,脑机接口交互控制
注意力广度脑电刺激,C11,睡眠脑电调控增强
康复训练脑肌耦合分析,C0,脑电情绪识别分析
脑电信号特征融合识别,C25,脑电信号模式识别
脑机接口数据传输,C19,脑机接口交互控制
神经活动解码与刺激,C8,神经刺激监测装置
植入式脑电刺激装置,C35,神经刺激参数优化
多靶区经颅电刺激,C37,神经调节刺激控制
中枢外周融合运动解码,C12,视觉脑电解码评估
颅内电刺激神经可塑性,C9,经颅聚焦刺激装置
植入电极刺激参数控制,C26,神经刺激电极装置
睡眠脑电刺激调控,C11,睡眠脑电调控增强
脑电分类电刺激控制,C0,脑电情绪识别分析
人宠脑机交互刺激,C24,闭环神经调控系统
自适应脑电刺激调节,C37,神经调节刺激控制
迷走神经刺激调控,C37,神经调节刺激控制
脑深部电刺激控制,C29,深部脑刺激调控
神经刺激感测管理,C8,神经刺激监测装置
颅内脑电病灶定位,C43,癫痫监测预测干预
脑电驱动功能电刺激,C29,深部脑刺激调控
脑电控制下肢康复刺激,C29,深部脑刺激调控
植入设备无线通信,C6,电极阵列植入制造
刺激参数调整治疗,C35,神经刺激参数优化
突发模式神经刺激,C8,神经刺激监测装置
深部脑刺激参数优化,C29,深部脑刺激调控
颅脑接口刺激控制,C9,经颅聚焦刺激装置
异常信号检测刺激,C4,神经刺激调控系统
配对训练定时刺激,C8,神经刺激监测装置
配对训练神经刺激,C8,神经刺激监测装置
配对训练刺激治疗,C8,神经刺激监测装置
成对训练刺激康复,C8,神经刺激监测装置
癫痫刺激参数导出,C4,神经刺激调控系统
神经状态转换电刺激,C8,神经刺激监测装置
神经调节生物标志物,C37,神经调节刺激控制
神经调节信号递送,C37,神经调节刺激控制
闭环神经调节控制,C24,闭环神经调控系统
神经功能恢复电刺激,C8,神经刺激监测装置
植入电极性能优化,C4,神经刺激调控系统
无线植入电极装置,C6,电极阵列植入制造
植入式脑机接口系统,C19,脑机接口交互控制
神经反应感测调节,C37,神经调节刺激控制
脑电功能电刺激康复,C29,深部脑刺激调控
脑电匹配视频帧率刺激,C44,脑电频率识别分析
脑电信号睡眠刺激装置,C35,神经刺激参数优化
经颅刺激感测递送装置,C18,神经刺激同步递送
经颅电刺激参数反馈,C9,经颅聚焦刺激装置
脑信号电刺激电极识别,C25,脑电信号模式识别
脑信号感测电极选择,C41,脑电电极采集装置
神经可塑性评估刺激,C8,神经刺激监测装置
无线植入式神经装置,C6,电极阵列植入制造
绝缘导管电极刺激,C6,电极阵列植入制造
认知障碍刺激评估,C8,神经刺激监测装置
神经信号无线采集转换,C33,神经信号采集解码
条件刺激神经调控,C37,神经调节刺激控制
训练联合神经刺激,C8,神经刺激监测装置
癫痫刺激模式调控,C4,神经刺激调控系统
实时自动控制算法,C4,神经刺激调控系统
非侵入性神经刺激,C8,神经刺激监测装置
脑电信号采集装置,C14,脑电信号采集处理
神经调节刺激控制,C37,神经调节刺激控制
颅孔固定装置,C9,经颅聚焦刺激装置
微创脑刺激装置,C9,经颅聚焦刺激装置
脑电信号处理显示,C14,脑电信号采集处理
植入式脑机接口,C19,脑机接口交互控制
皮层电刺激治疗,C4,神经刺激调控系统
神经信号刺激平衡分析,C33,神经信号采集解码
脑电信号特征分类识别,C25,脑电信号模式识别
神经刺激参数自动优化,C35,神经刺激参数优化
双作用神经接口电极,C29,深部脑刺激调控
引线装置支撑梳结构,C20,脑控轮椅交互系统
脑电反馈刺激环路控制,C24,闭环神经调控系统
皮层电极接触检测,C6,电极阵列植入制造
脑电共振刺激频率识别,C44,脑电频率识别分析
神经调节治疗参数导出,C8,神经刺激监测装置
神经调节闭环控制,C37,神经调节刺激控制
神经刺激参数导出,C8,神经刺激监测装置
神经刺激集成控制电路,C8,神经刺激监测装置
神经信号检测刺激康复,C33,神经信号采集解码
神经刺激电极寻址,C26,神经刺激电极装置
柔性神经刺激电极制造,C26,神经刺激电极装置
可植入电极结构设计,C6,电极阵列植入制造
脑网络模型刺激更新,C14,脑电信号采集处理
闭环刺激脉冲递送,C24,闭环神经调控系统
植入电极引线连接,C31,植入式神经接口系统
立体脑电电极定位,C6,电极阵列植入制造
神经调制参数导出,C8,神经刺激监测装置
神经信号编码模型,C33,神经信号采集解码
神经活动信号传输,C33,神经信号采集解码
神经响应参数确定,C17,神经反馈刺激分析
实时神经刺激干预,C4,神经刺激调控系统
刺激伪迹滤除处理,C4,神经刺激调控系统
植入式神经刺激网络,C8,神经刺激监测装置
植入刺激器定位方法,C35,神经刺激参数优化
非侵入刺激康复训练,C8,神经刺激监测装置
亚阈值电场神经调控,C8,神经刺激监测装置
不应期刺激序列控制,C35,神经刺激参数优化
超声神经调节技术,C37,神经调节刺激控制
三维多位点电极记录,C2,柔性电极采集装置
三维电极脑状态监测,C2,柔性电极采集装置
脑区电刺激神经调节,C29,深部脑刺激调控
响应性脑刺激装置,C4,神经刺激调控系统
脑电成像联合治疗,C34,脑电图像生成与映射
脑电引导刺激定位,C35,神经刺激参数优化
微创电极阵列植入,C9,经颅聚焦刺激装置
脑机接口运动康复,C19,脑机接口交互控制
神经募集估计探针,C8,神经刺激监测装置
无线脑刺激调控,C29,深部脑刺激调控
脑电频率匹配认知增强,C44,脑电频率识别分析
脑电波分解刺激参数生成,C29,深部脑刺激调控
稳定电刺激神经信号分析,C33,神经信号采集解码
植入式交变电场电极装置,C35,神经刺激参数优化
多模态神经接口系统,C13,多模态神经交互评估
闭环神经电刺激治疗,C24,闭环神经调控系统
自膨胀电极血管内采集,C2,柔性电极采集装置
脑网络模式刺激配置,C14,脑电信号采集处理
闭环神经调制控制,C24,闭环神经调控系统
经颅交流动态频率刺激,C9,经颅聚焦刺激装置
三维神经接口电极,C6,电极阵列植入制造
脑机接口连接器,C19,脑机接口交互控制
植入式脑电电极,C6,电极阵列植入制造
弹性脑机接口电极,C41,脑电电极采集装置
经颅交流闭环刺激,C9,经颅聚焦刺激装置
癫痫响应性电刺激,C4,神经刺激调控系统
脑电响应性刺激,C42,脑电听觉调控降噪
脑波夹带技能学习,C28,脑波交互反馈系统
经颅交流物质使用障碍刺激,C9,经颅聚焦刺激装置
深部脑刺激治疗,C29,深部脑刺激调控
神经刺激数据记录,C8,神经刺激监测装置
神经行为预测刺激,C8,神经刺激监测装置
癫痫发作预测预防,C43,癫痫监测预测干预
慢性疼痛神经调控,C29,深部脑刺激调控
颅骨钻孔植入装置,C6,电极阵列植入制造
神经信号外部控制,C33,神经信号采集解码
脑状态模型刺激,C39,脑活动监测与解码
神经接口信号转换,C31,植入式神经接口系统
注射式植入电极,C6,电极阵列植入制造
光刺激电生理检测,C26,神经刺激电极装置
集成化神经探针,C26,神经刺激电极装置
感觉皮层神经刺激,C35,神经刺激参数优化
低频电刺激治疗,C8,神经刺激监测装置
自适应闭环脑深部刺激,C36,自适应神经刺激调控
随机间隔经颅磁刺激,C18,神经刺激同步递送
感觉反馈康复刺激,C4,神经刺激调控系统
去同步神经刺激,C18,神经刺激同步递送
脑深部刺激靶点定位,C29,深部脑刺激调控
脑刺激与脑电记录,C29,深部脑刺激调控
表面电极脑电采集,C41,脑电电极采集装置
自适应电刺激调控,C37,神经调节刺激控制
脑电刺激参数显示,C29,深部脑刺激调控
多通道闭环脑电响应,C37,神经调节刺激控制
脑神经电刺激治疗,C8,神经刺激监测装置
植入式神经接口记录,C31,植入式神经接口系统
脑电刺激管理显示,C29,深部脑刺激调控
植入式神经接口系统,C31,植入式神经接口系统
脑刺激可塑性检测,C29,深部脑刺激调控
感觉刺激脑活性检测,C29,深部脑刺激调控
低频电刺激神经调控,C8,神经刺激监测装置
电磁治疗参数生成,C4,神经刺激调控系统
脑电治疗频率识别,C44,脑电频率识别分析
双阶段经颅电刺激,C9,经颅聚焦刺激装置
硬膜外电刺激运动恢复,C4,神经刺激调控系统
定制经颅交流刺激,C37,神经调节刺激控制
经颅电刺激脑波重构,C9,经颅聚焦刺激装置
脑内电极信号采集,C41,脑电电极采集装置
电刺激信号源定位,C35,神经刺激参数优化
颅脑电极固定装置,C9,经颅聚焦刺激装置
电流幕脑区隔离刺激,C18,神经刺激同步递送
脑状态检测认知刺激,C29,深部脑刺激调控
深部脑刺激参数确定,C29,深部脑刺激调控
神经电刺激调控装置,C26,神经刺激电极装置
皮质视觉假体刺激器,C18,神经刺激同步递送
声电耦合神经调控,C26,神经刺激电极装置
生物电极连接结构,C2,柔性电极采集装置
神经探针电极植入,C31,植入式神经接口系统
颅内电极阵列定位,C9,经颅聚焦刺激装置
神经刺激参数调控,C35,神经刺激参数优化
神经刺激与信号记录,C8,神经刺激监测装置
微加工电极阵列,C6,电极阵列植入制造
可植入电极阵列,C6,电极阵列植入制造
动态电流分配刺激,C4,神经刺激调控系统
电极阵列组装方法,C6,电极阵列植入制造
电极阵列组装,C6,电极阵列植入制造
微通道电极植入,C6,电极阵列植入制造
分布式神经刺激系统,C8,神经刺激监测装置
支撑杆制造,C20,脑控轮椅交互系统
光刺激电极集成,C26,神经刺激电极装置
个体化神经调控,C37,神经调节刺激控制
治疗协议生成,C29,深部脑刺激调控
可植入电极制造,C6,电极阵列植入制造
定向脑深部刺激,C37,神经调节刺激控制
定向刺激电极定位,C37,神经调节刺激控制
无创脑刺激模式,C29,深部脑刺激调控
超声充电神经刺激,C26,神经刺激电极装置
植入式微电极连接,C6,电极阵列植入制造
侵入式电极信号采集,C2,柔性电极采集装置
神经振荡相位识别,C10,神经信息分析诊断
神经可塑性评估算法,C8,神经刺激监测装置
脑机接口记忆增强,C19,脑机接口交互控制
睡眠脑电刺激系统,C11,睡眠脑电调控增强
柔性光纤深部电极,C2,柔性电极采集装置
多传感光电刺激,C26,神经刺激电极装置
闭环电刺激伪影去除,C4,神经刺激调控系统
闭环脑电刺激控制,C24,闭环神经调控系统
神经节律刺激调控,C37,神经调节刺激控制
闭环电刺激调控,C24,闭环神经调控系统
非侵入神经刺激,C8,神经刺激监测装置
电刺激癫痫治疗,C18,神经刺激同步递送
电极层锚定结构制造,C2,柔性电极采集装置
插入器电极阵列连接,C6,电极阵列植入制造
辅助针柔性探针植入,C6,电极阵列植入制造
无线脑机接口配置,C14,脑电信号采集处理
植入体遥测数据传输,C35,神经刺激参数优化
微电极刺激电流控制,C4,神经刺激调控系统
载体双侧电极神经刺激,C26,神经刺激电极装置
神经活动测量刺激系统,C8,神经刺激监测装置
刺激序列神经调控,C37,神经调节刺激控制
慢性植入神经接口,C6,电极阵列植入制造
脑机接口神经刺激,C29,深部脑刺激调控
延迟刺激神经调控,C35,神经刺激参数优化
神经反应分析记录,C17,神经反馈刺激分析
经颈动脉颅内探测,C9,经颅聚焦刺激装置
脑状态模型生成,C39,脑活动监测与解码
血管纳米电极接口,C2,柔性电极采集装置
经颅电刺激优化,C9,经颅聚焦刺激装置
神经信号处理与自适应解码,C33,神经信号采集解码
脑电功率谱记忆评估,C27,认知意识神经评估
半监督睡眠脑电分类,C11,睡眠脑电调控增强
图卷积脑电跨任务学习,C14,脑电信号采集处理
脑疾病分类诊断辅助,C0,脑电情绪识别分析
生成对抗脑电数据增强,C11,睡眠脑电调控增强
可解释脑电解码与增强,C11,睡眠脑电调控增强
主动学习脑电分类,C16,事件相关电位检测
对比学习情绪识别,C0,脑电情绪识别分析
癫痫病灶电刺激治疗,C4,神经刺激调控系统
脑电情绪识别对比学习,C0,脑电情绪识别分析
血管内脑电癫痫干预,C43,癫痫监测预测干预
脑疾病深度学习分类,C0,脑电情绪识别分析
脑疾病深度学习筛查,C0,脑电情绪识别分析
脑电相位同步刺激调控,C37,神经调节刺激控制
迷走神经微脉冲刺激,C18,神经刺激同步递送
迷走神经电刺激同步,C18,神经刺激同步递送
睡眠期小脑电刺激记忆增强,C11,睡眠脑电调控增强
脑波融合神经反馈,C17,神经反馈刺激分析
聚焦超声脑调控接口,C42,脑电听觉调控降噪
聚焦超声脑间接口,C42,脑电听觉调控降噪
多模态情绪反馈系统,C13,多模态神经交互评估
闭环脑电刺激记忆调控,C24,闭环神经调控系统
脑地图AI学习增强,C11,睡眠脑电调控增强
记忆回放神经干预,C11,睡眠脑电调控增强
自适应学习刺激系统,C36,自适应神经刺激调控
智能假肢意图识别,C12,视觉脑电解码评估
睡眠记忆增强干预,C11,睡眠脑电调控增强
幻肢痛实时反馈治疗,C4,神经刺激调控系统
神经形态认知通信,C31,植入式神经接口系统
运动想象脑电分类,C1,脑电特征提取分类
脑电信号对抗增强,C11,睡眠脑电调控增强
脑电信号生成增强,C11,睡眠脑电调控增强
脑电干扰去除分类,C0,脑电情绪识别分析
记忆增强脑信号识别,C25,脑电信号模式识别
脑电机器学习疾病诊断,C34,脑电图像生成与映射
同频刺激脑电改善,C29,深部脑刺激调控
睡眠刺激记忆增强,C11,睡眠脑电调控增强
脑机接口认知康复,C19,脑机接口交互控制
脑电复杂度神经调控,C37,神经调节刺激控制
闭环神经调控学习,C24,闭环神经调控系统
脑电自适应学习调控,C11,睡眠脑电调控增强
脑电波分析学习增强,C44,脑电频率识别分析
慢振荡同步脑刺激,C11,睡眠脑电调控增强
脑刺激装置监测评估,C29,深部脑刺激调控
脑波测量轴状刺激,C28,脑波交互反馈系统
混合深度学习脑电识别,C25,脑电信号模式识别
强化学习脑机接口,C19,脑机接口交互控制
交互式脑电反馈训练,C30,脑电神经反馈康复训练
深度学习脑电意图识别,C33,神经信号采集解码
记忆回放睡眠干预,C11,睡眠脑电调控增强
脑电反馈幻肢痛治疗,C4,神经刺激调控系统
分布式神经响应采集,C8,神经刺激监测装置
神经响应数据采集处理,C17,神经反馈刺激分析
神经数据分析管理系统,C10,神经信息分析诊断
神经共振响应分析,C17,神经反馈刺激分析
实体关系神经评估,C27,认知意识神经评估
干电极脑电采集装置,C41,脑电电极采集装置
位置感知刺激评估,C4,神经刺激调控系统
跨模态神经数据清理,C13,多模态神经交互评估
神经响应频谱分析,C17,神经反馈刺激分析
爪式脑电电极结构,C41,脑电电极采集装置
脑电刺激参数决策,C29,深部脑刺激调控
神经刺激信号生成,C33,神经信号采集解码
脑刺激记忆评估,C29,深部脑刺激调控
脑机接口学习控制,C19,脑机接口交互控制
脑电闭环康复交互,C24,闭环神经调控系统
神经刺激学习增强,C8,神经刺激监测装置
神经反应位置评估,C17,神经反馈刺激分析
多模态神经响应分析,C13,多模态神经交互评估
弹性电极头皮接触采集,C41,脑电电极采集装置
干电极脑电采集,C41,脑电电极采集装置
爪式电极穿透头发,C2,柔性电极采集装置
脑电神经响应广告分析,C17,神经反馈刺激分析
梳式干电极头皮接触,C2,柔性电极采集装置
爪式电极神经刺激,C26,神经刺激电极装置
脑电眼动产品评估,C5,眼动脑电视觉分析
微针电极脑电采集,C6,电极阵列植入制造
神经信号自适应校准,C33,神经信号采集解码
弹性电极倾斜调节,C41,脑电电极采集装置
视觉刺激注意力测量,C7,视觉刺激脑电分析
神经反应刺激相关性分析,C7,视觉刺激脑电分析
脑信号处理接口装置,C19,脑机接口交互控制
神经反馈阈值调节,C17,神经反馈刺激分析
神经判别任务评估,C27,认知意识神经评估
脑电时隙特征提取,C1,脑电特征提取分类
脑电信号实时分类,C0,脑电情绪识别分析
深度学习精神属性识别,C33,神经信号采集解码
脑电数据认知评估,C32,脑电信号评估分析
神经事件图像分类,C10,神经信息分析诊断
图像分类神经网络,C10,神经信息分析诊断
情绪特征评估,C27,认知意识神经评估
视觉刺激神经识别,C8,神经刺激监测装置
多任务脑电解码,C21,多模态脑电融合分析
EEG测量装置,C21,多模态脑电融合分析
头皮脑电采集,C2,柔性电极采集装置
神经反馈同步处理,C17,神经反馈刺激分析
脑状态反馈调节,C39,脑活动监测与解码
视觉注意神经追踪,C7,视觉刺激脑电分析
视觉刺激脑电相关性分析,C7,视觉刺激脑电分析
神经信号视觉注意力跟踪,C7,视觉刺激脑电分析
视觉刺激神经响应同步处理,C8,神经刺激监测装置
脑电信息医学诊断评估,C32,脑电信号评估分析
事件相关电位偏好预测,C16,事件相关电位检测
脑状态可视化神经反馈训练,C17,神经反馈刺激分析
脑状态关联康复程序,C29,深部脑刺激调控
神经响应调制相关性分析,C17,神经反馈刺激分析
导电纳米干电极制备,C2,柔性电极采集装置
脑电信号多级滤波放大,C14,脑电信号采集处理
注视点词语选择,C12,视觉脑电解码评估
稳态视觉诱发电位轮椅控制,C16,事件相关电位检测
SSVEP电动轮椅控制,C20,脑控轮椅交互系统
SSVEP轮椅脑控系统,C20,脑控轮椅交互系统
视觉刺激免提控制,C7,视觉刺激脑电分析
脑电信号免提控制,C28,脑波交互反馈系统
神经刺激脑疾病治疗,C8,神经刺激监测装置
头戴显示文本控制,C20,脑控轮椅交互系统
线性信号处理,C19,脑机接口交互控制
头戴设备尺寸调节,C20,脑控轮椅交互系统
弹性电极固定装置,C41,脑电电极采集装置
脑电眼动决策分析,C5,眼动脑电视觉分析
柔性干电极采集系统,C2,柔性电极采集装置
视觉刺激脑电目标识别,C25,脑电信号模式识别
可调电极电磁屏蔽,C26,神经刺激电极装置
脑状态精神测试,C3,脑电状态检测评估
电极定位电磁屏蔽,C2,柔性电极采集装置
柔性导电橡胶电极,C2,柔性电极采集装置
电极皮肤接触测量,C2,柔性电极采集装置
多模态脑机接口控制,C19,脑机接口交互控制
神经信号内容递送,C33,神经信号采集解码
情绪广告匹配投放,C5,眼动脑电视觉分析
稳态诱发电位检测,C16,事件相关电位检测
脑电数据移动显示,C14,脑电信号采集处理
脑失衡分类评估,C32,脑电信号评估分析
神经反馈训练反馈,C17,神经反馈刺激分析
弹性帽脑电电极,C41,脑电电极采集装置
丝蛋白水凝胶电极,C2,柔性电极采集装置
脑电广告认知评估,C5,眼动脑电视觉分析
脑电广告评估分析,C5,眼动脑电视觉分析
广告三维交互展示,C5,眼动脑电视觉分析
脑电眼动广告推送,C5,眼动脑电视觉分析
脑波控制媒体播放,C28,脑波交互反馈系统
眼动脑电融合定位,C5,眼动脑电视觉分析
脑电运动康复监测,C30,脑电神经反馈康复训练
脑电频率视野检测,C44,脑电频率识别分析
心理健康空间推荐,C15,心理生理反馈调节
脑电地形图插值显示,C34,脑电图像生成与映射
EEG颜色神经反馈,C21,多模态脑电融合分析
EEG颜色反馈刺激,C21,多模态脑电融合分析
EEG颜色语音反馈,C21,多模态脑电融合分析
EEG颜色神经反馈呈现,C21,多模态脑电融合分析
脑电广告评测模型,C5,眼动脑电视觉分析
SSVEP康复训练反馈,C30,脑电神经反馈康复训练
脑电视觉目标选择,C5,眼动脑电视觉分析
认知功能改善脑电分析,C32,脑电信号评估分析
注视脑电头显控制,C12,视觉脑电解码评估
情绪推断高亮生成,C15,心理生理反馈调节
情绪状态高亮图像生成,C15,心理生理反馈调节
脑电眼动融合智能导航,C5,眼动脑电视觉分析
步态康复脑机接口评估,C32,脑电信号评估分析
EEG功率谱麻醉监测,C21,多模态脑电融合分析
视觉刺激脑电意图识别,C25,脑电信号模式识别
脑电频率解码意图形状,C44,脑电频率识别分析
EEG频域实时分析,C21,多模态脑电融合分析
脑电警觉性训练反馈,C30,脑电神经反馈康复训练
脑电眼动鼠标交互控制,C5,眼动脑电视觉分析
脑电认知状态显示调整,C34,脑电图像生成与映射
认知状态数字内容调整,C27,认知意识神经评估
脑电频率模式意图识别,C44,脑电频率识别分析
脑电电极空间定位方法,C41,脑电电极采集装置
脑波广告推送交互,C5,眼动脑电视觉分析
痴呆大数据分析治疗,C15,心理生理反馈调节
P300脑电信息选择,C35,神经刺激参数优化
高分辨率脑电数据访问,C14,脑电信号采集处理
脑电运动联合康复反馈,C30,脑电神经反馈康复训练
脑电运动康复反馈,C30,脑电神经反馈康复训练
眼动脑电位置估计,C5,眼动脑电视觉分析
脉冲电磁场生物反馈,C18,神经刺激同步递送
脑波情绪按摩调节,C39,脑活动监测与解码
生物信号触发控制,C23,生物信号虚拟交互
生物信号预触发控制,C23,生物信号虚拟交互
脑波无线设备控制,C28,脑波交互反馈系统
AR脑机意图映射,C34,脑电图像生成与映射
脑电波购物引导,C28,脑波交互反馈系统
运动生物反馈监测,C30,脑电神经反馈康复训练
神经信号采集处理,C33,神经信号采集解码
脑电酒类评价方法,C32,脑电信号评估分析
智能信号采集推送,C12,视觉脑电解码评估
脑电感官评价算法,C32,脑电信号评估分析
光调制电信号检测,C23,生物信号虚拟交互
光调制电信号检测评估,C23,生物信号虚拟交互
神经响应广告评估,C17,神经反馈刺激分析
神经数据管理分析,C10,神经信息分析诊断
神经响应刺激评估,C8,神经刺激监测装置
受控注意神经分析,C10,神经信息分析诊断
刺激响应数据同步分析,C8,神经刺激监测装置
认知功能评估数据封装,C27,认知意识神经评估
视觉刺激脑机接口,C29,深部脑刺激调控
脑电环境数据解码,C14,脑电信号采集处理
眼动脑电市场分析,C5,眼动脑电视觉分析
神经信号感官配对,C33,神经信号采集解码
视觉刺激事件电位检测,C16,事件相关电位检测
神经生理信号特征分解,C33,神经信号采集解码
脑波图像评估分析,C32,脑电信号评估分析
脑功能成像商标判定,C34,脑电图像生成与映射
脑活动模式检索匹配,C39,脑活动监测与解码
脑电信号外部设备控制,C28,脑波交互反馈系统
神经心理流模式识别,C10,神经信息分析诊断
心理生理刺激深度学习,C15,心理生理反馈调节
脑波同步认知训练,C28,脑波交互反馈系统
视觉记忆脑电检测,C3,脑电状态检测评估
认知特征深度评估,C27,认知意识神经评估
脑电模型可视化交互,C22,脑机虚拟交互控制
神经信号设备控制,C33,神经信号采集解码
视觉注意力神经跟踪,C7,视觉刺激脑电分析
脑电信号身份识别,C25,脑电信号模式识别
神经信号图像检测,C10,神经信息分析诊断
神经反馈脑活动调节,C17,神经反馈刺激分析
神经信号特征处理,C33,神经信号采集解码
深度递归神经解码,C33,神经信号采集解码
脑神经刺激同步调节,C8,神经刺激监测装置
脑电信号游戏交互,C22,脑机虚拟交互控制
脑电认证神经网络,C14,脑电信号采集处理
P300脑电康复训练,C30,脑电神经反馈康复训练
脑电频带图像分析,C0,脑电情绪识别分析
动态加权脑电特征融合,C34,脑电图像生成与映射
脑电时空判别分类,C0,脑电情绪识别分析
脑电时空加权分类,C0,脑电情绪识别分析
脑电降维判别分析,C0,脑电情绪识别分析
脑电图像痴呆诊断,C34,脑电图像生成与映射
脑电运动方向预测,C1,脑电特征提取分类
脑电信号图像生成,C34,脑电图像生成与映射
脑电控制视频播放,C28,脑波交互反馈系统
脑电频域特征提取,C1,脑电特征提取分类
视觉诱发电位识别,C16,事件相关电位检测
耳脑电特征提取,C1,脑电特征提取分类
脑电图像相似判断,C34,脑电图像生成与映射
脑电电极定位引导,C41,脑电电极采集装置
脑电虚拟现实治疗,C40,脑电虚拟现实交互
脑电运动图像分类,C1,脑电特征提取分类
脑电情绪识别解锁,C0,脑电情绪识别分析
神经信号变化设备控制,C33,神经信号采集解码
脑部刺激与人工智能,C29,深部脑刺激调控
脑波模式分类报警,C39,脑活动监测与解码
意识障碍脑功能评估,C27,认知意识神经评估
家庭神经监测装置,C10,神经信息分析诊断
面部表情脑电识别,C25,脑电信号模式识别
注意力脑电反馈训练,C11,睡眠脑电调控增强
脑电相似性维度压缩,C34,脑电图像生成与映射
EEG图像特征映射,C34,脑电图像生成与映射
医学图像眼动脑电分析,C5,眼动脑电视觉分析
鲁棒CSP脑电特征提取,C1,脑电特征提取分类
脑电视频伪差分析,C0,脑电情绪识别分析
小波神经网络脑电分析,C0,脑电情绪识别分析
新生儿脑电多模型预测,C3,脑电状态检测评估
事件相关电位文本输入,C16,事件相关电位检测
脑电神经反馈训练系统,C30,脑电神经反馈康复训练
驾驶员视觉注意力预测,C7,视觉刺激脑电分析
视觉刺激EEG分类,C7,视觉刺激脑电分析
脑电情感识别,C0,脑电情绪识别分析
多语义脑电图像重建,C34,脑电图像生成与映射
脑电信号对抗分类,C0,脑电情绪识别分析
脑电相关系数图像分类,C34,脑电图像生成与映射
听觉显示盲导装置,C42,脑电听觉调控降噪
脑电中文语言解码,C14,脑电信号采集处理
脑电图图像生成,C34,脑电图像生成与映射
脑电步态康复刺激,C29,深部脑刺激调控
脑电图像生成控制,C34,脑电图像生成与映射
脑电听觉显示引导,C42,脑电听觉调控降噪
运动想象脑电输入,C1,脑电特征提取分类
脑电文本输入系统,C14,脑电信号采集处理
耳脑电语音成像,C34,脑电图像生成与映射
运动图像分类算法,C1,脑电特征提取分类
癫痫发作检测系统,C43,癫痫监测预测干预
脑电情感识别方法,C0,脑电情绪识别分析
脑电浓度反馈康复,C30,脑电神经反馈康复训练
脑电图像康复分类,C0,脑电情绪识别分析
SSVEP非接触操作,C12,视觉脑电解码评估
SSVEP空中图像操作,C12,视觉脑电解码评估
RSVP目标检测脑电,C5,眼动脑电视觉分析
脑电癫痫识别网络,C14,脑电信号采集处理
视频觉醒度分类算法,C12,视觉脑电解码评估
脑电三维成像方法,C34,脑电图像生成与映射
迁移学习视频质量评估,C12,视觉脑电解码评估
fMRI视频神经解码,C12,视觉脑电解码评估
脑电图像生成处理,C34,脑电图像生成与映射
癫痫事件检测预警,C43,癫痫监测预测干预
脑电视频同步监控,C0,脑电情绪识别分析
视觉编码模型构建,C33,神经信号采集解码
fMRI图像文本生成,C12,视觉脑电解码评估
广告神经响应分析,C17,神经反馈刺激分析
广告共振测量识别,C12,视觉脑电解码评估
广告时隙匹配评估,C5,眼动脑电视觉分析
视觉刺激目标检测,C7,视觉刺激脑电分析
脑波融合处方系统,C39,脑活动监测与解码
神经刺激反馈监测,C17,神经反馈刺激分析
刺激反应统计评估,C7,视觉刺激脑电分析
脑电控制设备,C28,脑波交互反馈系统
脑电信号采集处理,C14,脑电信号采集处理
多模态刺激神经评估,C13,多模态神经交互评估
干电极脑电测量,C41,脑电电极采集装置
可调电极配置装置,C26,神经刺激电极装置
前认知情绪评估,C27,认知意识神经评估
脑模型实时交互,C22,脑机虚拟交互控制
电极阵列连接结构,C2,柔性电极采集装置
多指标神经功能分析,C10,神经信息分析诊断
癫痫检测视频EEG系统,C43,癫痫监测预测干预
癫痫发作视频EEG监测,C43,癫痫监测预测干预
密集EEG数据可视化处理,C21,多模态脑电融合分析
fMRI视觉图像重构模型,C12,视觉脑电解码评估
fMRI视觉重构模型构建,C12,视觉脑电解码评估
fMRI环境眼动视场控制,C12,视觉脑电解码评估
立体视觉EEG训练方法,C21,多模态脑电融合分析
癫痫事件检测记录系统,C43,癫痫监测预测干预
视听刺激事件相关电位,C16,事件相关电位检测
视觉编码体素预测模型,C33,神经信号采集解码
脑电数据标记评估,C32,脑电信号评估分析
神经生理事件识别,C33,神经信号采集解码
差分事件相关电位,C16,事件相关电位检测
视觉刺激脑电检测,C7,视觉刺激脑电分析
群体脑电数据分析,C0,脑电情绪识别分析
脑电信号分类训练,C0,脑电情绪识别分析
同步感觉刺激脑电,C29,深部脑刺激调控
负面启动注意力检测,C7,视觉刺激脑电分析
神经信号特征推断,C33,神经信号采集解码
弹性电极脑电测量,C41,脑电电极采集装置
刺激响应脑波检测,C4,神经刺激调控系统
视觉刺激脑电注意力跟踪,C7,视觉刺激脑电分析
可调伸缩电极脑电监测,C41,脑电电极采集装置
神经事件图像分类网络,C10,神经信息分析诊断
自适应神经信号校准,C33,神经信号采集解码
脑电模型可视化集成,C22,脑机虚拟交互控制
认知功能电活动评估,C32,脑电信号评估分析
干电极固定与信号传输,C2,柔性电极采集装置
模块化干电极脑电采集,C6,电极阵列植入制造
可伸缩干电极双通道采集,C41,脑电电极采集装置
自适应干电极阵列结构,C6,电极阵列植入制造
旋转固定干电极传感器,C2,柔性电极采集装置
注意力感觉刺激分析,C11,睡眠脑电调控增强
旋转弹性干电极接触装置,C2,柔性电极采集装置
导电织物弹性电极贴附,C2,柔性电极采集装置
伸缩式干电极舒适采集,C33,神经信号采集解码
多模态神经响应评估,C13,多模态神经交互评估
神经响应数据分析,C17,神经反馈刺激分析
多模态生理信号监测,C13,多模态神经交互评估
神经响应成分分析,C17,神经反馈刺激分析
神经响应刺激靶向,C8,神经刺激监测装置
毛发梳理电极接触,C6,电极阵列植入制造
头皮接触毛发处理,C2,柔性电极采集装置
VR生物信号交互,C23,生物信号虚拟交互
视觉刺激注意力检测,C7,视觉刺激脑电分析
脑活动增强现实交互,C22,脑机虚拟交互控制
干电极脑电采集优化,C41,脑电电极采集装置
高精度EEG采集系统,C14,脑电信号采集处理
SSVEP视觉疲劳检测,C12,视觉脑电解码评估
小动物脑电电极装置,C41,脑电电极采集装置
非侵入脑电信号处理,C25,脑电信号模式识别
便携干电极脑电采集,C41,脑电电极采集装置
脑机交互沉浸式系统,C22,脑机虚拟交互控制
便携脑电交互系统,C14,脑电信号采集处理
虚拟现实神经响应评估,C40,脑电虚拟现实交互
脑控虚拟对象交互,C22,脑机虚拟交互控制
脑机接口虚拟对象操控,C19,脑机接口交互控制
脑机接口VR内容调节,C19,脑机接口交互控制
生理数据多感官调节,C15,心理生理反馈调节
脑电VR康复训练系统,C30,脑电神经反馈康复训练
生理数据感觉调节,C15,心理生理反馈调节
脑机接口虚拟对象定制,C19,脑机接口交互控制
脑电信号模拟环境操纵,C28,脑波交互反馈系统
脑电电极接触装置,C2,柔性电极采集装置
视觉刺激神经响应分析,C8,神经刺激监测装置
视觉刺激神经事件识别,C16,事件相关电位检测
脑控虚拟对象识别,C22,脑机虚拟交互控制
脑电波虚拟场景调整,C28,脑波交互反馈系统
脑信号多设备映射,C14,脑电信号采集处理
柔性电极保护装置,C2,柔性电极采集装置
脑电信号分类算法,C0,脑电情绪识别分析
干电极法拉第笼结构,C2,柔性电极采集装置
柔性导电涂层电极,C2,柔性电极采集装置
头皮适配脑电电极,C2,柔性电极采集装置
脑电电极结构设计,C41,脑电电极采集装置
脑机接口虚拟交互,C19,脑机接口交互控制
脑电虚拟现实评估,C40,脑电虚拟现实交互
脑机接口感官刺激,C29,深部脑刺激调控
柔性脑电电极,C2,柔性电极采集装置
神经信号控制设备,C33,神经信号采集解码
多模态生理刺激评估,C13,多模态神经交互评估
神经判别视觉注意评估,C7,视觉刺激脑电分析
图像分类神经网络训练,C10,神经信息分析诊断
神经信号电子设备控制,C33,神经信号采集解码
脑活动虚拟对象交互,C22,脑机虚拟交互控制
脑电情感评估系统,C32,脑电信号评估分析
VR癫痫风险预测,C43,癫痫监测预测干预
脑活动游戏属性调整,C39,脑活动监测与解码
中枢神经状态监测,C12,视觉脑电解码评估
脑电波艺术内容控制,C28,脑波交互反馈系统
EEG信号检测,C21,多模态脑电融合分析
生理反馈场景调节,C15,心理生理反馈调节
视觉音频场景监测,C12,视觉脑电解码评估
生理数据场景调节,C15,心理生理反馈调节
EEG信号处理致动,C21,多模态脑电融合分析
脑电眼动营销评估,C5,眼动脑电视觉分析
脑电刺激响应评估,C42,脑电听觉调控降噪
脑电环境认证解码,C14,脑电信号采集处理
脑电反应模型评估,C3,脑电状态检测评估
脑活动模式匹配检索,C39,脑活动监测与解码
脑活动产品定制系统,C39,脑活动监测与解码
脑活动产品配方定制,C39,脑活动监测与解码
脑机接口虚拟对象控制,C19,脑机接口交互控制
脑电游戏属性调整,C28,脑波交互反馈系统
视觉注意力神经追踪,C7,视觉刺激脑电分析
脑电采集电极装置,C41,脑电电极采集装置
游戏化脑电波诱导,C28,脑波交互反馈系统
游戏化脑波评估诱导,C28,脑波交互反馈系统
脑电神经反应数据处理,C0,脑电情绪识别分析
视觉功能联合评估,C27,认知意识神经评估
意识状态脑机接口,C19,脑机接口交互控制
多模态认知障碍识别,C13,多模态神经交互评估
嗅觉味觉脑机康复,C29,深部脑刺激调控
视觉刺激刷新率评估,C7,视觉刺激脑电分析
视野缺损视觉评估,C12,视觉脑电解码评估
无线视野缺损监测,C12,视觉脑电解码评估
生理信号自适应滤波,C36,自适应神经刺激调控
气味情绪脑电评估,C32,脑电信号评估分析
情感识别模型训练,C13,多模态神经交互评估
服装集成脑活动测量,C12,视觉脑电解码评估
增强现实脑控交互,C19,脑机接口交互控制
神经信号关联校准,C33,神经信号采集解码
脑电位置数据分析,C14,脑电信号采集处理
认知功能刺激评估,C27,认知意识神经评估
个性化神经反馈系统,C30,脑电神经反馈康复训练
脑电波模式分析,C0,脑电情绪识别分析
虚拟现实情感交互,C40,脑电虚拟现实交互
脑电接口刺激检测,C29,深部脑刺激调控
生物信号虚拟反馈,C23,生物信号虚拟交互
神经反馈虚拟映射,C17,神经反馈刺激分析
脑活动神经反馈,C17,神经反馈刺激分析
fMRI神经反馈冥想,C17,神经反馈刺激分析
脑状态神经模拟,C39,脑活动监测与解码
脑电情绪图像生成,C34,脑电图像生成与映射
视觉功能脑电测量,C27,认知意识神经评估
生理信号情绪监测,C23,生物信号虚拟交互
脑机接口VR交互,C19,脑机接口交互控制
脑电情绪识别交互,C0,脑电情绪识别分析
神经信号产品定制,C33,神经信号采集解码
脑电控制界面显示,C14,脑电信号采集处理
神经反馈刺激系统,C17,神经反馈刺激分析
脑电认知功能评估,C32,脑电信号评估分析
神经信息诊断工具,C10,神经信息分析诊断
脑电信号智能分类,C25,脑电信号模式识别
神经信号特征分解,C33,神经信号采集解码
迷走神经信号增强,C37,神经调节刺激控制
脑电感官客观评价,C32,脑电信号评估分析
脑机接口环境控制,C19,脑机接口交互控制
双任务脑波评估,C32,脑电信号评估分析
情绪识别虚拟现实,C40,脑电虚拟现实交互
脑电超声全息输出,C42,脑电听觉调控降噪
思维虚拟对象操控,C22,脑机虚拟交互控制
增强现实脑机接口,C19,脑机接口交互控制
味觉脑电评估方法,C32,脑电信号评估分析
脑电功能磁同步采集,C14,脑电信号采集处理
脑信号估计意图识别,C25,脑电信号模式识别
生理信号监测装置,C23,生物信号虚拟交互
注意缺陷脑电评估,C32,脑电信号评估分析
经颅磁刺激康复方案,C9,经颅聚焦刺激装置
广告脑电评估方法,C5,眼动脑电视觉分析
脑电信号抑郁评估,C32,脑电信号评估分析
生物信号虚拟现实反馈,C23,生物信号虚拟交互
机器学习治疗响应预测,C33,神经信号采集解码
生物电心理唤醒调节,C37,神经调节刺激控制
视觉诱发电位同步采样,C16,事件相关电位检测
SSVEP意识状态评估,C12,视觉脑电解码评估
游戏化脑波诱导,C28,脑波交互反馈系统
头戴式生物信号测量,C23,生物信号虚拟交互
脑信号学习意图识别,C25,脑电信号模式识别
游戏化脑电波夹带,C28,脑波交互反馈系统
游戏化脑电波增强,C28,脑波交互反馈系统
视觉刺激脑电评估,C7,视觉刺激脑电分析
脑电范式情感评估,C40,脑电虚拟现实交互
脑电肌电信号分离,C14,脑电信号采集处理
脑活动模型验证,C39,脑活动监测与解码
脑电投影内容评估,C32,脑电信号评估分析
脑电眼动广告评估,C5,眼动脑电视觉分析
联邦脑电分类模型,C0,脑电情绪识别分析
EEG注意缺陷评估,C21,多模态脑电融合分析
脑电视觉刺激评估,C7,视觉刺激脑电分析
脑电心理健康评估,C3,脑电状态检测评估
额叶伽马波测谎,C12,视觉脑电解码评估
脑电生物反馈训练,C30,脑电神经反馈康复训练
便携脑电系统校准,C14,脑电信号采集处理
事件相关电位置信度,C16,事件相关电位检测
脑电疲劳监测评估,C32,脑电信号评估分析
脑电眼动注意力评估,C5,眼动脑电视觉分析
静息任务态AD评估,C12,视觉脑电解码评估
视觉定位意识评估,C27,认知意识神经评估
脑电心理活动检测,C3,脑电状态检测评估
前额伽马波诚实检测,C12,视觉脑电解码评估
失神脑电阶段评估,C26,神经刺激电极装置
跨模态神经响应分析,C13,多模态神经交互评估
神经响应刺激效果分析,C7,视觉刺激脑电分析
神经信息学数据管理,C10,神经信息分析诊断
跨模态神经响应增强,C13,多模态神经交互评估
消费者神经响应评估,C32,脑电信号评估分析
脑电电极稳定装置,C41,脑电电极采集装置
干电极接触稳定装置,C2,柔性电极采集装置
神经信号数据分类重组,C33,神经信号采集解码
脑电心理生理评估,C3,脑电状态检测评估
脑电激活指数评估,C32,脑电信号评估分析
磁刺激脑电评估,C4,神经刺激调控系统
脑电注意力调控,C11,睡眠脑电调控增强
脑波认知功能评估,C32,脑电信号评估分析
事件相关电位认知评估,C16,事件相关电位检测
跨被试脑电域适应,C14,脑电信号采集处理
脑电情绪状态评估,C32,脑电信号评估分析
视觉刺激脑信号相关性,C7,视觉刺激脑电分析
脑电注意力评估反馈,C11,睡眠脑电调控增强
无线脑电测量头戴装置,C33,神经信号采集解码
弹性头戴电极定位装置,C41,脑电电极采集装置
脑认知功能检测评估,C32,脑电信号评估分析
柔性脑电电极头戴装置,C2,柔性电极采集装置
脑电分类神经接口系统,C0,脑电情绪识别分析
脑电控制系统数据处理,C14,脑电信号采集处理
脑功能网络诊断分析,C32,脑电信号评估分析
脑电图记录电极装置,C41,脑电电极采集装置
头戴式生物信号电极,C23,生物信号虚拟交互
意识障碍脑电反应评估,C27,认知意识神经评估
头套式脑电测量装置,C2,柔性电极采集装置
多通道脑电采集头套,C2,柔性电极采集装置
脑电信号共模抑制电路,C28,脑波交互反馈系统
脑电电极接触质量检测,C2,柔性电极采集装置
睡眠阶段脑电监测,C11,睡眠脑电调控增强
脑电采集电极干扰抑制,C41,脑电电极采集装置
脑电特征提取分析,C1,脑电特征提取分类
电磁治疗参数识别,C4,神经刺激调控系统
远程脑电传输分析,C14,脑电信号采集处理
多模态脑活动监测,C39,脑活动监测与解码
认知功能评估方法,C32,脑电信号评估分析
脑电认知效应评估,C3,脑电状态检测评估
视觉刺激偏好预测,C7,视觉刺激脑电分析
视觉诱发情绪评估,C27,认知意识神经评估
多模态神经诊断,C13,多模态神经交互评估
多模态脑疾病检测,C13,多模态神经交互评估
脑电神经反馈训练,C30,脑电神经反馈康复训练
脑电神经反馈游戏,C30,脑电神经反馈康复训练
脑电广告时段选择,C5,眼动脑电视觉分析
脑机接口系统开发,C19,脑机接口交互控制
脑电血氧融合识别,C0,脑电情绪识别分析
脑电生成人脸图像,C34,脑电图像生成与映射
脑电血氧融合分类,C0,脑电情绪识别分析
脑电多特征分析通信,C0,脑电情绪识别分析
便携式神经反馈训练,C14,脑电信号采集处理
视觉诱发电位分类分析,C16,事件相关电位检测
贝叶斯认知状态评估,C27,认知意识神经评估
定量脑电教育评估,C32,脑电信号评估分析
脑电匹配治疗响应,C42,脑电听觉调控降噪
视觉刺激脑电测量,C7,视觉刺激脑电分析
脑活动视觉对象识别,C30,脑电神经反馈康复训练
神经调节治疗匹配,C37,神经调节刺激控制
神经刺激临床方案匹配,C37,神经调节刺激控制
脑电情感识别算法,C0,脑电情绪识别分析
脑电相位幅度耦合分析,C0,脑电情绪识别分析
脑电注意力指数检测,C11,睡眠脑电调控增强
脑电集中指数测量,C3,脑电状态检测评估
脑电时频嵌入生成,C1,脑电特征提取分类
梦境fMRI图像重现,C12,视觉脑电解码评估
脑电视觉分类模型,C0,脑电情绪识别分析
脑电康复评估系统,C32,脑电信号评估分析
双模态脑功能检测,C32,脑电信号评估分析
植入式脑电耦合监测,C43,癫痫监测预测干预
EEG-fNIRS融合特征提取,C21,多模态脑电融合分析
脑电图像同步监测传输,C14,脑电信号采集处理
脑电图像同步显示监测,C14,脑电信号采集处理
事件相关电位测量分析,C16,事件相关电位检测
多模态抑郁识别网络,C13,多模态神经交互评估
脑电波控制灯光信号,C28,脑波交互反馈系统
LSTM脑电解码算法,C14,脑电信号采集处理
小波变换脑网络分析,C0,脑电情绪识别分析
多模态脑力负荷分类,C13,多模态神经交互评估
脑电AR镜子交互,C22,脑机虚拟交互控制
相位振幅耦合测量,C5,眼动脑电视觉分析
脑电神经网络分析,C14,脑电信号采集处理
导电凝胶电极采集,C2,柔性电极采集装置
凝胶电极脑电采集,C41,脑电电极采集装置
孪生网络脑电嵌入,C14,脑电信号采集处理
脑电图像特征映射,C34,脑电图像生成与映射
脑网络抑郁症诊断,C14,脑电信号采集处理
本体感觉运动恢复,C37,神经调节刺激控制
静息态脑网络建模,C12,视觉脑电解码评估
脑功能磁共振网络分析,C34,脑电图像生成与映射
脑网络分类器融合方法,C14,脑电信号采集处理
多模态P300目标识别,C13,多模态神经交互评估
脑网络激活序列识别,C14,脑电信号采集处理
皮层脑网络异常检测,C43,癫痫监测预测干预
脑网络专注力量化评估,C14,脑电信号采集处理
脑功能网络演化评估,C32,脑电信号评估分析
TMS疗效预测模型,C3,脑电状态检测评估
脑电运动意图识别,C1,脑电特征提取分类
脑电图像重建网络,C34,脑电图像生成与映射
脑电图像标注优化,C34,脑电图像生成与映射
多模态情绪响应评估,C13,多模态神经交互评估
脑电用户体验评估,C32,脑电信号评估分析
神经刺激响应分析,C8,神经刺激监测装置
EEG伪影识别神经网络,C21,多模态脑电融合分析
默认态脑网络中心检测,C3,脑电状态检测评估
EEG-fMRI融合手术规划,C21,多模态脑电融合分析
DOC意识水平神经网络评估,C27,认知意识神经评估
深度学习运动意图解码,C33,神经信号采集解码
运动EEG源定位解码,C21,多模态脑电融合分析
运动想象脑网络特征提取,C1,脑电特征提取分类
麻醉意识模糊逻辑评估,C27,认知意识神经评估
飞行员注意力双域监测,C7,视觉刺激脑电分析
双域脑电注意力监测,C32,脑电信号评估分析
脑电疲劳检测网络,C32,脑电信号评估分析
多视角脑电特征融合,C34,脑电图像生成与映射
睡眠脑电自动分期,C11,睡眠脑电调控增强
脑电波远程控制玩具,C28,脑波交互反馈系统
新生儿癫痫脑电检测,C3,脑电状态检测评估
脑网络活动估计模型,C14,脑电信号采集处理
多模态情感识别系统,C13,多模态神经交互评估
脑活动解码模型,C39,脑活动监测与解码
神经信号分类记录,C33,神经信号采集解码
多模态情绪识别,C13,多模态神经交互评估
神经数据对应性检测,C10,神经信息分析诊断
多模态情感识别,C13,多模态神经交互评估
情绪诱发识别系统,C40,脑电虚拟现实交互
头皮接触电极装置,C2,柔性电极采集装置
心理行为属性识别,C10,神经信息分析诊断
精神状态监测解码,C3,脑电状态检测评估
神经信号特征分析,C33,神经信号采集解码
接触电极倾斜调节装置,C2,柔性电极采集装置
多模态脑健康评估,C13,多模态神经交互评估
多模态脑健康识别,C13,多模态神经交互评估
多模态生理脑评估,C13,多模态神经交互评估
脑电数据三维可视化,C22,脑机虚拟交互控制
脑电环境融合解码,C14,脑电信号采集处理
脑电环境机器学习解码,C14,脑电信号采集处理
脑电环境认证推断,C14,脑电信号采集处理
多模态情绪识别融合,C13,多模态神经交互评估
多模态卷积情绪识别,C13,多模态神经交互评估
fMRI刺激评估分析,C7,视觉刺激脑电分析
神经响应测量定位,C17,神经反馈刺激分析
视口预测脑机交互,C19,脑机接口交互控制
多模态情绪分类模型,C13,多模态神经交互评估
多模态脑功能诊断,C13,多模态神经交互评估
刺激响应情感认知测量,C8,神经刺激监测装置
多模态面部神经分析,C13,多模态神经交互评估
多模态情绪识别算法,C13,多模态神经交互评估
脑电视频情感分类融合,C0,脑电情绪识别分析
可调干电极脑电帽,C41,脑电电极采集装置
实时多模态情绪识别,C0,脑电情绪识别分析
神经响应刺激映射系统,C8,神经刺激监测装置
多模态情绪检测分类,C13,多模态神经交互评估
自适应脑波识别模型,C28,脑波交互反馈系统
跨模态情绪障碍检测,C13,多模态神经交互评估
脑电刺激源情感分类,C44,脑电频率识别分析
刺激响应感觉能力评估,C8,神经刺激监测装置
心理生理信号处理,C15,心理生理反馈调节
情绪脑电深度学习分类,C0,脑电情绪识别分析
多模态神经信号融合,C13,多模态神经交互评估
多模态脑活动解码,C39,脑活动监测与解码
脑电性别情绪分析,C0,脑电情绪识别分析
脑电熵特征情感识别,C0,脑电情绪识别分析
多模态刺激调控优化,C13,多模态神经交互评估
多模式神经反馈训练,C30,脑电神经反馈康复训练
视觉刺激脑机图像识别,C25,脑电信号模式识别
生理参数运动跟踪,C15,心理生理反馈调节
多模态情感数据构建,C13,多模态神经交互评估
多流生物信号评估,C23,生物信号虚拟交互
社交认知状态分析,C27,认知意识神经评估
脑活动相似性可视化,C39,脑活动监测与解码
刺激反馈实时调节,C4,神经刺激调控系统
脑体信号协同解码,C25,脑电信号模式识别
多模态神经反馈调控,C13,多模态神经交互评估
动态夹带神经反馈,C17,神经反馈刺激分析
多模态警觉度监测,C13,多模态神经交互评估
情绪刺激脑电读取,C0,脑电情绪识别分析
脑电注视目标预测,C5,眼动脑电视觉分析
脑数据神经评估,C32,脑电信号评估分析
情绪脑电视频推荐,C0,脑电情绪识别分析
神经调节信号分析,C37,神经调节刺激控制
脑响应系统辨识,C42,脑电听觉调控降噪
神经调节匹配治疗,C37,神经调节刺激控制
音乐神经反馈调压,C17,神经反馈刺激分析
脑电认知负载评估,C3,脑电状态检测评估
多模精准神经刺激,C13,多模态神经交互评估
反应性输出刺激分析,C7,视觉刺激脑电分析
脑电瞳孔融合分类,C0,脑电情绪识别分析
脑电媒体内容调节,C28,脑波交互反馈系统
事件相关电位认知检测,C16,事件相关电位检测
神经反馈效应预测,C17,神经反馈刺激分析
脑电心率情绪分析,C0,脑电情绪识别分析
fMRI刺激神经反应,C7,视觉刺激脑电分析
视觉刺激神经反应区分,C8,神经刺激监测装置
情绪脑电深度学习识别,C0,脑电情绪识别分析
多模态生物信号脑评估,C13,多模态神经交互评估
脑电脉冲编码情绪识别,C14,脑电信号采集处理
视觉刺激脑解码评估,C27,认知意识神经评估
动物脑电闭环调控,C29,深部脑刺激调控
脑电通道特征情绪分类,C0,脑电情绪识别分析
心理行为多模型识别,C10,神经信息分析诊断
情感语义融合情绪调节,C12,视觉脑电解码评估
谐波分析神经反馈,C17,神经反馈刺激分析
动态调制神经反馈增强,C17,神经反馈刺激分析
脑波特征刺激分析,C28,脑波交互反馈系统
感官刺激脑电评估,C29,深部脑刺激调控
多成分刺激神经监测,C13,多模态神经交互评估
动机刺激脑电检测,C29,深部脑刺激调控
脑机接口神经反馈,C19,脑机接口交互控制
脑电认知活动检测,C3,脑电状态检测评估
脑电电极传输装置,C2,柔性电极采集装置
视觉刺激脑电识别,C7,视觉刺激脑电分析
脑电控制显示设备,C14,脑电信号采集处理
多模态情绪分析算法,C13,多模态神经交互评估
神经刺激相位调制,C37,神经调节刺激控制
脑机协同闭环调控,C24,闭环神经调控系统
脑电多任务学习网络,C14,脑电信号采集处理
多模态共情响应生成,C13,多模态神经交互评估
脑电情绪识别分析,C0,脑电情绪识别分析
脑电波查询交互界面,C14,脑电信号采集处理
脑电电极定位装置,C41,脑电电极采集装置
EEG电极定位安置,C2,柔性电极采集装置
脑电电极头戴定位,C41,脑电电极采集装置
脑电信号记录电极,C41,脑电电极采集装置
广告注意力EEG评估,C21,多模态脑电融合分析
脑电节律频率识别,C44,脑电频率识别分析
运动图像EEG分类,C1,脑电特征提取分类
多色光SSVEP诱导,C12,视觉脑电解码评估
实时脑电信号采集,C41,脑电电极采集装置
脑电远程诊断系统,C14,脑电信号采集处理
视频质量EEG评估,C12,视觉脑电解码评估
脑电图像特征提取,C1,脑电特征提取分类
脑节律熵分析,C0,脑电情绪识别分析
GAN脑电思维导图识别,C25,脑电信号模式识别
视听刺激心理调节,C15,心理生理反馈调节
脑电活动评估诊断,C32,脑电信号评估分析
扩散模型脑电图像生成,C34,脑电图像生成与映射
脑电图像特征对齐映射,C34,脑电图像生成与映射
脑电对比学习指令分类,C0,脑电情绪识别分析
脑电三维动态成像,C34,脑电图像生成与映射
脑电动态皮质成像,C34,脑电图像生成与映射
脑电神经反馈治疗,C30,脑电神经反馈康复训练
运动同步脑电采集,C14,脑电信号采集处理
混合脑机接口信号,C19,脑机接口交互控制
运动识别脑电去噪,C42,脑电听觉调控降噪
多模态脑信号解码,C39,脑活动监测与解码
视觉注意力脑电测量,C7,视觉刺激脑电分析
跨模态EEG解码框架,C21,多模态脑电融合分析
眼动光标控制装置,C5,眼动脑电视觉分析
脑电数据移动访问,C14,脑电信号采集处理
多模态测谎分析系统,C13,多模态神经交互评估
癫痫发作预测算法,C43,癫痫监测预测干预
小电极组EEG成像,C2,柔性电极采集装置
脑功能信号处理评估,C32,脑电信号评估分析
多模态EEG识别系统,C21,多模态脑电融合分析
头皮电极定位标记装置,C2,柔性电极采集装置
脑电源估计反问题算法,C3,脑电状态检测评估
视觉刺激同步医疗系统,C18,神经刺激同步递送
立体视频字幕舒适度评价,C12,视觉脑电解码评估
驾驶疲劳EEG检测系统,C12,视觉脑电解码评估
脑电α节律刺激系统,C3,脑电状态检测评估
脑电注意力通信系统,C11,睡眠脑电调控增强
动态皮层电成像定位,C34,脑电图像生成与映射
脑岛皮层脑电建模,C34,脑电图像生成与映射
MRI兼容EEG记录,C21,多模态脑电融合分析
驾驶脑电视觉关联分析,C7,视觉刺激脑电分析
脑电电极分辨率增强,C41,脑电电极采集装置
皮层电活动三维成像,C34,脑电图像生成与映射
脑电特征点PSO识别,C1,脑电特征提取分类
多模态脑电视觉协同,C13,多模态神经交互评估
脑电数据整合处理,C14,脑电信号采集处理
脑机接口通信系统,C19,脑机接口交互控制
脑电视觉类别重建,C5,眼动脑电视觉分析
脑电视觉重建方法,C5,眼动脑电视觉分析
脑电三维定位成像,C34,脑电图像生成与映射
脑电交互数据处理,C14,脑电信号采集处理
头戴设备眨眼控制,C20,脑控轮椅交互系统
MRI兼容脑电帽,C34,脑电图像生成与映射
脑电任务调度与ERP识别,C38,事件相关电位分析
脑电眼动交互数据处理,C14,脑电信号采集处理
眼动脑电轮椅控制,C20,脑控轮椅交互系统
EEG-fMRI时空融合成像,C21,多模态脑电融合分析
脑电异常自动检测,C3,脑电状态检测评估
同步EEG-fMRI去伪迹,C21,多模态脑电融合分析
脑电波诱导内容推荐,C28,脑波交互反馈系统
MRI兼容脑电电极,C34,脑电图像生成与映射
脑电模式分类与去噪,C0,脑电情绪识别分析
脑电警觉性量化分类,C30,脑电神经反馈康复训练
EEG多级分类去噪,C21,多模态脑电融合分析
运动滤波多模态融合识别,C13,多模态神经交互评估
多模态时空注意力融合模型,C13,多模态神经交互评估
事件相关电位助听调整,C16,事件相关电位检测
事件相关电位听力评估,C16,事件相关电位检测
受控注意力神经反应分析,C10,神经信息分析诊断
刺激材料注意力分析,C7,视觉刺激脑电分析
脑电刺激频率参数确定,C29,深部脑刺激调控
柔性干电极脑电采集,C2,柔性电极采集装置
脑电波情绪投入度分析,C32,脑电信号评估分析
任务判别反馈评估,C27,认知意识神经评估
弹性干电极装配,C41,脑电电极采集装置
柔性复合电极制备,C2,柔性电极采集装置
阵列式脑电探针,C26,神经刺激电极装置
脑电控制外部设备,C28,脑波交互反馈系统
脑电刺激显示控制,C29,深部脑刺激调控
神经图像分类识别,C10,神经信息分析诊断
心理生理人才评估,C15,心理生理反馈调节
干电极脑电检测,C41,脑电电极采集装置
颅外电极定位调节,C9,经颅聚焦刺激装置
认知任务脑电评估,C32,脑电信号评估分析
可拆卸脑电电极装置,C41,脑电电极采集装置
脑电频带情感分析,C0,脑电情绪识别分析
感觉刺激脑电标记,C29,深部脑刺激调控
脑电信号人识别,C3,脑电状态检测评估
脑电诊断治疗系统,C14,脑电信号采集处理
感觉刺激注意力评估,C29,深部脑刺激调控
神经反应诊断分析,C3,脑电状态检测评估
情绪脑成像关联评估,C27,认知意识神经评估
柔性网状脑电极,C2,柔性电极采集装置
诱发响应电位检测,C4,神经刺激调控系统
干电极接触结构,C2,柔性电极采集装置
脑电信号采集放大,C14,脑电信号采集处理
脑电范式分类识别,C44,脑电频率识别分析
半湿式脑电电极,C41,脑电电极采集装置
生物反馈感官刺激调节,C4,神经刺激调控系统
脑电三维图状态评估,C3,脑电状态检测评估
视觉诱发电位识别评估,C16,事件相关电位检测
认知任务神经监测,C27,认知意识神经评估
便携式脑电系统,C14,脑电信号采集处理
脑电信号降噪处理,C42,脑电听觉调控降噪
脑电情绪识别算法,C0,脑电情绪识别分析
头皮电极阵列设计,C6,电极阵列植入制造
干电极阻抗监测调整,C2,柔性电极采集装置
神经血管数据功能映射,C10,神经信息分析诊断
脑电信号深度学习分类,C25,脑电信号模式识别
多通道睡眠监测采集,C11,睡眠脑电调控增强
神经反馈学习表现监测,C17,神经反馈刺激分析
便携脑电连续监测,C14,脑电信号采集处理
迷走神经刺激信号估计,C37,神经调节刺激控制
神经刺激信号机器学习,C33,神经信号采集解码
脑电频率时间分析,C44,脑电频率识别分析
脑电信号精神状态识别,C25,脑电信号模式识别
干湿混合电极导电膏输运,C2,柔性电极采集装置
脑刺激方案优化识别,C29,深部脑刺激调控
脑电能量头盔显示,C34,脑电图像生成与映射
旋转球体导电凝胶电极,C2,柔性电极采集装置
警觉水平实时监测算法,C12,视觉脑电解码评估
前额EOG运动估计,C12,视觉脑电解码评估
神经反馈刺激材料优化,C17,神经反馈刺激分析
多模态情感认知响应分类,C13,多模态神经交互评估
视觉刺激目标识别,C7,视觉刺激脑电分析
脑电感觉能力评估,C32,脑电信号评估分析
神经信号对象关联,C33,神经信号采集解码
神经信号对象关联校准,C33,神经信号采集解码
脑电响应模型估计,C3,脑电状态检测评估
脑电认知能力评估,C32,脑电信号评估分析
多模态信号神经反馈调节,C13,多模态神经交互评估
脑电稳态响应刺激评估,C7,视觉刺激脑电分析
神经刺激数据特征分析,C8,神经刺激监测装置
视觉刺激神经响应测量,C8,神经刺激监测装置
认知任务神经活动监测,C27,认知意识神经评估
脑活动状态诊断分析,C39,脑活动监测与解码
认知状态贝叶斯评估,C27,认知意识神经评估
脑同步反馈峰值检测,C42,脑电听觉调控降噪
光刺激脑同步反馈,C29,深部脑刺激调控
视觉刺激神经调制测量,C8,神经刺激监测装置
脑电动态分类控制,C0,脑电情绪识别分析
脑机接口信号解码,C19,脑机接口交互控制
异步频率识别融合,C13,多模态神经交互评估
多模态注意力评估,C13,多模态神经交互评估
多模态速度想象范式,C13,多模态神经交互评估
多模态同步采集分析,C13,多模态神经交互评估
时间戳标记生理测量,C12,视觉脑电解码评估
脑电无监督认知负荷评估,C32,脑电信号评估分析
脑电信号定量精神状态评估,C32,脑电信号评估分析
视觉特征脑电对象识别,C25,脑电信号模式识别
听觉刺激脑电测量,C11,睡眠脑电调控增强
脑刺激自适应认知训练,C36,自适应神经刺激调控
脑疾病治疗响应预测模型,C3,脑电状态检测评估
脑电浓度警觉指数分析,C30,脑电神经反馈康复训练
远程神经反馈系统,C17,神经反馈刺激分析
脑机接口自适应解码训练,C19,脑机接口交互控制
情感脑机接口诊断,C13,多模态神经交互评估
脑数据动态分析,C32,脑电信号评估分析
PBM神经反馈刺激,C17,神经反馈刺激分析
脑信号视口预测,C19,脑机接口交互控制
脑机视口预测,C19,脑机接口交互控制
脑电图像评估,C32,脑电信号评估分析
脑机交互意图提取,C22,脑机虚拟交互控制
脑电广告监测,C5,眼动脑电视觉分析
脑电人检测,C3,脑电状态检测评估
脑电信号采集处理装置,C14,脑电信号采集处理
脑电检测头套装置,C14,脑电信号采集处理
脑电伪影去除算法,C0,脑电情绪识别分析
脑控轮椅安全系统,C20,脑控轮椅交互系统
脑控轮椅预警避险,C20,脑控轮椅交互系统
注意力检测算法,C33,神经信号采集解码
脑电分类器检测,C0,脑电情绪识别分析
脑电信号分类识别,C0,脑电情绪识别分析
脑电血氧同步采集,C14,脑电信号采集处理
脑电信号放大电路,C14,脑电信号采集处理
脑电信号全脑分析评估,C32,脑电信号评估分析
多模态脑刺激认知评估,C13,多模态神经交互评估
神经生理反应验证控制,C37,神经调节刺激控制
同步刺激信号处理决策,C18,神经刺激同步递送
脑活动定位相关性分析,C39,脑活动监测与解码
刺激后脑活动预测模型,C7,视觉刺激脑电分析
脑电反馈视频游戏训练,C4,神经刺激调控系统
脑波反馈游戏奖励系统,C28,脑波交互反馈系统
神经数据远程过程处理,C10,神经信息分析诊断
fMRI时段确定,C12,视觉脑电解码评估
EEG信号同步装置,C21,多模态脑电融合分析
诱发电位识别,C4,神经刺激调控系统
EEG同步记录,C21,多模态脑电融合分析
EEG信号调解同步,C21,多模态脑电融合分析
事件相关电位评估,C16,事件相关电位检测
注意力评估方法,C11,睡眠脑电调控增强
刺激锁定EEG检测,C4,神经刺激调控系统
EEG刺激同步传输,C21,多模态脑电融合分析
观众神经反应测量,C17,神经反馈刺激分析
神经数据同步采集,C10,神经信息分析诊断
虚拟现实营销评估,C40,脑电虚拟现实交互
观众反应数据采集,C17,神经反馈刺激分析
刺激习惯化分析,C7,视觉刺激脑电分析
虚拟消费推荐策略,C15,心理生理反馈调节
干式EEG电极结构,C2,柔性电极采集装置
脑电虚拟交互控制,C22,脑机虚拟交互控制
刺激生物反应验证,C4,神经刺激调控系统
神经显著位置识别,C10,神经信息分析诊断
刺激反应生物信号分析,C8,神经刺激监测装置
刺激响应认知情感分类,C4,神经刺激调控系统
神经信号关注关联校准,C33,神经信号采集解码
干式脑电电极结构,C2,柔性电极采集装置
柔性网状脑电电极,C2,柔性电极采集装置
刷状EEG电极装置,C4,神经刺激调控系统
购买前后神经反应评估,C17,神经反馈刺激分析
神经反馈虚拟对象映射,C17,神经反馈刺激分析
生理数据场景适配控制,C15,心理生理反馈调节
生理数据多感官适配,C15,心理生理反馈调节
多感官状态适配控制,C29,深部脑刺激调控
生物信号VR内容调节,C23,生物信号虚拟交互
电活动模拟环境调控,C18,神经刺激同步递送
生物信号VR状态响应,C23,生物信号虚拟交互
生物信号VR参数修改,C23,生物信号虚拟交互
神经解码感知反馈刺激,C8,神经刺激监测装置
脑电波VR场景调整,C28,脑波交互反馈系统
脑电神经反馈虚拟环境调节,C30,脑电神经反馈康复训练
脑电训练虚拟现实调节,C40,脑电虚拟现实交互
视觉诱发电位眼动测量,C16,事件相关电位检测
脑电增强现实对象控制,C11,睡眠脑电调控增强
脑电增强现实对象操纵,C11,睡眠脑电调控增强
神经活动语言映射分析,C33,神经信号采集解码
生理反馈VR神经训练,C30,脑电神经反馈康复训练
视觉刺激神经响应关联,C8,神经刺激监测装置
神经信号视觉注意追踪,C7,视觉刺激脑电分析
事件相关电位刺激分析,C16,事件相关电位检测
脑电认知性能测试,C3,脑电状态检测评估
多模式脑活动监测,C39,脑活动监测与解码
神经反馈训练范式,C17,神经反馈刺激分析
多模态心理生理监测,C10,神经信息分析诊断
脑电与fMRI同步采集,C14,脑电信号采集处理
视觉刺激脑电转换,C7,视觉刺激脑电分析
脑电频率数据分析,C44,脑电频率识别分析
自适应脑机接口校准,C33,神经信号采集解码
认知响应电活动追踪,C27,认知意识神经评估
神经活动监测分析,C33,神经信号采集解码
多模态脑波信号处理,C13,多模态神经交互评估
脑电三维图分析,C3,脑电状态检测评估
事件相关电位刺激调整,C16,事件相关电位检测
脑波状态内容推荐,C5,眼动脑电视觉分析
脑机接口虚拟交互解码,C19,脑机接口交互控制
脑机接口虚拟对象调制,C19,脑机接口交互控制
脑电情绪反应监测,C32,脑电信号评估分析
脑电生物反馈环境修改,C28,脑波交互反馈系统
脑电操纵虚拟环境,C28,脑波交互反馈系统
脑电监测增强现实交互,C14,脑电信号采集处理
脑电数据虚拟对象控制,C28,脑波交互反馈系统
脑机接口虚拟对象调节,C19,脑机接口交互控制
生物信号VR内容调整,C23,生物信号虚拟交互
深度学习脑电认知调节,C33,神经信号采集解码
脑电预测癫痫发作,C43,癫痫监测预测干预
神经响应癫痫风险预测,C10,神经信息分析诊断
脑活动游戏交互,C39,脑活动监测与解码
触觉神经信号反馈,C33,神经信号采集解码
VR生物信号参数调整,C23,生物信号虚拟交互
感官电信号脑机刺激,C29,深部脑刺激调控
感官电信号情绪识别,C29,深部脑刺激调控
脑状态产品配方定制,C39,脑活动监测与解码
干电极接触调节,C2,柔性电极采集装置
电极锚定电解液设计,C2,柔性电极采集装置
弹性电极定位系统,C41,脑电电极采集装置
脑电信号诊断分析,C32,脑电信号评估分析
实时脑电活动呈现,C40,脑电虚拟现实交互
脑电信号刺激识别,C25,脑电信号模式识别
脑电电极自适应调节,C11,睡眠脑电调控增强
认知状态界面模板,C27,认知意识神经评估
生物反馈学习优化,C30,脑电神经反馈康复训练
虚拟现实脑活动干预,C40,脑电虚拟现实交互
脑活动意图反馈,C39,脑活动监测与解码
干电极接触调节装置,C2,柔性电极采集装置
SSVEP相位评估方法,C12,视觉脑电解码评估
脑机接口信号处理,C19,脑机接口交互控制
生物数据偏好分析,C15,心理生理反馈调节
EEG信号集成同步,C21,多模态脑电融合分析
神经接口触觉交互,C31,植入式神经接口系统
生成式脑电图像生成,C34,脑电图像生成与映射
视觉刺激情绪评估,C27,认知意识神经评估
EEG三维地图比较,C21,多模态脑电融合分析
语义处理脑电评估,C32,脑电信号评估分析
多通道ERP脑电分析,C38,事件相关电位分析
脑波事件识别监测,C28,脑波交互反馈系统
感官电信号转换输出,C29,深部脑刺激调控
神经响应视觉刺激校准,C17,神经反馈刺激分析
神经响应对象关联调制,C33,神经信号采集解码
非侵入脑刺激方案,C8,神经刺激监测装置
注意力脑电频带分析,C11,睡眠脑电调控增强
产品配方神经评估,C27,认知意识神经评估
脑活动评估比较,C39,脑活动监测与解码
入耳式脑电电极,C41,脑电电极采集装置
脑电电极稳定设计,C41,脑电电极采集装置
脑电信号无线传输,C14,脑电信号采集处理
弹性头带脑电采集,C41,脑电电极采集装置
脑电电极阻抗检测,C2,柔性电极采集装置
弹性接头脑电极,C41,脑电电极采集装置
视觉刺激神经响应,C8,神经刺激监测装置
虚拟现实脑电交互,C40,脑电虚拟现实交互
神经接口触觉反馈,C31,植入式神经接口系统
无线脑电实时监测,C33,神经信号采集解码
生物反馈VR训练适配,C30,脑电神经反馈康复训练
电解质电极信号采集,C2,柔性电极采集装置
柔性EEG帽结构,C2,柔性电极采集装置
EEG信号存储处理,C21,多模态脑电融合分析
脑电信号测量控制,C3,脑电状态检测评估
脑电兴奋抑制评估,C42,脑电听觉调控降噪
视觉刺激神经响应校准,C8,神经刺激监测装置
脑活动解码重建,C39,脑活动监测与解码
脑电评估一致性分析,C0,脑电情绪识别分析
神经信号估计训练,C33,神经信号采集解码
脑电比较神经反馈,C30,脑电神经反馈康复训练
耳脑电语音想象识别,C34,脑电图像生成与映射
慢波同步声刺激,C11,睡眠脑电调控增强
实时EEG心理状态转换,C21,多模态脑电融合分析
EEG实时选项选择,C21,多模态脑电融合分析
入耳式脑电数据传输,C41,脑电电极采集装置
tACS干扰自适应消除,C36,自适应神经刺激调控
EEG-fNIRS融合脑活动分类,C21,多模态脑电融合分析
PBM夹带脑电刺激,C17,神经反馈刺激分析
ABM治疗神经反馈监测,C17,神经反馈刺激分析
个性化ABM治疗监测,C4,神经刺激调控系统
ABM治疗神经反馈优化,C17,神经反馈刺激分析
生理信号分类分析,C33,神经信号采集解码
想象运动脑机接口训练,C19,脑机接口交互控制
虚拟现实渴求评估,C40,脑电虚拟现实交互
虚拟现实执行控制监测,C40,脑电虚拟现实交互
脑波同步运动模拟控制,C28,脑波交互反馈系统
神经刺激反馈装置,C17,神经反馈刺激分析
无线EEG监测系统,C33,神经信号采集解码
脑电响应助听器,C42,脑电听觉调控降噪
生物信号助听控制,C23,生物信号虚拟交互
VR脑活动刺激反馈,C28,脑波交互反馈系统
脑电音乐反馈系统,C17,神经反馈刺激分析
视觉诱发电位监测,C16,事件相关电位检测
双频脑电刺激评估,C9,经颅聚焦刺激装置
EEG同步回放处理,C21,多模态脑电融合分析
脑电虚拟现实康复训练,C40,脑电虚拟现实交互
脑电虚拟现实情绪评估,C40,脑电虚拟现实交互
脑电虚拟现实交互系统,C22,脑机虚拟交互控制
认知训练电刺激评估,C8,神经刺激监测装置
认知训练信号处理,C8,神经刺激监测装置
运动想象脑机接口装置,C1,脑电特征提取分类
头戴式脑电测量装置,C2,柔性电极采集装置
脑电预测头部运动传输,C1,脑电特征提取分类
神经反馈康复训练,C30,脑电神经反馈康复训练
脑电注意力评估,C11,睡眠脑电调控增强
虚拟现实眩晕检测,C40,脑电虚拟现实交互
脑电眩晕状态识别,C14,脑电信号采集处理
脑电交互虚拟现实,C14,脑电信号采集处理
多模态脑电交互,C13,多模态神经交互评估
脑电视频效果评估,C17,神经反馈刺激分析
脑电负荷检测模型,C3,脑电状态检测评估
脑电培训状态监测,C3,脑电状态检测评估
脑电智能培训纠错,C30,脑电神经反馈康复训练
多通道自适应脑机交互,C22,脑机虚拟交互控制
脑电波识别交互头盔,C34,脑电图像生成与映射
脑控VR游戏交互系统,C19,脑机接口交互控制
生物信号虚拟化身控制,C23,生物信号虚拟交互
脑电VR融合交互系统,C30,脑电神经反馈康复训练
多生物电信号交互设备,C23,生物信号虚拟交互
全息多模态交互系统,C13,多模态神经交互评估
全息多模态交互显示,C13,多模态神经交互评估
VR内容癫痫风险预测,C43,癫痫监测预测干预
VR生物信号界面材料,C23,生物信号虚拟交互
脑波VR交互反馈系统,C28,脑波交互反馈系统
脑机接口VR仿真装置,C19,脑机接口交互控制
生物信息VR内容输出,C23,生物信号虚拟交互
VR购物脑控交互方法,C22,脑机虚拟交互控制
干电极脑控VR交互,C22,脑机虚拟交互控制
幻肢VR康复运动识别,C4,神经刺激调控系统
幻肢VR运动模式选择,C4,神经刺激调控系统
脑对称性运动参数分析,C32,脑电信号评估分析
脑电波视野防晕调节,C28,脑波交互反馈系统
脑电眼球情绪识别,C0,脑电情绪识别分析
脑电行为意图交互,C22,脑机虚拟交互控制
无线脑电采集装置,C33,神经信号采集解码
眼动脑电控制交互,C34,脑电图像生成与映射
压力评测虚拟现实,C40,脑电虚拟现实交互
脑机接口模式识别,C19,脑机接口交互控制
脑网络康复训练控制,C14,脑电信号采集处理
脑电多参数注意力训练,C11,睡眠脑电调控增强
运动想象神经反馈训练,C30,脑电神经反馈康复训练
脑机接口虚拟手控制,C19,脑机接口交互控制
脑电信号噪声消除,C42,脑电听觉调控降噪
多模态情绪识别分析,C13,多模态神经交互评估
脑电多参数测训系统,C11,睡眠脑电调控增强
脑电眼动诊断任务调整,C5,眼动脑电视觉分析
脑电眼动认知筛查,C5,眼动脑电视觉分析
脑波手势交互内容推荐,C5,眼动脑电视觉分析
脑机接口晕动调节,C11,睡眠脑电调控增强
脑波关联电刺激诱导,C28,脑波交互反馈系统
刺激阈值响应分析,C4,神经刺激调控系统
神经响应同步采集,C17,神经反馈刺激分析
干电极脑电帽,C2,柔性电极采集装置
神经刺激共振评估,C8,神经刺激监测装置
脑电电极隔离结构,C41,脑电电极采集装置
神经响应运动跟踪,C17,神经反馈刺激分析
认知负荷脑电分析,C3,脑电状态检测评估
视觉注意力脑电跟踪,C7,视觉刺激脑电分析
刺激锁定EEG诱发检测,C4,神经刺激调控系统
脑电波耳机控制,C28,脑波交互反馈系统
刺激同步信号处理,C4,神经刺激调控系统
监督学习认知任务,C27,认知意识神经评估
EEG辅助fMRI采集,C21,多模态脑电融合分析
脑电控制虚拟现实,C28,脑波交互反馈系统
脑成像运动模式选择,C34,脑电图像生成与映射
生物信号疲劳预测,C12,视觉脑电解码评估
脑成像幻肢康复,C34,脑电图像生成与映射
运动想象脑机接口,C1,脑电特征提取分类
脑电波晕动症缓解,C14,脑电信号采集处理
神经响应评估方法,C17,神经反馈刺激分析
fMRI动作关联分析,C12,视觉脑电解码评估
认知功能评估系统,C32,脑电信号评估分析
慢振荡刺激触发,C11,睡眠脑电调控增强
脑成像数据解码,C34,脑电图像生成与映射
听性脑干反应检测,C3,脑电状态检测评估
失神癫痫监测干预,C26,神经刺激电极装置
神经反馈注意力调节,C17,神经反馈刺激分析
EEG-fMRI同步采集,C21,多模态脑电融合分析
脑-计算机接口系统,C14,脑电信号采集处理
视觉诱发生物电测量,C16,事件相关电位检测
耳塞式EEG监测,C1,脑电特征提取分类
脑电控制智能耳机,C28,脑波交互反馈系统
语言处理脑电评估,C32,脑电信号评估分析
可伸缩探针脑电采集,C41,脑电电极采集装置
增强现实脑电刺激,C19,脑机接口交互控制
fMRI视觉解码算法,C12,视觉脑电解码评估
脑电信号运动辅助,C22,脑机虚拟交互控制
EEG反馈回放控制,C21,多模态脑电融合分析
无线脑电监测刺激,C33,神经信号采集解码
声音刺激幻听检测,C4,神经刺激调控系统
视觉刺激脑电反馈,C7,视觉刺激脑电分析
脑电电极电磁屏蔽,C41,脑电电极采集装置
多终端同步无线传输,C14,脑电信号采集处理
广告注意EEG评估,C21,多模态脑电融合分析
EEG诊断内容同步,C21,多模态脑电融合分析
广告SSVEP评估,C12,视觉脑电解码评估
触觉刺激同步呈现,C18,神经刺激同步递送
感知康复电刺激传输,C4,神经刺激调控系统
神经接口信息安全保护,C31,植入式神经接口系统
认知状态概率评估,C27,认知意识神经评估
睡眠感觉刺激认知调控,C11,睡眠脑电调控增强
脑电数据输出生成,C14,脑电信号采集处理
脑电字符匹配交互,C22,脑机虚拟交互控制
认知负荷脑电分类,C3,脑电状态检测评估
认知障碍预测模型,C3,脑电状态检测评估
全脑磁信号实时处理,C34,脑电图像生成与映射
全脑磁信号神经反馈,C34,脑电图像生成与映射
多人协作神经反馈训练,C30,脑电神经反馈康复训练
脑电视觉解码模型,C0,脑电情绪识别分析
微表情生理数据关联,C15,心理生理反馈调节
认知训练刺激适配,C8,神经刺激监测装置
飞行员个性化评估,C7,视觉刺激脑电分析
混合脑机接口控制,C19,脑机接口交互控制
事件相关电位注意检测,C16,事件相关电位检测
脑电近红外同步采集,C14,脑电信号采集处理
视觉认知能力评估,C27,认知意识神经评估
超声神经调节系统,C37,神经调节刺激控制
个性化超声神经调节,C37,神经调节刺激控制
运动想象脑机接口范式,C1,脑电特征提取分类
EEG解码Transformer网络,C21,多模态脑电融合分析
EEG信号同步分析,C21,多模态脑电融合分析
脑电信号同步监测,C14,脑电信号采集处理
驾驶疲劳脑电检测,C12,视觉脑电解码评估
脑电单音节语音评估,C32,脑电信号评估分析
脑电不适阈值估计,C42,脑电听觉调控降噪
脑电时空特征分类,C0,脑电情绪识别分析
驾驶注意力脑电评估,C12,视觉脑电解码评估
语音清晰度ERP评估,C38,事件相关电位分析
听觉ERP测量抑制,C38,事件相关电位分析
语音理解ERP检测,C38,事件相关电位分析
驾驶注意力阈值判断,C7,视觉刺激脑电分析
助听器不舒适阈值估计,C42,脑电听觉调控降噪
驾驶注意量ERP判断,C7,视觉刺激脑电分析
事件相关电位句子输入,C16,事件相关电位检测
事件相关电位操作控制,C16,事件相关电位检测
脑电信号语音清晰度评估,C28,脑波交互反馈系统
脑活动精神状态调节,C39,脑活动监测与解码
语音听觉ERP评估,C38,事件相关电位分析
脑电信号分类网络,C0,脑电情绪识别分析
脑电反馈播放控制,C28,脑波交互反馈系统
单音节ERP烦恼检测,C38,事件相关电位分析
脑电焦虑预测模型,C3,脑电状态检测评估
脑电抑郁预测模型,C3,脑电状态检测评估
视觉ERP脑波接口,C25,脑电信号模式识别
ERP图片语义检索,C38,事件相关电位分析
脑电抑郁风险识别,C3,脑电状态检测评估
语音清晰度ERP评价,C38,事件相关电位分析
事件相关电位采集,C16,事件相关电位检测
神经信号意图解码,C33,神经信号采集解码
多模态晕动症预警,C11,睡眠脑电调控增强
脑刺激成瘾康复,C29,深部脑刺激调控
脑电信号压力检测,C3,脑电状态检测评估
音频诱导脑电同步,C25,脑电信号模式识别
跨用户脑电特征对齐,C14,脑电信号采集处理
脑电意志输入治疗控制,C11,睡眠脑电调控增强
脑磁图同步指数分类,C0,脑电情绪识别分析
脑电信号同步采集系统,C14,脑电信号采集处理
EEG同步TMS治疗,C21,多模态脑电融合分析
脑电同步采集装置,C14,脑电信号采集处理
运动想象康复系统,C30,脑电神经反馈康复训练
EEG-fMRI去噪,C21,多模态脑电融合分析
握力EEG数据分析,C21,多模态脑电融合分析
EEG特征分类算法,C21,多模态脑电融合分析
同步信号采集系统,C21,多模态脑电融合分析
脊柱侧弯康复系统,C30,脑电神经反馈康复训练
神经响应监测方法,C17,神经反馈刺激分析
脑电信号感官评价,C32,脑电信号评估分析
数字孪生脑电仿真,C34,脑电图像生成与映射
脑电单事件检测,C3,脑电状态检测评估
视觉刺激注意力跟踪,C7,视觉刺激脑电分析
神经信号关联校正,C33,神经信号采集解码
视觉刺激神经测量,C8,神经刺激监测装置
脑电特征调制解码,C1,脑电特征提取分类
电极定位固定装置,C2,柔性电极采集装置
可调脑电电极装置,C41,脑电电极采集装置
视觉刺激脑信号分析,C7,视觉刺激脑电分析
动物脑电电极装置,C41,脑电电极采集装置
脑电波分析评估,C34,脑电图像生成与映射
自闭症多模态评估,C13,多模态神经交互评估
脑电图像兴趣评估,C32,脑电信号评估分析
神经反馈刺激治疗,C17,神经反馈刺激分析
神经回路动态建模,C10,神经信息分析诊断
多模态情绪评估平台,C13,多模态神经交互评估
脑电用户画像测评,C32,脑电信号评估分析
神经信号图像分类,C10,神经信息分析诊断
脑波刺激响应分析,C29,深部脑刺激调控
情境脑电波生成,C28,脑波交互反馈系统
脑电治疗参数生成,C29,深部脑刺激调控
图像质量评价模型,C12,视觉脑电解码评估
弹性电极定位装置,C41,脑电电极采集装置
电极定位系统,C2,柔性电极采集装置
电极阵列脑电记录,C2,柔性电极采集装置
脑电信号特征分析,C25,脑电信号模式识别
脑机接口信号采集,C19,脑机接口交互控制
干电极接触检测,C2,柔性电极采集装置
多模态警觉性监测,C13,多模态神经交互评估
认知状态媒体响应,C27,认知意识神经评估
脑电精神障碍诊断,C32,脑电信号评估分析
脑电运动分类训练,C1,脑电特征提取分类
神经通路刺激调节,C37,神经调节刺激控制
精神图像神经反馈,C21,多模态脑电融合分析
诱发电位统计分析,C16,事件相关电位检测
脑电诱发电位分析,C16,事件相关电位检测
P300刺激序列选择,C35,神经刺激参数优化
助眠音频温感反馈,C17,神经反馈刺激分析
生物信号感官刺激护理,C4,神经刺激调控系统
脑电实验数据管理,C14,脑电信号采集处理
中医经颅刺激诊疗,C37,神经调节刺激控制
脑电信号智能诊断分析,C32,脑电信号评估分析
脑电频谱分段分析,C0,脑电情绪识别分析
脑电事件相关电位分析,C38,事件相关电位分析
神经生物反馈康复,C30,脑电神经反馈康复训练
神经反馈运动康复,C30,脑电神经反馈康复训练
多模态脑机融合学习,C19,脑机接口交互控制
脑波情绪评估干预,C39,脑活动监测与解码
脑刺激自适应调控,C36,自适应神经刺激调控
脑电特征可视化报告,C1,脑电特征提取分类
脑电个性化推荐,C0,脑电情绪识别分析
生成式脑机交互界面,C22,脑机虚拟交互控制
脑电语音指令识别,C0,脑电情绪识别分析
脑机接口安全监测,C11,睡眠脑电调控增强
脑电信号检索方法,C11,睡眠脑电调控增强
脑电云端监测平台,C14,脑电信号采集处理
脑电特征服务响应,C1,脑电特征提取分类
药物脑电效应检测,C3,脑电状态检测评估
EEG伪迹去除方法,C21,多模态脑电融合分析
脑电活动脉冲分析,C32,脑电信号评估分析
个性化脑电模式识别,C25,脑电信号模式识别
脑电频谱用户认证,C14,脑电信号采集处理
脑电认知负荷监测,C3,脑电状态检测评估
脑机接口多模块管理,C19,脑机接口交互控制
经颅电刺激频率优化,C9,经颅聚焦刺激装置
多模态康复方案调整,C13,多模态神经交互评估
VR脑电闭环调控系统,C28,脑波交互反馈系统
脑电伪迹自适应消除,C0,脑电情绪识别分析
认知事件有效性查询,C27,认知意识神经评估
脑电信号处理控制,C14,脑电信号采集处理
P300脑电测量刺激,C35,神经刺激参数优化
癫痫发作分段警报,C43,癫痫监测预测干预
癫痫发作分段检测,C43,癫痫监测预测干预
儿童脑磁采集诊断,C34,脑电图像生成与映射
脑电特征方差分析,C1,脑电特征提取分类
脑电报告模板生成,C34,脑电图像生成与映射
认知负荷测谎ERP范式,C3,脑电状态检测评估
CFF视觉刺激信号处理,C35,神经刺激参数优化
CFF动态刺激参数调整,C35,神经刺激参数优化
神经刺激脑电波治疗,C8,神经刺激监测装置
多模态认知事件评估,C13,多模态神经交互评估
脑电音乐映射分析,C17,神经反馈刺激分析
立体定向脑电可视化分析,C0,脑电情绪识别分析
立体定向脑电时频分析,C0,脑电情绪识别分析
脑刺激域选择EEG分析,C29,深部脑刺激调控
运动康复脑电反馈系统,C30,脑电神经反馈康复训练
意识障碍脑电诊断,C27,认知意识神经评估
脑电信号判别分析,C14,脑电信号采集处理
视觉刺激BCI系统,C25,脑电信号模式识别
脑电情绪决策分析,C32,脑电信号评估分析
脑电眼动决策推荐,C5,眼动脑电视觉分析
脑电眼动联合决策,C5,眼动脑电视觉分析
P300脑电知识检测,C35,神经刺激参数优化
精神状态脑电评估,C3,脑电状态检测评估
摩尔斯电码脑电评估,C3,脑电状态检测评估
意识障碍脑电诊断设备,C27,认知意识神经评估
脑机情绪识别安抚,C24,闭环神经调控系统
脑电信号无线分析,C14,脑电信号采集处理
植入电极癫痫刺激,C26,神经刺激电极装置
脑电刺激癫痫调控,C35,神经刺激参数优化
脑电VR康复训练,C30,脑电神经反馈康复训练
VR脑电康复评估,C22,脑机虚拟交互控制
脑电心电功能监测,C3,脑电状态检测评估
情绪ERP脑网络分析,C0,脑电情绪识别分析
脑电判别分析辅助,C0,脑电情绪识别分析
视觉刺激脑电诊断,C7,视觉刺激脑电分析
脑指纹预测模型构建,C11,睡眠脑电调控增强
多模态神经刺激干预,C13,多模态神经交互评估
麻醉状态监测分析,C3,脑电状态检测评估
梦境情感特征识别,C12,视觉脑电解码评估
联邦学习康复评估,C30,脑电神经反馈康复训练
飞行训练动态评估,C7,视觉刺激脑电分析
刺激材料有效性分析,C7,视觉刺激脑电分析
神经响应共振分析,C17,神经反馈刺激分析
神经反应刺激评估,C17,神经反馈刺激分析
脑电-磁共振联合分析,C39,脑活动监测与解码
情绪调节脑电训练,C0,脑电情绪识别分析
认知功能评估测试,C32,脑电信号评估分析
头皮电极定位装置,C2,柔性电极采集装置
事件相关电位聚焦检测,C16,事件相关电位检测
脑电自动编码分析,C14,脑电信号采集处理
精神图像神经反馈训练,C21,多模态脑电融合分析
认知状态内容递送,C27,认知意识神经评估
脑电生物事件预测,C3,脑电状态检测评估
注意引导刺激呈现,C11,睡眠脑电调控增强
皮肤接触电极固定,C2,柔性电极采集装置
视觉注意力神经反馈,C7,视觉刺激脑电分析
神经活动高维映射,C10,神经信息分析诊断
刺激认知响应监测,C4,神经刺激调控系统
神经反应临床诊断,C3,脑电状态检测评估
视觉刺激特征调制,C7,视觉刺激脑电分析
神经响应意图区分,C33,神经信号采集解码
情绪反应脑电分析,C0,脑电情绪识别分析
脑电信号分类与采集,C14,脑电信号采集处理
视觉刺激注视追踪,C7,视觉刺激脑电分析
脑电特征提取与反馈,C1,脑电特征提取分类
增强现实刺激变换,C19,脑机接口交互控制
脑电图帽结构,C34,脑电图像生成与映射
睡眠脑电监测,C11,睡眠脑电调控增强
脑电磁共振同步分析,C0,脑电情绪识别分析
神经认知衰退预测,C17,神经反馈刺激分析
媒体图像情绪脑电分析,C0,脑电情绪识别分析
视觉刺激脑机接口识别,C29,深部脑刺激调控
脑波媒体文件索引播放,C28,脑波交互反馈系统
神经反应产品评估,C17,神经反馈刺激分析
脑电情绪消费评估,C32,脑电信号评估分析
认知任务脑电检测,C32,脑电信号评估分析
视觉刺激神经焦点检测,C8,神经刺激监测装置
神经生理信号特征分析,C33,神经信号采集解码
脑电状态信息递送,C3,脑电状态检测评估
单通道脑电情感识别,C0,脑电情绪识别分析
时空注意力特征提取,C21,多模态脑电融合分析
事件相关电位共振测量,C16,事件相关电位检测
脑电图像生成模型,C34,脑电图像生成与映射
脑电低血糖预警,C11,睡眠脑电调控增强
脑电信号远程压缩,C14,脑电信号采集处理
脑电凝视偏好分析,C0,脑电情绪识别分析
脑磁图响应分析,C42,脑电听觉调控降噪
生物电流模式识别,C13,多模态神经交互评估
个性化脑卒中检测,C25,脑电信号模式识别
脑电电极自动定位,C2,柔性电极采集装置
疲劳脑电通道选择,C2,柔性电极采集装置
微状态脑功能网络,C3,脑电状态检测评估
微状态脑网络构建,C3,脑电状态检测评估
肌电眼电混合输入,C4,神经刺激调控系统
脑电通道优化算法,C14,脑电信号采集处理
眨眼检测避碰控制,C20,脑控轮椅交互系统
脑电信号频带处理,C3,脑电状态检测评估
脑电注意力估计,C11,睡眠脑电调控增强
脑电信号预处理识别,C42,脑电听觉调控降噪
脑电深层激活分析,C0,脑电情绪识别分析
脑电数据增强生成,C14,脑电信号采集处理
脑电动作意图预测,C0,脑电情绪识别分析
脑电波模式重训练,C30,脑电神经反馈康复训练
脑电语音分类处理,C0,脑电情绪识别分析
脑电接口位置估计,C5,眼动脑电视觉分析
动作意图预测方法,C12,视觉脑电解码评估
眼动脑电联合识别,C5,眼动脑电视觉分析
脑电频谱意图识别,C44,脑电频率识别分析
脑电语音倒谱匹配,C0,脑电情绪识别分析
肌电眼电混合按键,C4,神经刺激调控系统
脑电频谱意图控制,C44,脑电频率识别分析
脑电控制指令关联,C28,脑波交互反馈系统
脑电状态分类方法,C3,脑电状态检测评估
脑电识别自适应调节,C11,睡眠脑电调控增强
脑电特征提取算法,C1,脑电特征提取分类
疲劳驾驶脑电识别,C12,视觉脑电解码评估
深层脑电特征识别,C33,神经信号采集解码
脑电信号选项选择,C22,脑机虚拟交互控制
脑电接口动作选择,C28,脑波交互反馈系统
眼动脑电神经网络,C5,眼动脑电视觉分析
脑电声源关注识别,C42,脑电听觉调控降噪
微电极脑电测量,C41,脑电电极采集装置
TMS伪影去除,C4,神经刺激调控系统
声源定位EEG电极选择,C42,脑电听觉调控降噪
脑电信号融合分类处理,C25,脑电信号模式识别
脑电注意力估计方法,C11,睡眠脑电调控增强
边缘区域激活脑电分析,C0,脑电情绪识别分析
脑电状态分类特征优化,C3,脑电状态检测评估
脑电信号频段分类识别,C25,脑电信号模式识别
脑电用户自动识别,C2,柔性电极采集装置
情绪识别脑电通道选择,C40,脑电虚拟现实交互
诱发电位自动测量,C16,事件相关电位检测
脑电信号分类模型,C0,脑电情绪识别分析
癫痫发作预测检测,C43,癫痫监测预测干预
神经测试传感器定位,C6,电极阵列植入制造
癫痫发作监测装置,C43,癫痫监测预测干预
多感觉联觉EEG分析,C13,多模态神经交互评估
运动想象分类方法,C1,脑电特征提取分类
声源关注识别,C42,脑电听觉调控降噪
脑电活动模式分类,C32,脑电信号评估分析
脑电信号伪迹去除,C0,脑电情绪识别分析
癫痫发作三维建模,C34,脑电图像生成与映射
脑电对称性分析,C0,脑电情绪识别分析
时空卷积脑电解码,C21,多模态脑电融合分析
脑电频谱控制设备,C28,脑波交互反馈系统
脑电波形自动分析,C0,脑电情绪识别分析
脑电声源选择助听,C42,脑电听觉调控降噪
